Warning: Found unknown `invariant_depth` config for profile `default` defined in foundry.toml.
Warning: Found unknown `invariant_fail_on_revert` config for profile `default` defined in foundry.toml.
Warning: Found unknown `invariant_runs` config for profile `default` defined in foundry.toml.
Warning: Found unknown `invariant_runs` config for profile `invariant` defined in foundry.toml.
Warning: optimizer settings and `viaIR` have been disabled for accurate coverage reports.
If you encounter "stack too deep" errors, consider using `--ir-minimum` which enables `viaIR` with minimum optimization resolving most of the errors
Compiling 261 files with Solc 0.8.26
Solc 0.8.26 finished in 92.22s
Compiler run successful with warnings:
Warning (5667): Unused function parameter. Remove or comment out the variable name to silence this warning.
    --> src/SpendSaveStorage.sol:1162:79:
     |
1162 |     function setSwapContextWithTick(address user, SwapContext memory context, int24 currentTick) external onlyModule {
     |                                                                               ^^^^^^^^^^^^^^^^^

Warning (5667): Unused function parameter. Remove or comment out the variable name to silence this warning.
   --> src/DCA.sol:221:59:
    |
221 |     function enableDCA(address user, address targetToken, uint256 minAmount, uint256 maxSlippage)
    |                                                           ^^^^^^^^^^^^^^^^^

Warning (5667): Unused function parameter. Remove or comment out the variable name to silence this warning.
   --> src/DCA.sol:258:9:
    |
258 |         address targetToken
    |         ^^^^^^^^^^^^^^^^^^^

Warning (5667): Unused function parameter. Remove or comment out the variable name to silence this warning.
   --> src/DCA.sol:665:73:
    |
665 |     function calculateOptimalDCAAmount(address user, address fromToken, address toToken, uint256 availableAmount)
    |                                                                         ^^^^^^^^^^^^^^^

Warning (2072): Unused local variable.
   --> src/DCA.sol:811:44:
    |
811 |         (uint160 sqrtPriceX96, int24 tick, uint24 protocolFee, uint24 lpFee) =
    |                                            ^^^^^^^^^^^^^^^^^^

Warning (2072): Unused local variable.
   --> src/DCA.sol:811:64:
    |
811 |         (uint160 sqrtPriceX96, int24 tick, uint24 protocolFee, uint24 lpFee) =
    |                                                                ^^^^^^^^^^^^

Warning (2072): Unused local variable.
   --> src/DCA.sol:898:13:
    |
898 |             address fromToken,
    |             ^^^^^^^^^^^^^^^^^

Warning (2072): Unused local variable.
   --> src/DCA.sol:901:13:
    |
901 |             int24 executionTick,
    |             ^^^^^^^^^^^^^^^^^^^

Warning (2072): Unused local variable.
   --> src/DCA.sol:904:13:
    |
904 |             uint256 customSlippageTolerance
    |             ^^^^^^^^^^^^^^^^^^^^^^^^^^^^^^^

Warning (2072): Unused local variable.
   --> src/DCA.sol:908:9:
    |
908 |         SpendSaveStorage.DCAExecution memory dca = SpendSaveStorage.DCAExecution({
    |         ^^^^^^^^^^^^^^^^^^^^^^^^^^^^^^^^^^^^^^^^

Warning (2072): Unused local variable.
   --> src/DCA.sol:949:13:
    |
949 |             uint256 amount,
    |             ^^^^^^^^^^^^^^

Warning (5667): Unused function parameter. Remove or comment out the variable name to silence this warning.
    --> src/DCA.sol:1075:9:
     |
1075 |         address fromToken,
     |         ^^^^^^^^^^^^^^^^^

Warning (5667): Unused function parameter. Remove or comment out the variable name to silence this warning.
    --> src/DCA.sol:1078:9:
     |
1078 |         uint256 receivedAmount,
     |         ^^^^^^^^^^^^^^^^^^^^^^

Warning (5667): Unused function parameter. Remove or comment out the variable name to silence this warning.
    --> src/DCA.sol:1303:54:
     |
1303 |     function calculateDCAExecutionTick(address user, PoolKey memory poolKey, int24 currentTick, bool zeroForOne)
     |                                                      ^^^^^^^^^^^^^^^^^^^^^^

Warning (2072): Unused local variable.
    --> src/DCA.sol:1326:13:
     |
1326 |             uint256 amount,
     |             ^^^^^^^^^^^^^^

Warning (2072): Unused local variable.
    --> src/DCA.sol:1330:13:
     |
1330 |             uint256 customSlippageTolerance
     |             ^^^^^^^^^^^^^^^^^^^^^^^^^^^^^^^

Warning (5667): Unused function parameter. Remove or comment out the variable name to silence this warning.
   --> src/SavingStrategy.sol:389:45:
    |
389 |     function beforeSwap(address actualUser, PoolKey calldata key, SwapParams calldata params)
    |                                             ^^^^^^^^^^^^^^^^^^^^

Warning (5667): Unused function parameter. Remove or comment out the variable name to silence this warning.
   --> src/SavingStrategy.sol:389:67:
    |
389 |     function beforeSwap(address actualUser, PoolKey calldata key, SwapParams calldata params)
    |                                                                   ^^^^^^^^^^^^^^^^^^^^^^^^^^

Warning (2072): Unused local variable.
   --> src/SavingStrategy.sol:397:30:
    |
397 |         (uint256 percentage, bool roundUpSavings, uint8 savingsTokenType, bool enableDCA) =
    |                              ^^^^^^^^^^^^^^^^^^^

Warning (2072): Unused local variable.
   --> src/SavingStrategy.sol:397:75:
    |
397 |         (uint256 percentage, bool roundUpSavings, uint8 savingsTokenType, bool enableDCA) =
    |                                                                           ^^^^^^^^^^^^^^

Warning (5667): Unused function parameter. Remove or comment out the variable name to silence this warning.
   --> src/SavingStrategy.sol:580:47:
    |
580 |     function getUserSavingsGoal(address user, address token) external view returns (uint256 goalAmount) {
    |                                               ^^^^^^^^^^^^^

Warning (5667): Unused function parameter. Remove or comment out the variable name to silence this warning.
   --> src/Savings.sol:272:75:
    |
272 |     function _processSavings(address user, address token, uint256 amount, SpendSaveStorage.SwapContext memory context)
    |                                                                           ^^^^^^^^^^^^^^^^^^^^^^^^^^^^^^^^^^^^^^^^^^^

Warning (5667): Unused function parameter. Remove or comment out the variable name to silence this warning.
   --> src/Savings.sol:315:9:
    |
315 |         SpendSaveStorage.PackedUserConfig memory packedConfig
    |         ^^^^^^^^^^^^^^^^^^^^^^^^^^^^^^^^^^^^^^^^^^^^^^^^^^^^^

Warning (5667): Unused function parameter. Remove or comment out the variable name to silence this warning.
   --> src/Savings.sol:755:35:
    |
755 |         returns (uint256 balance, uint256 totalSaved, uint256 lastSaveTime, bool isLocked, uint256 unlockTime)
    |                                   ^^^^^^^^^^^^^^^^^^

Warning (5667): Unused function parameter. Remove or comment out the variable name to silence this warning.
   --> src/Savings.sol:755:55:
    |
755 |         returns (uint256 balance, uint256 totalSaved, uint256 lastSaveTime, bool isLocked, uint256 unlockTime)
    |                                                       ^^^^^^^^^^^^^^^^^^^^

Warning (5667): Unused function parameter. Remove or comment out the variable name to silence this warning.
   --> src/Savings.sol:837:65:
    |
837 |     function _checkGoalAchievement(address user, address token, uint256 newSavings) internal {
    |                                                                 ^^^^^^^^^^^^^^^^^^

Warning (5667): Unused function parameter. Remove or comment out the variable name to silence this warning.
   --> src/SlippageControl.sol:160:9:
    |
160 |         address fromToken,
    |         ^^^^^^^^^^^^^^^^^

Warning (2072): Unused local variable.
   --> src/SpendSaveAnalytics.sol:239:32:
    |
239 |         (uint160 sqrtPriceX96, int24 tick, uint24 protocolFee, uint24 lpFee) = stateView.getSlot0(poolId);
    |                                ^^^^^^^^^^

Warning (2072): Unused local variable.
   --> src/SpendSaveAnalytics.sol:239:44:
    |
239 |         (uint160 sqrtPriceX96, int24 tick, uint24 protocolFee, uint24 lpFee) = stateView.getSlot0(poolId);
    |                                            ^^^^^^^^^^^^^^^^^^

Warning (2072): Unused local variable.
   --> src/SpendSaveAnalytics.sol:239:64:
    |
239 |         (uint160 sqrtPriceX96, int24 tick, uint24 protocolFee, uint24 lpFee) = stateView.getSlot0(poolId);
    |                                                                ^^^^^^^^^^^^

Warning (5667): Unused function parameter. Remove or comment out the variable name to silence this warning.
   --> src/SpendSaveDCARouter.sol:511:84:
    |
511 |     function _isPathBetter(PathKey[] memory newPath, PathKey[] memory currentBest, uint256 amount)
    |                                                                                    ^^^^^^^^^^^^^^

Warning (5667): Unused try/catch parameter. Remove or comment out the variable name to silence this warning.
   --> src/SpendSaveLiquidityManager.sol:246:24:
    |
246 |             ) returns (uint256 tokenId, uint128 liquidity) {
    |                        ^^^^^^^^^^^^^^^

Warning (5667): Unused try/catch parameter. Remove or comment out the variable name to silence this warning.
   --> src/SpendSaveLiquidityManager.sol:246:41:
    |
246 |             ) returns (uint256 tokenId, uint128 liquidity) {
    |                                         ^^^^^^^^^^^^^^^^^

Warning (2072): Unused local variable.
   --> src/SpendSaveLiquidityManager.sol:306:34:
    |
306 |         (PoolKey memory poolKey, PositionInfo positionInfo) = positionManager.getPoolAndPositionInfo(tokenId);
    |                                  ^^^^^^^^^^^^^^^^^^^^^^^^^

Warning (2072): Unused local variable.
   --> src/SpendSaveLiquidityManager.sol:641:34:
    |
641 |         (PoolKey memory poolKey, PositionInfo positionInfo) = positionManager.getPoolAndPositionInfo(tokenId);
    |                                  ^^^^^^^^^^^^^^^^^^^^^^^^^

Warning (2072): Unused local variable.
   --> src/SpendSaveLiquidityManager.sol:729:34:
    |
729 |         (PoolKey memory poolKey, PositionInfo positionInfo) = positionManager.getPoolAndPositionInfo(tokenId);
    |                                  ^^^^^^^^^^^^^^^^^^^^^^^^^

Warning (5667): Unused try/catch parameter. Remove or comment out the variable name to silence this warning.
   --> test/AdvancedProtocolIntegration.t.sol:557:20:
    |
557 |         ) returns (uint256 tokenId, uint128 liquidity) {
    |                    ^^^^^^^^^^^^^^^

Warning (5667): Unused try/catch parameter. Remove or comment out the variable name to silence this warning.
   --> test/AdvancedProtocolIntegration.t.sol:557:37:
    |
557 |         ) returns (uint256 tokenId, uint128 liquidity) {
    |                                     ^^^^^^^^^^^^^^^^^

Warning (5667): Unused try/catch parameter. Remove or comment out the variable name to silence this warning.
   --> test/AdvancedProtocolIntegration.t.sol:587:20:
    |
587 |         ) returns (uint256 amountOut) {
    |                    ^^^^^^^^^^^^^^^^^

Warning (5667): Unused try/catch parameter. Remove or comment out the variable name to silence this warning.
   --> test/AdvancedProtocolIntegration.t.sol:748:66:
    |
748 |             uint160 sqrtPriceX96, int24 tick, uint128 liquidity, uint256 feeGrowthGlobal0, uint256 feeGrowthGlobal1
    |                                                                  ^^^^^^^^^^^^^^^^^^^^^^^^

Warning (5667): Unused try/catch parameter. Remove or comment out the variable name to silence this warning.
   --> test/AdvancedProtocolIntegration.t.sol:748:92:
    |
748 |             uint160 sqrtPriceX96, int24 tick, uint128 liquidity, uint256 feeGrowthGlobal0, uint256 feeGrowthGlobal1
    |                                                                                            ^^^^^^^^^^^^^^^^^^^^^^^^

Warning (2072): Unused local variable.
   --> test/BeforeSwapInternalTest.t.sol:296:9:
    |
296 |         int128 expectedDelta0 = -0.1 ether; // Take savings amount from input
    |         ^^^^^^^^^^^^^^^^^^^^^

Warning (2072): Unused local variable.
   --> test/BeforeSwapInternalTest.t.sol:305:30:
    |
305 |         (uint256 percentage, bool roundUpSavings, uint8 savingsTokenType, bool enableDCA) =
    |                              ^^^^^^^^^^^^^^^^^^^

Warning (2072): Unused local variable.
   --> test/BeforeSwapInternalTest.t.sol:492:52:
    |
492 |         (bytes4 selector1, BeforeSwapDelta delta1, uint24 fee1) =
    |                                                    ^^^^^^^^^^^

Warning (2072): Unused local variable.
   --> test/BeforeSwapInternalTest.t.sol:523:10:
    |
523 |         (bytes4 selector2, BeforeSwapDelta delta2, uint24 fee2) =
    |          ^^^^^^^^^^^^^^^^

Warning (2072): Unused local variable.
   --> test/BeforeSwapInternalTest.t.sol:523:52:
    |
523 |         (bytes4 selector2, BeforeSwapDelta delta2, uint24 fee2) =
    |                                                    ^^^^^^^^^^^

Warning (2072): Unused local variable.
   --> test/BeforeSwapInternalTest.t.sol:549:10:
    |
549 |         (bytes4 selector, BeforeSwapDelta delta, uint24 fee) =
    |          ^^^^^^^^^^^^^^^

Warning (2072): Unused local variable.
   --> test/BeforeSwapInternalTest.t.sol:549:50:
    |
549 |         (bytes4 selector, BeforeSwapDelta delta, uint24 fee) =
    |                                                  ^^^^^^^^^^

Warning (2072): Unused local variable.
   --> test/ComprehensiveTests.sol:321:27:
    |
321 |         (uint256 balance, uint256 totalSaved, uint256 lastSaveTime, bool isLocked, uint256 unlockTime) =
    |                           ^^^^^^^^^^^^^^^^^^

Warning (2072): Unused local variable.
   --> test/ComprehensiveTests.sol:321:47:
    |
321 |         (uint256 balance, uint256 totalSaved, uint256 lastSaveTime, bool isLocked, uint256 unlockTime) =
    |                                               ^^^^^^^^^^^^^^^^^^^^

Warning (2072): Unused local variable.
   --> test/ComprehensiveTests.sol:321:69:
    |
321 |         (uint256 balance, uint256 totalSaved, uint256 lastSaveTime, bool isLocked, uint256 unlockTime) =
    |                                                                     ^^^^^^^^^^^^^

Warning (2072): Unused local variable.
   --> test/ComprehensiveTests.sol:321:84:
    |
321 |         (uint256 balance, uint256 totalSaved, uint256 lastSaveTime, bool isLocked, uint256 unlockTime) =
    |                                                                                    ^^^^^^^^^^^^^^^^^^

Warning (2072): Unused local variable.
   --> test/CriticalHookTests.t.sol:464:50:
    |
464 |         (bytes4 selector, BeforeSwapDelta delta, uint24 fee) =
    |                                                  ^^^^^^^^^^

Warning (2072): Unused local variable.
   --> test/CriticalHookTests.t.sol:494:10:
    |
494 |         (bytes4 selector, BeforeSwapDelta delta, uint24 fee) =
    |          ^^^^^^^^^^^^^^^

Warning (2072): Unused local variable.
   --> test/CriticalHookTests.t.sol:494:27:
    |
494 |         (bytes4 selector, BeforeSwapDelta delta, uint24 fee) =
    |                           ^^^^^^^^^^^^^^^^^^^^^

Warning (2072): Unused local variable.
   --> test/CriticalHookTests.t.sol:494:50:
    |
494 |         (bytes4 selector, BeforeSwapDelta delta, uint24 fee) =
    |                                                  ^^^^^^^^^^

Warning (2072): Unused local variable.
   --> test/CriticalHookTests.t.sol:520:10:
    |
520 |         (bytes4 selector, BeforeSwapDelta delta, uint24 fee) = hook._beforeSwapInternal(
    |          ^^^^^^^^^^^^^^^

Warning (2072): Unused local variable.
   --> test/CriticalHookTests.t.sol:520:27:
    |
520 |         (bytes4 selector, BeforeSwapDelta delta, uint24 fee) = hook._beforeSwapInternal(
    |                           ^^^^^^^^^^^^^^^^^^^^^

Warning (2072): Unused local variable.
   --> test/CriticalHookTests.t.sol:520:50:
    |
520 |         (bytes4 selector, BeforeSwapDelta delta, uint24 fee) = hook._beforeSwapInternal(
    |                                                  ^^^^^^^^^^

Warning (2072): Unused local variable.
   --> test/CriticalHookTests.t.sol:585:52:
    |
585 |         (bytes4 selector1, BeforeSwapDelta delta1, uint24 fee1) =
    |                                                    ^^^^^^^^^^^

Warning (2072): Unused local variable.
   --> test/CriticalHookTests.t.sol:609:10:
    |
609 |         (bytes4 selector2, BeforeSwapDelta delta2, uint24 fee2) =
    |          ^^^^^^^^^^^^^^^^

Warning (2072): Unused local variable.
   --> test/CriticalHookTests.t.sol:609:52:
    |
609 |         (bytes4 selector2, BeforeSwapDelta delta2, uint24 fee2) =
    |                                                    ^^^^^^^^^^^

Warning (2072): Unused local variable.
   --> test/CriticalHookTests.t.sol:715:9:
    |
715 |         BalanceDelta swapDelta = swapTestRouter.swap(
    |         ^^^^^^^^^^^^^^^^^^^^^^

Warning (2072): Unused local variable.
   --> test/CriticalHookTests.t.sol:775:9:
    |
775 |         BalanceDelta swapDelta = swapTestRouter.swap(
    |         ^^^^^^^^^^^^^^^^^^^^^^

Warning (2072): Unused local variable.
   --> test/CriticalHookTests.t.sol:841:9:
    |
841 |         BalanceDelta swapDelta = swapTestRouter.swap(
    |         ^^^^^^^^^^^^^^^^^^^^^^

Warning (2072): Unused local variable.
   --> test/CrossModuleCommunicationTest.t.sol:786:10:
    |
786 |         (bool dcaExecuted, uint256 dcaAmount) = dcaModule.executeDCA(alice);
    |          ^^^^^^^^^^^^^^^^

Warning (2072): Unused local variable.
   --> test/CrossModuleCommunicationTest.t.sol:786:28:
    |
786 |         (bool dcaExecuted, uint256 dcaAmount) = dcaModule.executeDCA(alice);
    |                            ^^^^^^^^^^^^^^^^^

Warning (2072): Unused local variable.
   --> test/DCALifecycleTest.t.sol:233:10:
    |
233 |         (uint256 percentage,,, bool enableDCA) = storageContract.getPackedUserConfig(alice);
    |          ^^^^^^^^^^^^^^^^^^

Warning (2072): Unused local variable.
   --> test/DCALifecycleTest.t.sol:306:9:
    |
306 |         uint256 initialSavingsA = storageContract.savings(alice, address(tokenA));
    |         ^^^^^^^^^^^^^^^^^^^^^^^

Warning (2072): Unused local variable.
   --> test/DCALifecycleTest.t.sol:307:9:
    |
307 |         uint256 initialBalanceB = tokenB.balanceOf(alice);
    |         ^^^^^^^^^^^^^^^^^^^^^^^

Warning (2072): Unused local variable.
   --> test/DCALifecycleTest.t.sol:356:9:
    |
356 |         uint256 excessiveAmount = INITIAL_SAVINGS + 1000 ether;
    |         ^^^^^^^^^^^^^^^^^^^^^^^

Warning (2072): Unused local variable.
   --> test/DCALifecycleTest.t.sol:404:9:
    |
404 |         int24 testTick = 0; // Current tick
    |         ^^^^^^^^^^^^^^

Warning (2072): Unused local variable.
   --> test/DCALifecycleTest.t.sol:435:10:
    |
435 |         (uint256 percentage,,, bool enableDCA) = storageContract.getPackedUserConfig(alice);
    |          ^^^^^^^^^^^^^^^^^^

Warning (2072): Unused local variable.
   --> test/DCAQueueManagementTest.t.sol:419:9:
    |
419 |         uint256 finalLength = storageContract.getDcaQueueLength(alice);
    |         ^^^^^^^^^^^^^^^^^^^

Warning (2072): Unused local variable.
   --> test/DCAQueueManagementTest.t.sol:460:9:
    |
460 |         uint256 customSlippage = 300; // 3%
    |         ^^^^^^^^^^^^^^^^^^^^^^

Warning (2072): Unused local variable.
   --> test/DCAQueueManagementTest.t.sol:474:9:
    |
474 |         uint256 shortDeadline = block.timestamp + 60; // 1 minute
    |         ^^^^^^^^^^^^^^^^^^^^^

Warning (2072): Unused local variable.
   --> test/DCATickLogicTest.t.sol:303:31:
    |
303 |         (bool shouldExecute1, int24 currentTick1) = dcaModule.shouldExecuteDCA(alice, poolKey);
    |                               ^^^^^^^^^^^^^^^^^^

Warning (2072): Unused local variable.
   --> test/DCATickLogicTest.t.sol:432:28:
    |
432 |         (int24 tickDelta1, uint256 tickExpiryTime1, bool onlyImprovePrice1, int24 minTickImprovement1,,) =
    |                            ^^^^^^^^^^^^^^^^^^^^^^^

Warning (2072): Unused local variable.
   --> test/DCATickLogicTest.t.sol:440:28:
    |
440 |         (int24 tickDelta2, uint256 tickExpiryTime2, bool onlyImprovePrice2, int24 minTickImprovement2,,) =
    |                            ^^^^^^^^^^^^^^^^^^^^^^^

Warning (2072): Unused local variable.
   --> test/DCATickLogicTest.t.sol:465:30:
    |
465 |         (bool shouldExecute, int24 currentTick) = dcaModule.shouldExecuteDCA(alice, poolKey);
    |                              ^^^^^^^^^^^^^^^^^

Warning (2072): Unused local variable.
   --> test/DCATickLogicTest.t.sol:477:10:
    |
477 |         (int24 tickDelta3,, bool onlyImprovePrice3, int24 minTickImprovement3, bool dynamicSizing3,) =
    |          ^^^^^^^^^^^^^^^^

Warning (2072): Unused local variable.
   --> test/DCATickLogicTest.t.sol:477:53:
    |
477 |         (int24 tickDelta3,, bool onlyImprovePrice3, int24 minTickImprovement3, bool dynamicSizing3,) =
    |                                                     ^^^^^^^^^^^^^^^^^^^^^^^^^

Warning (2072): Unused local variable.
   --> test/DailySavingsAdvancedTest.t.sol:310:13:
    |
310 |             uint256 lastExecutionTime,,
    |             ^^^^^^^^^^^^^^^^^^^^^^^^^

Warning (2072): Unused local variable.
   --> test/DailySavingsAdvancedTest.t.sol:851:13:
    |
851 |             uint256 penaltyAmount,
    |             ^^^^^^^^^^^^^^^^^^^^^

Warning (2072): Unused local variable.
   --> test/DeploymentTest.t.sol:262:10:
    |
262 |         (address hookAddress, bytes32 salt) = HookMiner.find(
    |          ^^^^^^^^^^^^^^^^^^^

Warning (2072): Unused local variable.
   --> test/DeploymentTest.t.sol:488:10:
    |
488 |         (address hookAddress, bytes32 salt) = HookMiner.find(
    |          ^^^^^^^^^^^^^^^^^^^

Warning (2072): Unused local variable.
   --> test/DeploymentTest.t.sol:564:10:
    |
564 |         (address hookAddress, bytes32 salt) = HookMiner.find(
    |          ^^^^^^^^^^^^^^^^^^^

Warning (2072): Unused local variable.
   --> test/ERC6909ComplianceTest.t.sol:113:9:
    |
113 |         bytes32 strategyId = keccak256("STRATEGY");
    |         ^^^^^^^^^^^^^^^^^^

Warning (2072): Unused local variable.
   --> test/ERC6909ComplianceTest.t.sol:114:9:
    |
114 |         bytes32 savingsId = keccak256("SAVINGS");
    |         ^^^^^^^^^^^^^^^^^

Warning (2072): Unused local variable.
   --> test/ERC6909ComplianceTest.t.sol:115:9:
    |
115 |         bytes32 dcaId = keccak256("DCA");
    |         ^^^^^^^^^^^^^

Warning (2072): Unused local variable.
   --> test/ERC6909ComplianceTest.t.sol:116:9:
    |
116 |         bytes32 tokenId = keccak256("TOKEN");
    |         ^^^^^^^^^^^^^^^

Warning (2072): Unused local variable.
   --> test/ERC6909ComplianceTest.t.sol:117:9:
    |
117 |         bytes32 slippageId = keccak256("SLIPPAGE");
    |         ^^^^^^^^^^^^^^^^^^

Warning (2072): Unused local variable.
   --> test/ERC6909ComplianceTest.t.sol:118:9:
    |
118 |         bytes32 dailyId = keccak256("DAILY");
    |         ^^^^^^^^^^^^^^^

Warning (2072): Unused local variable.
   --> test/EdgeCaseTest.t.sol:435:10:
    |
435 |         (bool executed, uint256 totalAmount) = dcaModule.executeDCA(alice);
    |          ^^^^^^^^^^^^^

Warning (2072): Unused local variable.
   --> test/EdgeCaseTest.t.sol:435:25:
    |
435 |         (bool executed, uint256 totalAmount) = dcaModule.executeDCA(alice);
    |                         ^^^^^^^^^^^^^^^^^^^

Warning (2072): Unused local variable.
   --> test/HookFailureScenariosTest.t.sol:300:10:
    |
300 |         (address hookAddress, bytes32 salt) = HookMiner.find(
    |          ^^^^^^^^^^^^^^^^^^^

Warning (2072): Unused local variable.
   --> test/HookFailureScenariosTest.t.sol:342:27:
    |
342 |         (bytes4 selector, int128 hookDelta) = hook._afterSwapInternal(alice, poolKey, params, swapDelta, hookData);
    |                           ^^^^^^^^^^^^^^^^

Warning (2072): Unused local variable.
   --> test/HookFailureScenariosTest.t.sol:362:33:
    |
362 |         (bytes4 beforeSelector, BeforeSwapDelta beforeDelta, uint24 fee) =
    |                                 ^^^^^^^^^^^^^^^^^^^^^^^^^^^

Warning (2072): Unused local variable.
   --> test/HookFailureScenariosTest.t.sol:362:62:
    |
362 |         (bytes4 beforeSelector, BeforeSwapDelta beforeDelta, uint24 fee) =
    |                                                              ^^^^^^^^^^

Warning (2072): Unused local variable.
   --> test/HookFailureScenariosTest.t.sol:371:32:
    |
371 |         (bytes4 afterSelector, int128 hookDelta) = hook._afterSwapInternal(alice, poolKey, params, swapDelta, hookData);
    |                                ^^^^^^^^^^^^^^^^

Warning (2072): Unused local variable.
   --> test/HookGasOptimizationTest.t.sol:277:33:
    |
277 |         (bytes4 beforeSelector, BeforeSwapDelta beforeDelta, uint24 fee) =
    |                                 ^^^^^^^^^^^^^^^^^^^^^^^^^^^

Warning (2072): Unused local variable.
   --> test/HookGasOptimizationTest.t.sol:277:62:
    |
277 |         (bytes4 beforeSelector, BeforeSwapDelta beforeDelta, uint24 fee) =
    |                                                              ^^^^^^^^^^

Warning (2072): Unused local variable.
   --> test/HookGasOptimizationTest.t.sol:287:32:
    |
287 |         (bytes4 afterSelector, int128 hookDelta) = hook._afterSwapInternal(alice, poolKey, params, swapDelta, hookData);
    |                                ^^^^^^^^^^^^^^^^

Warning (2072): Unused local variable.
   --> test/HookGasOptimizationTest.t.sol:329:33:
    |
329 |         (bytes4 beforeSelector, BeforeSwapDelta beforeDelta, uint24 fee) =
    |                                 ^^^^^^^^^^^^^^^^^^^^^^^^^^^

Warning (2072): Unused local variable.
   --> test/HookGasOptimizationTest.t.sol:329:62:
    |
329 |         (bytes4 beforeSelector, BeforeSwapDelta beforeDelta, uint24 fee) =
    |                                                              ^^^^^^^^^^

Warning (2072): Unused local variable.
   --> test/HookGasOptimizationTest.t.sol:339:32:
    |
339 |         (bytes4 afterSelector, int128 hookDelta) = hook._afterSwapInternal(bob, poolKey, params, swapDelta, hookData);
    |                                ^^^^^^^^^^^^^^^^

Warning (2072): Unused local variable.
   --> test/HookGasOptimizationTest.t.sol:383:33:
    |
383 |         (bytes4 beforeSelector, BeforeSwapDelta beforeDelta, uint24 fee) =
    |                                 ^^^^^^^^^^^^^^^^^^^^^^^^^^^

Warning (2072): Unused local variable.
   --> test/HookGasOptimizationTest.t.sol:383:62:
    |
383 |         (bytes4 beforeSelector, BeforeSwapDelta beforeDelta, uint24 fee) =
    |                                                              ^^^^^^^^^^

Warning (2072): Unused local variable.
   --> test/HookGasOptimizationTest.t.sol:390:32:
    |
390 |         (bytes4 afterSelector, int128 hookDelta) =
    |                                ^^^^^^^^^^^^^^^^

Warning (2072): Unused local variable.
   --> test/HookGasOptimizationTest.t.sol:454:33:
    |
454 |         (bytes4 beforeSelector, BeforeSwapDelta beforeDelta, uint24 fee) =
    |                                 ^^^^^^^^^^^^^^^^^^^^^^^^^^^

Warning (2072): Unused local variable.
   --> test/HookGasOptimizationTest.t.sol:454:62:
    |
454 |         (bytes4 beforeSelector, BeforeSwapDelta beforeDelta, uint24 fee) =
    |                                                              ^^^^^^^^^^

Warning (2072): Unused local variable.
   --> test/HookGasOptimizationTest.t.sol:464:32:
    |
464 |         (bytes4 afterSelector, int128 hookDelta) =
    |                                ^^^^^^^^^^^^^^^^

Warning (2072): Unused local variable.
   --> test/HookGasOptimizationTest.t.sol:542:9:
    |
542 |         bool isConsistent = true;
    |         ^^^^^^^^^^^^^^^^^

Warning (2072): Unused local variable.
   --> test/IntegrationTest.t.sol:383:13:
    |
383 |             uint256 dailyAmount,
    |             ^^^^^^^^^^^^^^^^^^^

Warning (2072): Unused local variable.
   --> test/IntegrationTest.t.sol:386:13:
    |
386 |             uint256 remainingAmount,
    |             ^^^^^^^^^^^^^^^^^^^^^^^

Warning (2072): Unused local variable.
   --> test/IntegrationTest.t.sol:387:13:
    |
387 |             uint256 penaltyAmount,
    |             ^^^^^^^^^^^^^^^^^^^^^

Warning (2072): Unused local variable.
   --> test/IntegrationTest.t.sol:388:13:
    |
388 |             uint256 estimatedCompletionDate
    |             ^^^^^^^^^^^^^^^^^^^^^^^^^^^^^^^

Warning (2072): Unused local variable.
   --> test/ModuleAuthorizationTest.t.sol:381:10:
    |
381 |         (uint256 newPercentage,,, bool enableDCA) = storageContract.getPackedUserConfig(alice);
    |          ^^^^^^^^^^^^^^^^^^^^^

Warning (2072): Unused local variable.
   --> test/PackedStorageIntegrityTest.t.sol:531:41:
    |
531 |         (uint256 p1, bool r1, uint8 s1, bool d1) = storageContract.getPackedUserConfig(user1);
    |                                         ^^^^^^^

Warning (2072): Unused local variable.
   --> test/PackedStorageIntegrityTest.t.sol:532:41:
    |
532 |         (uint256 p2, bool r2, uint8 s2, bool d2) = storageContract.getPackedUserConfig(user2);
    |                                         ^^^^^^^

Warning (2072): Unused local variable.
   --> test/PackedStorageIntegrityTest.t.sol:533:41:
    |
533 |         (uint256 p3, bool r3, uint8 s3, bool d3) = storageContract.getPackedUserConfig(user3);
    |                                         ^^^^^^^

Warning (2072): Unused local variable.
   --> test/ReentrancyProtectionTest.t.sol:262:30:
    |
262 |         (uint256 percentage, bool roundUp, uint8 savingsType, bool enableDCA) =
    |                              ^^^^^^^^^^^^

Warning (2072): Unused local variable.
   --> test/ReentrancyProtectionTest.t.sol:262:44:
    |
262 |         (uint256 percentage, bool roundUp, uint8 savingsType, bool enableDCA) =
    |                                            ^^^^^^^^^^^^^^^^^

Warning (2072): Unused local variable.
   --> test/ReentrancyProtectionTest.t.sol:262:63:
    |
262 |         (uint256 percentage, bool roundUp, uint8 savingsType, bool enableDCA) =
    |                                                               ^^^^^^^^^^^^^^

Warning (2072): Unused local variable.
   --> test/ReentrancyProtectionTest.t.sol:283:9:
    |
283 |         MaliciousToken maliciousToken = new MaliciousToken(address(hook));
    |         ^^^^^^^^^^^^^^^^^^^^^^^^^^^^^

Warning (2072): Unused local variable.
   --> test/ReentrancyProtectionTest.t.sol:357:30:
    |
357 |         (uint256 percentage, bool roundUp, uint8 savingsType, bool enableDCA) =
    |                              ^^^^^^^^^^^^

Warning (2072): Unused local variable.
   --> test/ReentrancyProtectionTest.t.sol:357:44:
    |
357 |         (uint256 percentage, bool roundUp, uint8 savingsType, bool enableDCA) =
    |                                            ^^^^^^^^^^^^^^^^^

Warning (2072): Unused local variable.
   --> test/ReentrancyProtectionTest.t.sol:357:63:
    |
357 |         (uint256 percentage, bool roundUp, uint8 savingsType, bool enableDCA) =
    |                                                               ^^^^^^^^^^^^^^

Warning (2072): Unused local variable.
   --> test/SpendSaveAnalyticsTest.t.sol:399:35:
    |
399 |         (address[] memory tokens, uint256[] memory savings, uint256[] memory dcaAmounts, uint256 totalValueUSD) =
    |                                   ^^^^^^^^^^^^^^^^^^^^^^^^

Warning (2072): Unused local variable.
   --> test/SpendSaveAnalyticsTest.t.sol:399:90:
    |
399 |         (address[] memory tokens, uint256[] memory savings, uint256[] memory dcaAmounts, uint256 totalValueUSD) =
    |                                                                                          ^^^^^^^^^^^^^^^^^^^^^

Warning (2072): Unused local variable.
   --> test/SpendSaveAnalyticsTest.t.sol:423:35:
    |
423 |         (address[] memory tokens, uint256[] memory savings, uint256[] memory dcaAmounts, uint256 totalValueUSD) =
    |                                   ^^^^^^^^^^^^^^^^^^^^^^^^

Warning (2072): Unused local variable.
   --> test/SpendSaveAnalyticsTest.t.sol:423:90:
    |
423 |         (address[] memory tokens, uint256[] memory savings, uint256[] memory dcaAmounts, uint256 totalValueUSD) =
    |                                                                                          ^^^^^^^^^^^^^^^^^^^^^

Warning (2072): Unused local variable.
   --> test/SpendSaveAnalyticsTest.t.sol:448:63:
    |
448 |         (uint160 sqrtPriceX96, int24 tick, uint128 liquidity, uint256 feeGrowthGlobal0, uint256 feeGrowthGlobal1) =
    |                                                               ^^^^^^^^^^^^^^^^^^^^^^^^

Warning (2072): Unused local variable.
   --> test/SpendSaveAnalyticsTest.t.sol:448:89:
    |
448 |         (uint160 sqrtPriceX96, int24 tick, uint128 liquidity, uint256 feeGrowthGlobal0, uint256 feeGrowthGlobal1) =
    |                                                                                         ^^^^^^^^^^^^^^^^^^^^^^^^

Warning (2072): Unused local variable.
   --> test/SpendSaveDCARouterTest.t.sol:374:9:
    |
374 |         uint256 initialBalanceB = tokenB.balanceOf(alice);
    |         ^^^^^^^^^^^^^^^^^^^^^^^

Warning (2072): Unused local variable.
   --> test/SpendSaveDCARouterTest.t.sol:660:10:
    |
660 |         (PathKey[] memory cachedPath, bool isValid) = dcaRouter.getCachedOptimalPath(address(tokenA), address(tokenC));
    |          ^^^^^^^^^^^^^^^^^^^^^^^^^^^

Warning (2072): Unused local variable.
   --> test/SpendSaveDCARouterTest.t.sol:749:10:
    |
749 |         (PathKey[] memory cachedPath, bool isValid) = dcaRouter.getCachedOptimalPath(address(tokenA), address(tokenC));
    |          ^^^^^^^^^^^^^^^^^^^^^^^^^^^

Warning (2072): Unused local variable.
   --> test/SpendSaveDCARouterTest.t.sol:757:10:
    |
757 |         (PathKey[] memory clearedPath, bool clearedValid) =
    |          ^^^^^^^^^^^^^^^^^^^^^^^^^^^^

Warning (2072): Unused local variable.
   --> test/SpendSaveLiquidityManagerTest.t.sol:446:9:
    |
446 |         uint256 aliceBalanceABefore = tokenModule.balanceOf(alice, tokenAId);
    |         ^^^^^^^^^^^^^^^^^^^^^^^^^^^

Warning (2072): Unused local variable.
   --> test/SpendSaveLiquidityManagerTest.t.sol:447:9:
    |
447 |         uint256 aliceBalanceBBefore = tokenModule.balanceOf(alice, tokenBId);
    |         ^^^^^^^^^^^^^^^^^^^^^^^^^^^

Warning (2072): Unused local variable.
   --> test/SpendSaveLiquidityManagerTest.t.sol:668:10:
    |
668 |         (PoolKey memory poolKey_, PositionInfo positionInfo, uint128 initialLiquidity) =
    |          ^^^^^^^^^^^^^^^^^^^^^^^

Warning (2072): Unused local variable.
   --> test/SpendSaveLiquidityManagerTest.t.sol:668:35:
    |
668 |         (PoolKey memory poolKey_, PositionInfo positionInfo, uint128 initialLiquidity) =
    |                                   ^^^^^^^^^^^^^^^^^^^^^^^^^

Warning (2072): Unused local variable.
   --> test/SpendSaveLiquidityManagerTest.t.sol:683:13:
    |
683 |             uint256 aliceSavingsAAfter = storageContract.savings(alice, address(tokenA));
    |             ^^^^^^^^^^^^^^^^^^^^^^^^^^

Warning (2072): Unused local variable.
   --> test/SpendSaveLiquidityManagerTest.t.sol:684:13:
    |
684 |             uint256 aliceSavingsBAfter = storageContract.savings(alice, address(tokenB));
    |             ^^^^^^^^^^^^^^^^^^^^^^^^^^

Warning (2072): Unused local variable.
   --> test/SpendSaveLiquidityManagerTest.t.sol:725:10:
    |
725 |         (PoolKey memory poolKey_, PositionInfo oldPositionInfo, uint128 oldLiquidity) =
    |          ^^^^^^^^^^^^^^^^^^^^^^^

Warning (2072): Unused local variable.
   --> test/SpendSaveLiquidityManagerTest.t.sol:725:35:
    |
725 |         (PoolKey memory poolKey_, PositionInfo oldPositionInfo, uint128 oldLiquidity) =
    |                                   ^^^^^^^^^^^^^^^^^^^^^^^^^^^^

Warning (2072): Unused local variable.
   --> test/SpendSaveLiquidityManagerTest.t.sol:859:9:
    |
859 |         uint256 initialPositionCount = emptyPositions.length;
    |         ^^^^^^^^^^^^^^^^^^^^^^^^^^^^

Warning (2072): Unused local variable.
   --> test/SpendSaveLiquidityManagerTest.t.sol:896:35:
    |
896 |         (PoolKey memory poolKey_, PositionInfo positionInfo, uint128 liquidity) =
    |                                   ^^^^^^^^^^^^^^^^^^^^^^^^^

Warning (2072): Unused local variable.
   --> test/SpendSaveMulticallTest.t.sol:750:9:
    |
750 |         bytes[] memory results = multicall.batchExecuteWithRefund(largeCalls, true);
    |         ^^^^^^^^^^^^^^^^^^^^^^

Warning (2072): Unused local variable.
   --> test/SpendSaveMulticallTest.t.sol:779:9:
    |
779 |         uint256 initialPoolBalance = multicall.getGasRefundPoolBalance();
    |         ^^^^^^^^^^^^^^^^^^^^^^^^^^

Warning (2072): Unused local variable.
   --> test/SpendSaveMulticallTest.t.sol:782:9:
    |
782 |         bytes[] memory results = multicall.batchExecuteWithRefund(largeCalls, true);
    |         ^^^^^^^^^^^^^^^^^^^^^^

Warning (2072): Unused local variable.
   --> test/SpendSaveQuoterTest.t.sol:543:10:
    |
543 |         (uint256 swapOutput, uint256 savedAmount, uint256 netOutput) =
    |          ^^^^^^^^^^^^^^^^^^

Warning (2072): Unused local variable.
   --> test/SpendSaveQuoterTest.t.sol:543:51:
    |
543 |         (uint256 swapOutput, uint256 savedAmount, uint256 netOutput) =
    |                                                   ^^^^^^^^^^^^^^^^^

Warning (2072): Unused local variable.
   --> test/SpendSaveQuoterTest.t.sol:629:10:
    |
629 |         (uint256 amountOut, uint256 estimatedGas) = quoter.getDCAQuote(poolKeyAB, true, uint128(DCA_AMOUNT));
    |          ^^^^^^^^^^^^^^^^^

Warning (2072): Unused local variable.
   --> test/SpendSaveQuoterTest.t.sol:665:10:
    |
665 |         (uint256 amountOut, uint256 estimatedGas) =
    |          ^^^^^^^^^^^^^^^^^

Warning (2072): Unused local variable.
   --> test/StateViewFunctionsTest.t.sol:484:17:
    |
484 |                 uint256 feeGrowthOutside0X128,
    |                 ^^^^^^^^^^^^^^^^^^^^^^^^^^^^^

Warning (2072): Unused local variable.
   --> test/StateViewFunctionsTest.t.sol:485:17:
    |
485 |                 uint256 feeGrowthOutside1X128
    |                 ^^^^^^^^^^^^^^^^^^^^^^^^^^^^^

Warning (2072): Unused local variable.
   --> test/TokenModuleAdvancedTest.t.sol:333:9:
    |
333 |         MockERC20 token3 = new MockERC20("Batch Token 3", "BT3", 18);
    |         ^^^^^^^^^^^^^^^^

Warning (5667): Unused function parameter. Remove or comment out the variable name to silence this warning.
   --> test/TokenModuleAdvancedTest.t.sol:883:32:
    |
883 |     function onERC6909Received(address operator, address from, uint256 id, uint256 amount, bytes calldata data)
    |                                ^^^^^^^^^^^^^^^^

Warning (5667): Unused function parameter. Remove or comment out the variable name to silence this warning.
   --> test/TokenModuleAdvancedTest.t.sol:883:50:
    |
883 |     function onERC6909Received(address operator, address from, uint256 id, uint256 amount, bytes calldata data)
    |                                                  ^^^^^^^^^^^^

Warning (5667): Unused function parameter. Remove or comment out the variable name to silence this warning.
   --> test/TokenModuleAdvancedTest.t.sol:883:64:
    |
883 |     function onERC6909Received(address operator, address from, uint256 id, uint256 amount, bytes calldata data)
    |                                                                ^^^^^^^^^^

Warning (5667): Unused function parameter. Remove or comment out the variable name to silence this warning.
   --> test/TokenModuleAdvancedTest.t.sol:883:76:
    |
883 |     function onERC6909Received(address operator, address from, uint256 id, uint256 amount, bytes calldata data)
    |                                                                            ^^^^^^^^^^^^^^

Warning (5667): Unused function parameter. Remove or comment out the variable name to silence this warning.
   --> test/TokenModuleAdvancedTest.t.sol:883:92:
    |
883 |     function onERC6909Received(address operator, address from, uint256 id, uint256 amount, bytes calldata data)
    |                                                                                            ^^^^^^^^^^^^^^^^^^^

Warning (2072): Unused local variable.
   --> test/TokenModuleLifecycleTest.t.sol:318:9:
    |
318 |         MockERC20 newToken2 = new MockERC20("Batch Token 2", "BT2", 18);
    |         ^^^^^^^^^^^^^^^^^^^

Warning (2072): Unused local variable.
   --> test/TransientStorageTest.t.sol:348:33:
    |
348 |         (bytes4 beforeSelector, BeforeSwapDelta beforeDelta, uint24 fee) =
    |                                 ^^^^^^^^^^^^^^^^^^^^^^^^^^^

Warning (2072): Unused local variable.
   --> test/TransientStorageTest.t.sol:348:62:
    |
348 |         (bytes4 beforeSelector, BeforeSwapDelta beforeDelta, uint24 fee) =
    |                                                              ^^^^^^^^^^

Warning (2072): Unused local variable.
   --> test/TransientStorageTest.t.sol:366:32:
    |
366 |         (bytes4 afterSelector, int128 hookDelta) = hook._afterSwapInternal(alice, poolKey, params, swapDelta, hookData);
    |                                ^^^^^^^^^^^^^^^^

Warning (5667): Unused function parameter. Remove or comment out the variable name to silence this warning.
   --> test/invariant/BaseInvariantTest.sol:355:9:
    |
355 |         address user,
    |         ^^^^^^^^^^^^

Warning (5667): Unused function parameter. Remove or comment out the variable name to silence this warning.
   --> test/invariant/BaseInvariantTest.sol:356:9:
    |
356 |         address token,
    |         ^^^^^^^^^^^^^

Warning (2072): Unused local variable.
    --> test/invariant/BaseInvariantTest.sol:1005:13:
     |
1005 |             address fromToken,
     |             ^^^^^^^^^^^^^^^^^

Warning (5667): Unused try/catch parameter. Remove or comment out the variable name to silence this warning.
    --> test/invariant/BaseInvariantTest.sol:1014:58:
     |
1014 |         try dca.executeDCA(user) returns (bool executed, uint256 totalAmount) {
     |                                                          ^^^^^^^^^^^^^^^^^^^

Warning (2072): Unused local variable.
    --> test/invariant/BaseInvariantTest.sol:1256:9:
     |
1256 |         uint256 netAmount = withdrawAmount - penalty;
     |         ^^^^^^^^^^^^^^^^^

Warning (2072): Unused local variable.
   --> test/invariant/AccessControlInvariants.t.sol:124:17:
    |
124 |                 address token,
    |                 ^^^^^^^^^^^^^

Warning (2072): Unused local variable.
   --> test/invariant/AccessControlInvariants.t.sol:125:17:
    |
125 |                 uint256 amount
    |                 ^^^^^^^^^^^^^^

Warning (2072): Unused local variable.
  --> test/invariant/DCAInvariants.t.sol:28:21:
   |
28 |                     address fromToken,
   |                     ^^^^^^^^^^^^^^^^^

Warning (2072): Unused local variable.
  --> test/invariant/DCAInvariants.t.sol:29:21:
   |
29 |                     address toToken,
   |                     ^^^^^^^^^^^^^^^

Warning (2072): Unused local variable.
  --> test/invariant/DCAInvariants.t.sol:30:21:
   |
30 |                     uint256 amount,
   |                     ^^^^^^^^^^^^^^

Warning (2072): Unused local variable.
   --> test/invariant/DailySavingsInvariants.t.sol:108:21:
    |
108 |                     bool enabled,
    |                     ^^^^^^^^^^^^

Warning (2072): Unused local variable.
   --> test/invariant/DailySavingsInvariants.t.sol:333:17:
    |
333 |                 address token,
    |                 ^^^^^^^^^^^^^

Warning (2072): Unused local variable.
   --> test/invariant/DailySavingsInvariants.t.sol:392:17:
    |
392 |                 address user,
    |                 ^^^^^^^^^^^^

Warning (2072): Unused local variable.
  --> test/invariant/ERC6909Invariants.t.sol:67:17:
   |
67 |                 uint256 tokenId,
   |                 ^^^^^^^^^^^^^^^

Warning (2072): Unused local variable.
  --> test/invariant/PackedStorageInvariants.t.sol:45:9:
   |
45 |         uint256 maxUint8 = 255;
   |         ^^^^^^^^^^^^^^^^

Warning (2072): Unused local variable.
  --> test/invariant/PackedStorageInvariants.t.sol:52:17:
   |
52 |                 bool roundUpSavings,
   |                 ^^^^^^^^^^^^^^^^^^^

Warning (2072): Unused local variable.
  --> test/invariant/PackedStorageInvariants.t.sol:54:17:
   |
54 |                 bool enableDCA
   |                 ^^^^^^^^^^^^^^

Warning (2072): Unused local variable.
  --> test/invariant/PackedStorageInvariants.t.sol:79:17:
   |
79 |                 bool roundUpSavings,
   |                 ^^^^^^^^^^^^^^^^^^^

Warning (2072): Unused local variable.
  --> test/invariant/PackedStorageInvariants.t.sol:81:17:
   |
81 |                 bool enableDCA
   |                 ^^^^^^^^^^^^^^

Warning (2072): Unused local variable.
  --> test/invariant/ReentrancyInvariants.t.sol:48:13:
   |
48 |             uint256 goal = storage_.savingsGoals(user);
   |             ^^^^^^^^^^^^

Warning (2072): Unused local variable.
  --> test/invariant/ReentrancyInvariants.t.sol:49:13:
   |
49 |             uint256 timelock = storage_.userWithdrawalTimelocks(user);
   |             ^^^^^^^^^^^^^^^^

Warning (2072): Unused local variable.
  --> test/invariant/ReentrancyInvariants.t.sol:53:17:
   |
53 |                 uint256 savings = storage_._savings(user, token);
   |                 ^^^^^^^^^^^^^^^

Warning (2072): Unused local variable.
  --> test/invariant/ReentrancyInvariants.t.sol:54:17:
   |
54 |                 uint256 dailyAmount = storage_.dailySavingsAmounts(user, token);
   |                 ^^^^^^^^^^^^^^^^^^^

Warning (2072): Unused local variable.
   --> test/invariant/SolvencyInvariants.t.sol:192:13:
    |
192 |             uint256 expectedFees = registry.expectedTreasuryFees(token);
    |             ^^^^^^^^^^^^^^^^^^^^

Warning (2072): Unused local variable.
   --> test/invariant/SpendSaveInvariant.t.sol:812:13:
    |
812 |             address fromToken,
    |             ^^^^^^^^^^^^^^^^^

Warning (5667): Unused try/catch parameter. Remove or comment out the variable name to silence this warning.
   --> test/invariant/SpendSaveInvariant.t.sol:821:58:
    |
821 |         try dca.executeDCA(user) returns (bool executed, uint256 totalAmount) {
    |                                                          ^^^^^^^^^^^^^^^^^^^

Warning (2072): Unused local variable.
  --> test/invariant/ValueConservationInvariants.t.sol:46:17:
   |
46 |                 uint256 expectedTotalFee = totalGross > totalNet ? totalGross - totalNet : 0;
   |                 ^^^^^^^^^^^^^^^^^^^^^^^^

Warning (2072): Unused local variable.
  --> test/invariant/ValueConservationInvariants.t.sol:80:21:
   |
80 |                     address fromToken,
   |                     ^^^^^^^^^^^^^^^^^

Warning (2072): Unused local variable.
  --> test/invariant/ValueConservationInvariants.t.sol:81:21:
   |
81 |                     address toToken,
   |                     ^^^^^^^^^^^^^^^

Warning (2018): Function state mutability can be restricted to view
   --> src/DCA.sol:800:5:
    |
800 |     function _calculateMaxAmountForSlippage(address fromToken, address toToken, uint256 maxSlippage)
    |     ^ (Relevant source part starts here and spans across multiple lines).

Warning (2018): Function state mutability can be restricted to view
   --> src/LiquidityRouter.sol:145:5:
    |
145 |     function getBestExecutionChain(address tokenIn, address tokenOut, uint256 amountIn)
    |     ^ (Relevant source part starts here and spans across multiple lines).

Warning (2018): Function state mutability can be restricted to view
   --> src/SpendSaveAnalytics.sol:234:5:
    |
234 |     function _getDirectPoolPrice(address token, uint256 amount, address baseToken) internal returns (uint256) {
    |     ^ (Relevant source part starts here and spans across multiple lines).

Warning (2018): Function state mutability can be restricted to pure
   --> src/SpendSaveDCARouter.sol:371:5:
    |
371 |     function _tryHopPath(address fromToken, address toToken, address intermediary)
    |     ^ (Relevant source part starts here and spans across multiple lines).

Warning (2018): Function state mutability can be restricted to view
   --> src/SpendSaveDCARouter.sol:482:5:
    |
482 |     function _hasMinimumPoolLiquidity(address token) internal returns (bool hasLiquidity) {
    |     ^ (Relevant source part starts here and spans across multiple lines).

Warning (2018): Function state mutability can be restricted to pure
   --> src/SpendSaveDCARouter.sol:511:5:
    |
511 |     function _isPathBetter(PathKey[] memory newPath, PathKey[] memory currentBest, uint256 amount)
    |     ^ (Relevant source part starts here and spans across multiple lines).

Warning (2018): Function state mutability can be restricted to view
   --> src/SpendSaveHook.sol:914:5:
    |
914 |     function emergencyPause() external {
    |     ^ (Relevant source part starts here and spans across multiple lines).

Warning (2018): Function state mutability can be restricted to pure
   --> src/SpendSaveMulticall.sol:357:5:
    |
357 |     function estimateBatchGas(bytes[] calldata calls) external view returns (uint256 estimatedGas) {
    |     ^ (Relevant source part starts here and spans across multiple lines).

Warning (2018): Function state mutability can be restricted to pure
  --> src/SpendSaveSlippageEnhanced.sol:92:5:
   |
92 |     function _adjustForTokenVolatility(uint256 baseSlippage, address token) internal view returns (uint256) {
   |     ^ (Relevant source part starts here and spans across multiple lines).

Warning (2018): Function state mutability can be restricted to view
   --> test/AdvancedProtocolIntegration.t.sol:497:5:
    |
497 |     function testEnhancedSlippageProtection() public {
    |     ^ (Relevant source part starts here and spans across multiple lines).

Warning (2018): Function state mutability can be restricted to view
   --> test/AfterSwapInternalTest.t.sol:604:5:
    |
604 |     function _assertErc6909NetMatchesPending(address user, address inputToken, uint128 pendingSaveAmount)
    |     ^ (Relevant source part starts here and spans across multiple lines).

Warning (2018): Function state mutability can be restricted to view
   --> test/CrossModuleCommunicationTest.t.sol:349:5:
    |
349 |     function testCrossModule_ModuleRegistration() public {
    |     ^ (Relevant source part starts here and spans across multiple lines).

Warning (2018): Function state mutability can be restricted to view
   --> test/CrossModuleCommunicationTest.t.sol:382:5:
    |
382 |     function testCrossModule_ModuleAuthorization() public {
    |     ^ (Relevant source part starts here and spans across multiple lines).

Warning (2018): Function state mutability can be restricted to view
   --> test/CrossModuleCommunicationTest.t.sol:398:5:
    |
398 |     function testCrossModule_ModuleReferenceValidation() public {
    |     ^ (Relevant source part starts here and spans across multiple lines).

Warning (2018): Function state mutability can be restricted to view
   --> test/CrossModuleCommunicationTest.t.sol:732:5:
    |
732 |     function testCrossModule_ModuleRegistryQueryFunctions() public {
    |     ^ (Relevant source part starts here and spans across multiple lines).

Warning (2018): Function state mutability can be restricted to pure
   --> test/DCASlippageTest.t.sol:261:5:
    |
261 |     function testDCASlippage_BasicSlippageProtection() public {
    |     ^ (Relevant source part starts here and spans across multiple lines).

Warning (2018): Function state mutability can be restricted to pure
   --> test/DCASlippageTest.t.sol:286:5:
    |
286 |     function testDCASlippage_PriceImpactCalculation() public {
    |     ^ (Relevant source part starts here and spans across multiple lines).

Warning (2018): Function state mutability can be restricted to pure
   --> test/DCASlippageTest.t.sol:312:5:
    |
312 |     function testDCASlippage_SlippageToleranceEnforcement() public {
    |     ^ (Relevant source part starts here and spans across multiple lines).

Warning (2018): Function state mutability can be restricted to view
   --> test/DCASlippageTest.t.sol:341:5:
    |
341 |     function testDCASlippage_CustomSlippagePerUser() public {
    |     ^ (Relevant source part starts here and spans across multiple lines).

Warning (2018): Function state mutability can be restricted to pure
   --> test/DCASlippageTest.t.sol:357:5:
    |
357 |     function testDCASlippage_SlippageExceededHandling() public {
    |     ^ (Relevant source part starts here and spans across multiple lines).

Warning (2018): Function state mutability can be restricted to pure
   --> test/DCASlippageTest.t.sol:379:5:
    |
379 |     function testDCASlippage_DynamicSlippageAdjustment() public {
    |     ^ (Relevant source part starts here and spans across multiple lines).

Warning (2018): Function state mutability can be restricted to view
   --> test/DCASlippageTest.t.sol:397:5:
    |
397 |     function testDCASlippage_GasEfficiency() public {
    |     ^ (Relevant source part starts here and spans across multiple lines).

Warning (2018): Function state mutability can be restricted to pure
   --> test/DCASlippageTest.t.sol:421:5:
    |
421 |     function testDCASlippage_EdgeCases() public {
    |     ^ (Relevant source part starts here and spans across multiple lines).

Warning (2018): Function state mutability can be restricted to view
   --> test/DCATickLogicTest.t.sol:279:5:
    |
279 |     function testDCATickLogic_ShouldExecuteDCABasic() public {
    |     ^ (Relevant source part starts here and spans across multiple lines).

Warning (2018): Function state mutability can be restricted to view
   --> test/DCATickLogicTest.t.sol:428:5:
    |
428 |     function testDCATickLogic_TickStrategyConfiguration() public {
    |     ^ (Relevant source part starts here and spans across multiple lines).

Warning (2018): Function state mutability can be restricted to view
   --> test/DCATickLogicTest.t.sol:473:5:
    |
473 |     function testDCATickLogic_DynamicSizingIntegration() public {
    |     ^ (Relevant source part starts here and spans across multiple lines).

Warning (2018): Function state mutability can be restricted to view
   --> test/DCATickLogicTest.t.sol:491:5:
    |
491 |     function testDCATickLogic_StressTest() public {
    |     ^ (Relevant source part starts here and spans across multiple lines).

Warning (2018): Function state mutability can be restricted to pure
   --> test/DailySavingsAdvancedTest.t.sol:955:5:
    |
955 |     function testDailySavings_ComprehensiveReport() public view {
    |     ^ (Relevant source part starts here and spans across multiple lines).

Warning (2018): Function state mutability can be restricted to view
   --> test/DeploymentTest.t.sol:444:5:
    |
444 |     function testDeploy_HookFlagCompliance() public {
    |     ^ (Relevant source part starts here and spans across multiple lines).

Warning (2018): Function state mutability can be restricted to view
   --> test/ERC6909ComplianceTest.t.sol:195:5:
    |
195 |     function testERC6909_BalanceOf() public {
    |     ^ (Relevant source part starts here and spans across multiple lines).

Warning (2018): Function state mutability can be restricted to view
   --> test/ModuleRegistryUpgradeTest.t.sol:360:5:
    |
360 |     function testModuleRegistry_ModuleRegistration() public {
    |     ^ (Relevant source part starts here and spans across multiple lines).

Warning (2018): Function state mutability can be restricted to view
   --> test/ModuleRegistryUpgradeTest.t.sol:393:5:
    |
393 |     function testModuleRegistry_ModuleAuthorization() public {
    |     ^ (Relevant source part starts here and spans across multiple lines).

Warning (2018): Function state mutability can be restricted to view
   --> test/ModuleRegistryUpgradeTest.t.sol:411:5:
    |
411 |     function testModuleRegistry_ModuleQueryFunctions() public {
    |     ^ (Relevant source part starts here and spans across multiple lines).

Warning (2018): Function state mutability can be restricted to view
   --> test/ModuleRegistryUpgradeTest.t.sol:527:5:
    |
527 |     function testModuleRegistry_CrossModuleDataFlow() public {
    |     ^ (Relevant source part starts here and spans across multiple lines).

Warning (2018): Function state mutability can be restricted to view
   --> test/ModuleRegistryUpgradeTest.t.sol:551:5:
    |
551 |     function testModuleRegistry_ModuleInterdependency() public {
    |     ^ (Relevant source part starts here and spans across multiple lines).

Warning (2018): Function state mutability can be restricted to view
   --> test/ModuleRegistryUpgradeTest.t.sol:617:5:
    |
617 |     function testModuleRegistry_BackwardCompatibility() public {
    |     ^ (Relevant source part starts here and spans across multiple lines).

Warning (2018): Function state mutability can be restricted to view
   --> test/PackedStorageIntegrityTest.t.sol:258:5:
    |
258 |     function testPackedStorage_PackedUserConfigIntegrity() public {
    |     ^ (Relevant source part starts here and spans across multiple lines).

Warning (2018): Function state mutability can be restricted to view
   --> test/PerformanceTest.t.sol:399:5:
    |
399 |     function testPerformance_GasTargets() public {
    |     ^ (Relevant source part starts here and spans across multiple lines).

Warning (2018): Function state mutability can be restricted to view
   --> test/PerformanceTest.t.sol:805:5:
    |
805 |     function testPerformance_OptimizationComparison() public {
    |     ^ (Relevant source part starts here and spans across multiple lines).

Warning (2018): Function state mutability can be restricted to view
   --> test/SpendSaveAnalyticsTest.t.sol:444:5:
    |
444 |     function testAnalytics_GetPoolAnalytics() public {
    |     ^ (Relevant source part starts here and spans across multiple lines).

Warning (2018): Function state mutability can be restricted to view
   --> test/SpendSaveAnalyticsTest.t.sol:462:5:
    |
462 |     function testAnalytics_GetPoolAnalyticsMultiplePools() public {
    |     ^ (Relevant source part starts here and spans across multiple lines).

Warning (2018): Function state mutability can be restricted to view
   --> test/SpendSaveDCARouterTest.t.sol:715:5:
    |
715 |     function testDCARouter_ValidateTokenLiquidity() public {
    |     ^ (Relevant source part starts here and spans across multiple lines).

Warning (2018): Function state mutability can be restricted to pure
   --> test/SpendSaveDCARouterTest.t.sol:730:5:
    |
730 |     function testDCARouter_GetCommonIntermediaries() public {
    |     ^ (Relevant source part starts here and spans across multiple lines).

Warning (2018): Function state mutability can be restricted to view
   --> test/SpendSaveLiquidityManagerTest.t.sol:799:5:
    |
799 |     function testLiquidityManager_PreviewSavingsToLP() public {
    |     ^ (Relevant source part starts here and spans across multiple lines).

Warning (2018): Function state mutability can be restricted to view
   --> test/SpendSaveLiquidityManagerTest.t.sol:827:5:
    |
827 |     function testLiquidityManager_PreviewZeroSavings() public {
    |     ^ (Relevant source part starts here and spans across multiple lines).

Warning (2018): Function state mutability can be restricted to pure
   --> test/SpendSaveLiquidityManagerTest.t.sol:947:5:
    |
947 |     function testLiquidityManager_RebalanceZeroLiquidity() public {
    |     ^ (Relevant source part starts here and spans across multiple lines).

Warning (2018): Function state mutability can be restricted to view
   --> test/StateViewFunctionsTest.t.sol:244:5:
    |
244 |     function testStateView_getTickInfo() public {
    |     ^ (Relevant source part starts here and spans across multiple lines).

Warning (2018): Function state mutability can be restricted to view
   --> test/StateViewFunctionsTest.t.sol:272:5:
    |
272 |     function testStateView_getPositionInfo() public {
    |     ^ (Relevant source part starts here and spans across multiple lines).

Warning (2018): Function state mutability can be restricted to view
   --> test/StateViewFunctionsTest.t.sol:297:5:
    |
297 |     function testStateView_getFeeGrowthGlobals() public {
    |     ^ (Relevant source part starts here and spans across multiple lines).

Warning (2018): Function state mutability can be restricted to view
   --> test/StateViewFunctionsTest.t.sol:317:5:
    |
317 |     function testStateView_getTickLiquidity() public {
    |     ^ (Relevant source part starts here and spans across multiple lines).

Warning (2018): Function state mutability can be restricted to view
   --> test/StateViewFunctionsTest.t.sol:338:5:
    |
338 |     function testStateView_getLiquidity() public {
    |     ^ (Relevant source part starts here and spans across multiple lines).

Warning (2018): Function state mutability can be restricted to view
   --> test/StateViewFunctionsTest.t.sol:355:5:
    |
355 |     function testStateView_getSlot0() public {
    |     ^ (Relevant source part starts here and spans across multiple lines).

Warning (2018): Function state mutability can be restricted to view
   --> test/StateViewFunctionsTest.t.sol:381:5:
    |
381 |     function testStateView_getTickBitmap() public {
    |     ^ (Relevant source part starts here and spans across multiple lines).

Warning (2018): Function state mutability can be restricted to view
   --> test/StateViewFunctionsTest.t.sol:400:5:
    |
400 |     function testStateView_getTickFeeGrowthOutside() public {
    |     ^ (Relevant source part starts here and spans across multiple lines).

Warning (2018): Function state mutability can be restricted to view
   --> test/StateViewFunctionsTest.t.sol:423:5:
    |
423 |     function testStateView_getPositionInfoById() public {
    |     ^ (Relevant source part starts here and spans across multiple lines).

Warning (2018): Function state mutability can be restricted to view
   --> test/StateViewFunctionsTest.t.sol:446:5:
    |
446 |     function testStateView_getPositionLiquidity() public {
    |     ^ (Relevant source part starts here and spans across multiple lines).

Warning (2018): Function state mutability can be restricted to view
   --> test/StateViewFunctionsTest.t.sol:464:5:
    |
464 |     function testStateView_StressTest() public {
    |     ^ (Relevant source part starts here and spans across multiple lines).

Warning (2018): Function state mutability can be restricted to view
   --> test/TokenModuleAdvancedTest.t.sol:545:5:
    |
545 |     function testTokenModule_TokenMetadataFunctions() public {
    |     ^ (Relevant source part starts here and spans across multiple lines).

Warning (4591): There are more than 256 warnings. Ignoring the rest.
Analysing contracts...
Running tests...

Ran 2 tests for test/crosschain/CrossChainDCAModule.t.sol:CrossChainDCAModuleViewTest
[PASS] testFindBestLiquidityChainFallsBackToCurrentChain() (gas: 13324)
[PASS] testFindBestLiquidityChainUsesRouterQuote() (gas: 367656)
Suite result: ok. 2 passed; 0 failed; 0 skipped; finished in 14.75ms (706.12µs CPU time)

Ran 1 test for test/crosschain/CrossChainSavingsModule.t.sol:CrossChainSavingsModuleTest
[PASS] testTransferAndReceiveSavings() (gas: 635223)
Suite result: ok. 1 passed; 0 failed; 0 skipped; finished in 4.40ms (1.01ms CPU time)

Ran 36 tests for test/ComprehensiveTests.sol:ComprehensiveTests
[PASS] testAccessControl_OnlyHook() (gas: 75729528)
[PASS] testAccessControl_OnlyModule() (gas: 75751285)
[PASS] testAccessControl_OnlyOwner() (gas: 75773789)
[PASS] testDCA_Initialize() (gas: 82852981)
[PASS] testDailySavings_Initialize() (gas: 79972941)
[PASS] testErrorHandling_InsufficientBalance() (gas: 75747268)
[PASS] testErrorHandling_Reinitialization() (gas: 75721380)
[PASS] testErrorHandling_ZeroAddress() (gas: 75721418)
[PASS] testGas_ModuleRegistration() (gas: 75772811)
[PASS] testGas_StorageOperations() (gas: 75747363)
[PASS] testHook_EmergencyPause() (gas: 75721204)
[PASS] testHook_GetHookPermissions() (gas: 75724692)
[PASS] testHook_GetProcessingQueue() (gas: 75725415)
[PASS] testHook_ProcessDailySavings() (gas: 75732874)
[PASS] testIntegration_ModuleWorkflow() (gas: 75925958)
[PASS] testIntegration_SwapContextWorkflow() (gas: 75754062)
[PASS] testPoolKey_Creation() (gas: 75796453)
[PASS] testPoolKey_GetPoolKey() (gas: 75719652)
[PASS] testSavings_GetModuleVersion() (gas: 75720485)
[PASS] testSavings_GetSavingsDetails() (gas: 75831648)
[PASS] testSavings_GetUserSavings() (gas: 75903877)
[PASS] testSavings_Initialize() (gas: 75720170)
[PASS] testSavings_PauseResume() (gas: 75729951)
[PASS] testSavings_SetWithdrawalTimelock() (gas: 75750699)
[PASS] testSlippage_Initialize() (gas: 77301403)
[PASS] testStorage_BalanceOperations() (gas: 75758354)
[PASS] testStorage_Initialize() (gas: 75721558)
[PASS] testStorage_RegisterModule() (gas: 75772816)
[PASS] testStorage_SavingsOperations() (gas: 75825237)
[PASS] testStorage_SwapContext() (gas: 75754112)
[PASS] testStorage_TokenIdManagement() (gas: 75777049)
[PASS] testStorage_TotalSupplyOperations() (gas: 75752080)
[PASS] testStrategy_Initialize() (gas: 78557913)
[PASS] testToken_BalanceOperations() (gas: 75774210)
[PASS] testToken_GetTokenId() (gas: 75724124)
[PASS] testToken_Initialize() (gas: 81877873)
Suite result: ok. 36 passed; 0 failed; 0 skipped; finished in 1.53s (1.52s CPU time)

Ran 9 tests for test/DCASlippageTest.t.sol:DCASlippageTest
[PASS] testDCASlippage_BasicSlippageProtection() (gas: 11273)
[PASS] testDCASlippage_ComprehensiveReport() (gas: 111935)
[PASS] testDCASlippage_CustomSlippagePerUser() (gas: 50080)
[PASS] testDCASlippage_DynamicSlippageAdjustment() (gas: 7677)
[PASS] testDCASlippage_EdgeCases() (gas: 9453)
[PASS] testDCASlippage_GasEfficiency() (gas: 7295)
[PASS] testDCASlippage_PriceImpactCalculation() (gas: 14253)
[PASS] testDCASlippage_SlippageExceededHandling() (gas: 8339)
[PASS] testDCASlippage_SlippageToleranceEnforcement() (gas: 9386)
Suite result: ok. 9 passed; 0 failed; 0 skipped; finished in 2.72s (22.86ms CPU time)

Ran 7 tests for test/HookGasOptimizationTest.t.sol:HookGasOptimizationTest
[PASS] testGasOptimization_BatchOperationsScenario() (gas: 197603)
[PASS] testGasOptimization_ComprehensiveReport() (gas: 1868182)
[PASS] testGasOptimization_ExtremeSavingsScenario() (gas: 776677)
[PASS] testGasOptimization_MinimalSavingsScenario() (gas: 510794)
[PASS] testGasOptimization_NoSavingsScenario() (gas: 193411)
[PASS] testGasOptimization_OutputSavingsWithDCA() (gas: 506698)
[PASS] testGasOptimization_OutputSavings_CorrectDeltaAndGas() (gas: 378523)
Suite result: ok. 7 passed; 0 failed; 0 skipped; finished in 2.75s (25.71ms CPU time)

Ran 18 tests for test/AdminFunctionsTest.t.sol:AdminFunctionsTest
[PASS] testAdmin_CompleteWorkflow() (gas: 314832)
[PASS] testAdmin_ComprehensiveReport() (gas: 677381)
[PASS] testAdmin_DefaultSlippageTolerance() (gas: 41688)
[PASS] testAdmin_DefaultSlippageToleranceUnauthorized() (gas: 18047)
[PASS] testAdmin_EmergencyPause() (gas: 17878)
[PASS] testAdmin_EmergencyPauseUnauthorized() (gas: 17521)
[PASS] testAdmin_FeeCollectionAndDistribution() (gas: 298395)
[PASS] testAdmin_IntermediaryTokens() (gas: 93826)
[PASS] testAdmin_IntermediaryTokensUnauthorized() (gas: 20934)
[PASS] testAdmin_MaxSavingsPercentage() (gas: 24573)
[PASS] testAdmin_MaxSavingsPercentageUnauthorized() (gas: 18032)
[PASS] testAdmin_ModuleRegistration() (gas: 70718)
[PASS] testAdmin_ModuleRegistrationUnauthorized() (gas: 20435)
[PASS] testAdmin_OwnershipTransfer() (gas: 36615)
[PASS] testAdmin_OwnershipTransferUnauthorized() (gas: 20153)
[PASS] testAdmin_ParameterValidation() (gas: 22740)
[PASS] testAdmin_TreasuryManagement() (gas: 35355)
[PASS] testAdmin_TreasuryManagementUnauthorized() (gas: 24809)
Suite result: ok. 18 passed; 0 failed; 0 skipped; finished in 2.89s (151.47ms CPU time)

Ran 15 tests for test/CrossModuleCommunicationTest.t.sol:CrossModuleCommunicationTest
[PASS] testCrossModule_CompleteWorkflow() (gas: 1204091)
[PASS] testCrossModule_ComprehensiveReport() (gas: 8052854)
[PASS] testCrossModule_CrossModuleDataConsistency() (gas: 362531)
[PASS] testCrossModule_DCAToSlippageModule() (gas: 189193)
[PASS] testCrossModule_ModuleAuthorization() (gas: 39962)
[PASS] testCrossModule_ModuleOnlyFunctions() (gas: 61593)
[PASS] testCrossModule_ModuleReferenceValidation() (gas: 34347)
[PASS] testCrossModule_ModuleRegistration() (gas: 46620)
[PASS] testCrossModule_ModuleRegistryQueryFunctions() (gas: 31180)
[PASS] testCrossModule_ModuleUpgrade() (gas: 5828324)
[PASS] testCrossModule_SavingsStrategyToSavings() (gas: 209078)
[PASS] testCrossModule_SavingsToLiquidityManager() (gas: 999129)
[PASS] testCrossModule_SavingsToTokenModule() (gas: 226509)
[PASS] testCrossModule_TokenModuleToDCAModule() (gas: 239874)
[PASS] testCrossModule_UnauthorizedModuleAccess() (gas: 23697)
Suite result: ok. 15 passed; 0 failed; 0 skipped; finished in 2.97s (235.44ms CPU time)

Ran 19 tests for test/DailySavingsAdvancedTest.t.sol:DailySavingsAdvancedTest
[PASS] testDailySavings_AutomatedExecutionEfficiency() (gas: 990059)
[PASS] testDailySavings_AutomatedExecutionInsufficientFunds() (gas: 323585)
[PASS] testDailySavings_AutomatedExecutionTiming() (gas: 552036)
[PASS] testDailySavings_CompleteWorkflow() (gas: 1376448)
[PASS] testDailySavings_ComprehensiveReport() (gas: 29615)
[PASS] testDailySavings_ConfigureDailySavingsBasic() (gas: 291714)
[PASS] testDailySavings_ConfigureDailySavingsInvalidParameters() (gas: 54672)
[PASS] testDailySavings_ConfigureDailySavingsMultipleTokens() (gas: 529821)
[PASS] testDailySavings_ConfigureDailySavingsWithExistingSavings() (gas: 388419)
[PASS] testDailySavings_DisableDailySavings() (gas: 251916)
[PASS] testDailySavings_GasManagementBatchOperations() (gas: 1446724)
[PASS] testDailySavings_GasManagementInsufficientGas() (gas: 303326)
[PASS] testDailySavings_GetDailyExecutionStatus() (gas: 315749)
[PASS] testDailySavings_GetDailySavingsStatus() (gas: 295977)
[PASS] testDailySavings_GoalAchievementAutomaticCompletion() (gas: 1206784)
[PASS] testDailySavings_GoalAchievementDetection() (gas: 733413)
[PASS] testDailySavings_HasPendingDailySavings() (gas: 316904)
[PASS] testDailySavings_WithdrawAfterGoalReached() (gas: 1240345)
[PASS] testDailySavings_WithdrawWithPenalty() (gas: 636731)
Suite result: ok. 19 passed; 0 failed; 0 skipped; finished in 3.15s (342.49ms CPU time)

Ran 14 tests for test/CriticalHookTests.t.sol:CriticalHookTests
[PASS] testAfterSwap_InputSavings_ReturnsZeroDelta() (gas: 378214)
[PASS] testAfterSwap_OutputSavings_ReturnsNonZeroDelta() (gas: 379963)
[PASS] testBeforeSwapInternal_BasicFunctionality() (gas: 85653)
[PASS] testBeforeSwapInternal_EdgeCases() (gas: 118674)
[PASS] testBeforeSwapInternal_ExactOutputSwap() (gas: 79459)
[FAIL: Should be gas efficient even with complex config] testBeforeSwapInternal_GasOptimization() (gas: 136294)
[PASS] testBeforeSwapInternal_NoSavingsStrategy() (gas: 51376)
[PASS] testBeforeSwapInternal_OutputSavingsType() (gas: 79464)
[PASS] testBeforeSwapInternal_RoundUpSavings() (gas: 77892)
[PASS] testBeforeSwapInternal_TransientStorageIntegrity() (gas: 156027)
[PASS] testBeforeSwapInternal_UserExtractionFromHookData() (gas: 85003)
[PASS] testRealSwap_Baseline_NoSavings() (gas: 630936)
[PASS] testRealSwap_USDC_to_ETH_Simulation() (gas: 982681)
[PASS] testRealSwap_WithInputSavings() (gas: 964161)
Suite result: FAILED. 13 passed; 1 failed; 0 skipped; finished in 3.01s (177.32ms CPU time)

Ran 11 tests for test/DCALifecycleTest.t.sol:DCALifecycleTest
[PASS] testDCALifecycle_CompleteCycle() (gas: 249077)
[PASS] testDCALifecycle_ComprehensiveReport() (gas: 833940)
[PASS] testDCALifecycle_DisableDCA() (gas: 192957)
[PASS] testDCALifecycle_EnableDCABasic() (gas: 197450)
[PASS] testDCALifecycle_EnableDCAMultipleTokens() (gas: 229253)
[PASS] testDCALifecycle_EnableDCAWithStrategy() (gas: 220559)
[PASS] testDCALifecycle_ExecuteDCABasic() (gas: 213463)
[PASS] testDCALifecycle_ExecuteDCAInsufficientFunds() (gas: 186912)
[PASS] testDCALifecycle_ExecuteDCAWithSlippage() (gas: 196165)
[PASS] testDCALifecycle_QueueManagement() (gas: 189190)
[PASS] testDCALifecycle_TickBasedExecution() (gas: 191720)
Suite result: ok. 11 passed; 0 failed; 0 skipped; finished in 219.28ms (171.58ms CPU time)

Ran 15 tests for test/ERC6909ComplianceTest.t.sol:ERC6909ComplianceTest
[PASS] testERC6909_Allowance() (gas: 77621)
[PASS] testERC6909_Approve() (gas: 77629)
[PASS] testERC6909_AuthorizationCompliance() (gas: 74523)
[PASS] testERC6909_BalanceOf() (gas: 48782)
[PASS] testERC6909_BatchTransfer() (gas: 169414)
[PASS] testERC6909_BatchTransfer_InvalidArrays() (gas: 29072)
[PASS] testERC6909_BurnInsufficientBalance() (gas: 41033)
[PASS] testERC6909_ComprehensiveCompliance() (gas: 752937)
[PASS] testERC6909_Metadata() (gas: 90541)
[PASS] testERC6909_MintBurn() (gas: 101569)
[PASS] testERC6909_Transfer() (gas: 111570)
[PASS] testERC6909_TransferFrom() (gas: 131942)
[PASS] testERC6909_TransferFrom_InsufficientAllowance() (gas: 84592)
[PASS] testERC6909_Transfer_InsufficientBalance() (gas: 62013)
[PASS] testERC6909_ZeroAmountOperations() (gas: 73249)
Suite result: ok. 15 passed; 0 failed; 0 skipped; finished in 152.08ms (131.91ms CPU time)

Ran 12 tests for test/DCATickLogicTest.t.sol:DCATickLogicTest
[PASS] testDCATickLogic_ComprehensiveReport() (gas: 1747948)
[PASS] testDCATickLogic_DynamicSizingIntegration() (gas: 26803)
[PASS] testDCATickLogic_ShouldExecuteDCAAtTickAlreadyExecuted() (gas: 438249)
[PASS] testDCATickLogic_ShouldExecuteDCAAtTickBasic() (gas: 394009)
[PASS] testDCATickLogic_ShouldExecuteDCAAtTickExpired() (gas: 394045)
[PASS] testDCATickLogic_ShouldExecuteDCAAtTickWithMinImprovement() (gas: 407612)
[PASS] testDCATickLogic_ShouldExecuteDCAAtTickWithPriceImprovement() (gas: 410440)
[PASS] testDCATickLogic_ShouldExecuteDCABasic() (gas: 56239)
[PASS] testDCATickLogic_ShouldExecuteDCAWithTickMovement() (gas: 64935)
[FAIL: IndexOutOfBounds()] testDCATickLogic_StressTest() (gas: 60013)
[PASS] testDCATickLogic_TickExpiryHandling() (gas: 52331)
[PASS] testDCATickLogic_TickStrategyConfiguration() (gas: 44411)
Suite result: FAILED. 11 passed; 1 failed; 0 skipped; finished in 3.00s (63.56ms CPU time)

Ran 7 tests for test/IntegrationTest.t.sol:IntegrationTest
[PASS] testIntegration_CompleteBatchOperationsJourney() (gas: 354359)
[PASS] testIntegration_CompleteDCAJourney() (gas: 439145)
[PASS] testIntegration_CompleteDailySavingsJourney() (gas: 300513)
[PASS] testIntegration_CompleteSavingsToSwapToLPJourney() (gas: 292107)
[PASS] testIntegration_ComprehensiveReport() (gas: 2222419)
[PASS] testIntegration_MultiUserMultiFeatureJourney() (gas: 1227606)
[PASS] testIntegration_RealTimeAnalyticsIntegration() (gas: 926645)
Suite result: ok. 7 passed; 0 failed; 0 skipped; finished in 3.15s (191.61ms CPU time)

Ran 1 test for test/MinimalTest.t.sol:MinimalTest
[PASS] testStorageSetMaxSavingsPercentage() (gas: 11057230)
Suite result: ok. 1 passed; 0 failed; 0 skipped; finished in 2.81ms (1.32ms CPU time)

Ran 12 tests for test/BatchOperationsAtomicityTest.t.sol:BatchOperationsAtomicityTest
[PASS] testBatchAtomicity_ArrayLengthMismatch() (gas: 57434)
[FAIL: EvmError: Revert] testBatchAtomicity_ComprehensiveReport() (gas: 569070)
[FAIL: EvmError: Revert] testBatchAtomicity_CrossModuleOperations() (gas: 187874)
[FAIL: EvmError: Revert] testBatchAtomicity_SavingsProcessingSuccess() (gas: 107722)
[PASS] testBatchAtomicity_TokenBurnFailure() (gas: 88916)
[PASS] testBatchAtomicity_TokenBurnSuccess() (gas: 107564)
[PASS] testBatchAtomicity_TokenMintFailure() (gas: 79055)
[PASS] testBatchAtomicity_TokenMintSuccess() (gas: 171356)
[PASS] testBatchAtomicity_TokenRegistrationFailure() (gas: 1323101)
[PASS] testBatchAtomicity_TokenRegistrationSuccess() (gas: 2609041)
[PASS] testBatchAtomicity_TokenTransferFailure() (gas: 99680)
[PASS] testBatchAtomicity_TokenTransferSuccess() (gas: 112170)
Suite result: FAILED. 9 passed; 3 failed; 0 skipped; finished in 197.06ms (42.41ms CPU time)

Ran 12 tests for test/SpendSaveAnalyticsTest.t.sol:SpendSaveAnalyticsTest
[FAIL: TokenA savings should match: 199800000000000000000 != 100000000000000000000] testAnalytics_CompleteWorkflow() (gas: 322444)
[FAIL: Alice tokenA savings should match: 99900000000000000000 != 100000000000000000000] testAnalytics_ComprehensiveReport() (gas: 83249)
[FAIL: Should track DCA amounts: 0 <= 0] testAnalytics_DCATracking() (gas: 152706)
[FAIL: Should track total DCA amounts: 0 <= 0] testAnalytics_DCATrackingMultipleTokens() (gas: 200144)
[FAIL: Should get liquidity: 0 <= 0] testAnalytics_GetPoolAnalytics() (gas: 49814)
[PASS] testAnalytics_GetPoolAnalyticsMultiplePools() (gas: 117088)
[FAIL: Alice tokenA savings should match: 99900000000000000000 != 100000000000000000000] testAnalytics_GetUserPortfolio() (gas: 82427)
[FAIL: Alice should have portfolio value: 0 <= 0] testAnalytics_GetUserPortfolioMultipleUsers() (gas: 174872)
[PASS] testAnalytics_GetUserPortfolioNoSavings() (gas: 24140)
[PASS] testAnalytics_Performance() (gas: 244787)
[FAIL: Should calculate real-time portfolio value: 0 <= 0] testAnalytics_RealTimeValuation() (gas: 81962)
[FAIL: Portfolio value should increase after savings addition: 0 <= 0] testAnalytics_ValuationAfterChanges() (gas: 149827)
Suite result: FAILED. 3 passed; 9 failed; 0 skipped; finished in 3.00s (100.13ms CPU time)

Ran 7 tests for test/AfterSwapInternalTest.t.sol:AfterSwapInternalTest
[PASS] testAfterSwapInternal_ErrorHandling() (gas: 74534)
[PASS] testAfterSwapInternal_GasOptimization() (gas: 767972)
[PASS] testAfterSwapInternal_InputSavingsProcessing() (gas: 419055)
[PASS] testAfterSwapInternal_NoSavingsFastPath() (gas: 61660)
[PASS] testAfterSwapInternal_OutputSavingsProcessing() (gas: 419557)
[PASS] testAfterSwapInternal_RejectsNonSelfCall() (gas: 48745)
[PASS] testAfterSwapInternal_TransientStorageCleanup() (gas: 410545)
Suite result: ok. 7 passed; 0 failed; 0 skipped; finished in 2.93s (97.02ms CPU time)

Ran 9 tests for test/AdvancedProtocolIntegration.t.sol:AdvancedProtocolIntegration
[PASS] testAnalyticsMetricsTracking() (gas: 365651)
[PASS] testCompleteAdvancedWorkflow() (gas: 478988)
[PASS] testDCARouterAdvancedRouting() (gas: 147748)
[PASS] testEnhancedSlippageProtection() (gas: 28493)
[PASS] testLiquidityManagerIntegration() (gas: 6621)
[PASS] testModuleRegistryUpgrade() (gas: 5648334)
[PASS] testMulticallBatchOperations() (gas: 21706)
[PASS] testQuoterSavingsImpactPreview() (gas: 515135)
[PASS] test_stateViewAnalyticsIntegration() (gas: 97402)
Suite result: ok. 9 passed; 0 failed; 0 skipped; finished in 3.43s (97.84ms CPU time)

Ran 15 tests for test/EdgeCaseTest.t.sol:EdgeCaseTest
[PASS] testEdge_BackwardCompatibility() (gas: 5656267)
[PASS] testEdge_ComprehensiveReport() (gas: 10757457)
[PASS] testEdge_DataMigration() (gas: 66340)
[PASS] testEdge_ExtremeSavingsPercentage() (gas: 66175)
[PASS] testEdge_ExtremeSlippageTolerance() (gas: 189000)
[PASS] testEdge_ForwardCompatibility() (gas: 205502)
[PASS] testEdge_FrontRunningProtection() (gas: 76439)
[PASS] testEdge_GasLimitExhaustion() (gas: 218973)
[PASS] testEdge_HighGasPriceHandling() (gas: 66781)
[PASS] testEdge_MinimalAmountOperations() (gas: 266572)
[PASS] testEdge_ReentrancyProtection() (gas: 66291)
[PASS] testEdge_SandwichAttackResistance() (gas: 199456)
[PASS] testEdge_StressTestLargeAmounts() (gas: 291408)
[PASS] testEdge_StressTestMultipleUsers() (gas: 4180785)
[PASS] testEdge_ZeroAmountOperations() (gas: 30504)
Suite result: ok. 15 passed; 0 failed; 0 skipped; finished in 3.25s (469.82ms CPU time)

Ran 9 tests for test/ModuleAuthorizationTest.t.sol:ModuleAuthorizationTest
[PASS] testModuleAuth_ComprehensiveAuthReport() (gas: 6634203)
[PASS] testModuleAuth_CrossModuleAccess() (gas: 435731)
[PASS] testModuleAuth_EmergencyAccess() (gas: 38621)
[PASS] testModuleAuth_HookOnlyAccess() (gas: 83941)
[PASS] testModuleAuth_ModuleInitializationSecurity() (gas: 5603912)
[PASS] testModuleAuth_OwnerOnlyAccess() (gas: 90670)
[PASS] testModuleAuth_StorageOnlyModuleAccess() (gas: 55260)
[PASS] testModuleAuth_TokenTransferSecurity() (gas: 222046)
[PASS] testModuleAuth_UserAuthorizationPattern() (gas: 242832)
Suite result: ok. 9 passed; 0 failed; 0 skipped; finished in 2.89s (84.24ms CPU time)

Ran 8 tests for test/BeforeSwapInternalTest.t.sol:BeforeSwapInternalTest
[PASS] testBeforeSwapInternal_BasicFunctionality() (gas: 80182)
[PASS] testBeforeSwapInternal_EdgeCases() (gas: 118834)
[FAIL: Should be gas efficient even with complex config] testBeforeSwapInternal_GasOptimization() (gas: 136435)
[PASS] testBeforeSwapInternal_NoSavingsStrategy() (gas: 51593)
[PASS] testBeforeSwapInternal_OutputSavingsType() (gas: 79615)
[PASS] testBeforeSwapInternal_RejectsNonSelfCall() (gas: 47849)
[PASS] testBeforeSwapInternal_TransientStorageIntegrity() (gas: 156402)
[PASS] testBeforeSwapInternal_UserExtractionFromHookData() (gas: 86038)
Suite result: FAILED. 7 passed; 1 failed; 0 skipped; finished in 2.91s (23.48ms CPU time)

Ran 21 tests for test/SpendSaveDCARouterTest.t.sol:SpendSaveDCARouterTest
[FAIL: At least some orders should succeed: 0 <= 0] testDCARouter_BatchExecuteDCA() (gas: 91508)
[PASS] testDCARouter_BatchExecuteDCAEmpty() (gas: 23141)
[PASS] testDCARouter_BatchExecuteDCAExpired() (gas: 31749)
[FAIL: Path should be cleared] testDCARouter_ClearCachedPath() (gas: 189730)
[PASS] testDCARouter_ClearCachedPathUnauthorized() (gas: 30276)
[FAIL: InputLengthMismatch()] testDCARouter_ComprehensiveReport() (gas: 149411)
[PASS] testDCARouter_DiscoverOptimalPath() (gas: 156838)
[PASS] testDCARouter_DiscoverOptimalPathDirect() (gas: 109037)
[FAIL: InputLengthMismatch()] testDCARouter_ExecuteDCAWithRoutingDirect() (gas: 148523)
[FAIL: Error != expected error: InputLengthMismatch() != Insufficient output amount] testDCARouter_ExecuteDCAWithRoutingInsufficientOutput() (gas: 133701)
[PASS] testDCARouter_ExecuteDCAWithRoutingInvalidTokens() (gas: 51181)
[PASS] testDCARouter_ExecuteDCAWithRoutingInvalidUser() (gas: 28165)
[FAIL: InputLengthMismatch()] testDCARouter_ExecuteDCAWithRoutingMultiHop() (gas: 186904)
[FAIL: InputLengthMismatch()] testDCARouter_FullWorkflow() (gas: 239684)
[PASS] testDCARouter_GasOptimizationBatchVsIndividual() (gas: 428940)
[PASS] testDCARouter_GetCachedOptimalPath() (gas: 169114)
[PASS] testDCARouter_GetCachedOptimalPathExpired() (gas: 173341)
[PASS] testDCARouter_GetCommonIntermediaries() (gas: 5292)
[FAIL: Should provide path: 0 <= 0] testDCARouter_PreviewDCAExecution() (gas: 26272)
[FAIL: Should provide multi-hop path: 0 <= 1] testDCARouter_PreviewDCAExecutionMultiHop() (gas: 26282)
[PASS] testDCARouter_ValidateTokenLiquidity() (gas: 9926)
Suite result: FAILED. 12 passed; 9 failed; 0 skipped; finished in 2.81s (56.77ms CPU time)

Ran 12 tests for test/StateViewFunctionsTest.t.sol:StateViewFunctionsTest
[PASS] testStateView_ComprehensiveReport() (gas: 304498)
[PASS] testStateView_StressTest() (gas: 144370)
[PASS] testStateView_getFeeGrowthGlobals() (gas: 31095)
[PASS] testStateView_getLiquidity() (gas: 25664)
[PASS] testStateView_getPositionInfo() (gas: 39481)
[PASS] testStateView_getPositionInfoById() (gas: 38949)
[PASS] testStateView_getPositionLiquidity() (gas: 29545)
[PASS] testStateView_getSlot0() (gas: 30818)
[PASS] testStateView_getTickBitmap() (gas: 27027)
[PASS] testStateView_getTickFeeGrowthOutside() (gas: 33479)
[PASS] testStateView_getTickInfo() (gas: 39230)
[PASS] testStateView_getTickLiquidity() (gas: 29471)
Suite result: ok. 12 passed; 0 failed; 0 skipped; finished in 2.83s (73.10ms CPU time)

Ran 2 tests for test/fuzz/TimeFuzz.t.sol:TimeFuzz
[PASS] testFuzz_dailySavingsTiming(uint256,uint256,uint256) (runs: 32, μ: 10986, ~: 11996)
[PASS] testFuzz_timelockCalculations(uint256,uint256,uint256) (runs: 32, μ: 8180, ~: 7939)
Suite result: ok. 2 passed; 0 failed; 0 skipped; finished in 129.27ms (252.09ms CPU time)

Ran 20 tests for test/TokenModuleAdvancedTest.t.sol:TokenModuleAdvancedTest
[PASS] testTokenModule_BalanceOfBatch() (gas: 159193)
[PASS] testTokenModule_BatchBurnInsufficientBalance() (gas: 38523)
[PASS] testTokenModule_BatchBurnSavingsTokens() (gas: 232085)
[PASS] testTokenModule_BatchMintSavingsTokens() (gas: 170391)
[PASS] testTokenModule_BatchMintSavingsTokensArrayMismatch() (gas: 23259)
[PASS] testTokenModule_BatchTokenRegistration() (gas: 3835591)
[PASS] testTokenModule_BatchTransfer() (gas: 193465)
[PASS] testTokenModule_BatchTransferArrayMismatch() (gas: 31853)
[PASS] testTokenModule_BatchTransferToZeroAddress() (gas: 26822)
[PASS] testTokenModule_CompleteWorkflow() (gas: 1766134)
[FAIL: Alice should have remaining tokens: 720000000000000000000 != 550000000000000000000] testTokenModule_ComprehensiveReport() (gas: 5907281)
[PASS] testTokenModule_OperatorSetAndTransfer() (gas: 127897)
[PASS] testTokenModule_SafeTransferFromWithReceiver() (gas: 279749)
[PASS] testTokenModule_SafeTransferNonReceiver() (gas: 175523)
[PASS] testTokenModule_SafeTransferWithReceiver() (gas: 263887)
[PASS] testTokenModule_StressTestLargeBatchOperations() (gas: 69793294)
[PASS] testTokenModule_TokenMetadataFunctions() (gas: 49008)
[PASS] testTokenModule_TokenMetadataUnregisteredToken() (gas: 24147)
[PASS] testTokenModule_TokenRegistrationInvalidAddress() (gas: 19343)
[PASS] testTokenModule_TokenRegistrationLifecycle() (gas: 1323847)
Suite result: FAILED. 19 passed; 1 failed; 0 skipped; finished in 3.10s (307.63ms CPU time)

Ran 14 tests for test/TokenModuleLifecycleTest.t.sol:TokenModuleLifecycleTest
[PASS] testTokenModule_ApprovalFunctionality() (gas: 62320)
[PASS] testTokenModule_BalanceOfBatch() (gas: 227382)
[PASS] testTokenModule_BatchBurnSavingsTokens() (gas: 287305)
[PASS] testTokenModule_BatchMintSavingsTokens() (gas: 227304)
[PASS] testTokenModule_BatchTokenRegistration() (gas: 2563495)
[PASS] testTokenModule_BurnSavingsToken() (gas: 124586)
[FAIL: Alice A balance should be correct: 200000000000000000000 != 50000000000000000000] testTokenModule_ComprehensiveReport() (gas: 4182334)
[PASS] testTokenModule_ErrorHandling() (gas: 118504)
[PASS] testTokenModule_MintSavingsToken() (gas: 95467)
[PASS] testTokenModule_StressTest() (gas: 69102331)
[PASS] testTokenModule_TokenRegistration() (gas: 1311839)
[PASS] testTokenModule_TokenRegistrationDuplicate() (gas: 33211)
[PASS] testTokenModule_TransferFromFunctionality() (gas: 177236)
[PASS] testTokenModule_TransferFunctionality() (gas: 135428)
Suite result: FAILED. 13 passed; 1 failed; 0 skipped; finished in 3.44s (239.04ms CPU time)

Ran 8 tests for test/PackedStorageIntegrityTest.t.sol:PackedStorageIntegrityTest
[PASS] testPackedStorage_BitFieldBoundaries() (gas: 186110)
[PASS] testPackedStorage_ComprehensiveStorageReport() (gas: 1208932)
[PASS] testPackedStorage_ConcurrentAccessSafety() (gas: 204617)
[PASS] testPackedStorage_DataIntegrityUnderLoad() (gas: 636354)
[PASS] testPackedStorage_MemoryVsStorageConsistency() (gas: 101318)
[PASS] testPackedStorage_PackedSwapContextIntegrity() (gas: 102755)
[PASS] testPackedStorage_PackedUserConfigIntegrity() (gas: 36103)
[PASS] testPackedStorage_SingleSlotOperations() (gas: 57446)
Suite result: ok. 8 passed; 0 failed; 0 skipped; finished in 3.01s (43.92ms CPU time)

Ran 14 tests for test/ModuleRegistryUpgradeTest.t.sol:ModuleRegistryUpgradeTest
[PASS] testModuleRegistry_BackwardCompatibility() (gas: 39666)
[PASS] testModuleRegistry_CompleteWorkflow() (gas: 5689101)
[PASS] testModuleRegistry_ComprehensiveReport() (gas: 303510385)
[PASS] testModuleRegistry_CrossModuleDataFlow() (gas: 28199)
[PASS] testModuleRegistry_ForwardCompatibility() (gas: 5666730)
[PASS] testModuleRegistry_ModuleAuthorization() (gas: 52106)
[PASS] testModuleRegistry_ModuleInterdependency() (gas: 58564)
[PASS] testModuleRegistry_ModuleOnlyFunctions() (gas: 51589)
[PASS] testModuleRegistry_ModuleQueryFunctions() (gas: 31115)
[PASS] testModuleRegistry_ModuleRegistration() (gas: 46575)
[PASS] testModuleRegistry_ModuleUpgradePattern() (gas: 5828345)
[PASS] testModuleRegistry_StressTest() (gas: 280593155)
[PASS] testModuleRegistry_UnauthorizedModuleAccess() (gas: 23847)
[PASS] testModuleRegistry_UpgradeCompatibility() (gas: 5660667)
Suite result: ok. 14 passed; 0 failed; 0 skipped; finished in 3.51s (363.86ms CPU time)

Ran 8 tests for test/TransientStorageTest.t.sol:TransientStorageTest
[PASS] testTransientStorage_AccessControl() (gas: 64484)
[FAIL: ManagerLocked()] testTransientStorage_BeforeAfterSwapCycle() (gas: 68208)
[PASS] testTransientStorage_Cleanup() (gas: 53377)
[FAIL: ManagerLocked()] testTransientStorage_ComprehensiveReport() (gas: 201663)
[FAIL: ManagerLocked()] testTransientStorage_ConcurrentUsers() (gas: 70627)
[FAIL: ManagerLocked()] testTransientStorage_MultipleSwapCycles() (gas: 69510)
[PASS] testTransientStorage_MultipleUsers() (gas: 101850)
[PASS] testTransientStorage_SetAndGetSwapContext() (gas: 59510)
Suite result: FAILED. 4 passed; 4 failed; 0 skipped; finished in 3.10s (18.25ms CPU time)

Ran 20 tests for test/SpendSaveLiquidityManagerTest.t.sol:SpendSaveLiquidityManagerTest
[PASS] testLiquidityManager_CollectAndCompoundFees() (gas: 971743)
[PASS] testLiquidityManager_CollectFeesNoPositions() (gas: 25037)
[FAIL: Insufficient token0 amount] testLiquidityManager_ComprehensiveReport() (gas: 4985323)
[PASS] testLiquidityManager_ConvertSavingsDeadlinePassed() (gas: 28699)
[PASS] testLiquidityManager_ConvertSavingsInvalidUser() (gas: 28581)
[PASS] testLiquidityManager_ConvertSavingsToLPBasic() (gas: 774654)
[PASS] testLiquidityManager_ConvertSavingsToLPBatch() (gas: 1532690)
[PASS] testLiquidityManager_ConvertSavingsToLPInsufficientAmount() (gas: 46543)
[PASS] testLiquidityManager_ConvertSavingsToLPInvalidTickRange() (gas: 41022)
[PASS] testLiquidityManager_ConvertSavingsToLPMultipleUsers() (gas: 1528291)
[PASS] testLiquidityManager_FullWorkflow() (gas: 1272515)
[PASS] testLiquidityManager_GasOptimizationBatchVsIndividual() (gas: 1962568)
[PASS] testLiquidityManager_GetPositionDetails() (gas: 916827)
[PASS] testLiquidityManager_GetUserPositions() (gas: 905655)
[PASS] testLiquidityManager_PreviewSavingsToLP() (gas: 55929)
[PASS] testLiquidityManager_PreviewZeroSavings() (gas: 30097)
[PASS] testLiquidityManager_RebalanceInvalidRange() (gas: 694759)
[PASS] testLiquidityManager_RebalancePosition() (gas: 1249871)
[PASS] testLiquidityManager_RebalanceUnauthorized() (gas: 696763)
[PASS] testLiquidityManager_RebalanceZeroLiquidity() (gas: 4443)
Suite result: FAILED. 19 passed; 1 failed; 0 skipped; finished in 3.76s (607.10ms CPU time)

Ran 5 tests for test/fuzz/PercentageFuzz.t.sol:PercentageFuzz
[PASS] testFuzz_autoIncrementProgression(uint16,uint16,uint16) (runs: 32, μ: 9275, ~: 9134)
[PASS] testFuzz_dynamicPercentageAdjustment(uint16,uint16,uint16,uint256) (runs: 32, μ: 21439, ~: 13814)
[PASS] testFuzz_maxPercentageEnforced(uint16,uint16) (runs: 32, μ: 6579, ~: 6341)
[PASS] testFuzz_percentageInRange(uint16) (runs: 32, μ: 4653, ~: 4424)
[PASS] testFuzz_specificTokenPercentage(uint16,uint16) (runs: 32, μ: 6482, ~: 6244)
Suite result: ok. 5 passed; 0 failed; 0 skipped; finished in 459.61ms (459.26ms CPU time)

Ran 6 tests for test/ReentrancyProtectionTest.t.sol:ReentrancyProtectionTest
[PASS] testReentrancyProtection_CrossModuleSafety() (gas: 583536)
[FAIL: panic: arithmetic underflow or overflow (0x11)] testReentrancyProtection_HookFunctionsSafeFromReentrancy() (gas: 303552)
[PASS] testReentrancyProtection_ModuleCallsProtected() (gas: 51715)
[PASS] testReentrancyProtection_ProcessDailySavingsBlocked() (gas: 135599)
[PASS] testReentrancyProtection_StateConsistencyUnderReentrancy() (gas: 358712)
[PASS] testReentrancyProtection_TransientStorageIntegrity() (gas: 260042)
Suite result: FAILED. 5 passed; 1 failed; 0 skipped; finished in 2.84s (32.06ms CPU time)

Ran 23 tests for test/SpendSaveMulticallTest.t.sol:SpendSaveMulticallTest
[PASS] testMulticall_AuthorizedExecutor() (gas: 56641)
[PASS] testMulticall_BasicBatchExecution() (gas: 70504)
[PASS] testMulticall_BatchExecuteDCA() (gas: 88727)
[PASS] testMulticall_BatchExecuteDCAArrayMismatch() (gas: 31796)
[PASS] testMulticall_BatchExecuteDCAEmpty() (gas: 23951)
[PASS] testMulticall_BatchExecuteLiquidityOperations() (gas: 135531)
[PASS] testMulticall_BatchExecuteSavings() (gas: 104657)
[PASS] testMulticall_BatchExecuteSavingsSetGoal() (gas: 80332)
[PASS] testMulticall_BatchExecuteSavingsWithdraw() (gas: 86348)
[PASS] testMulticall_BatchExecutionEmpty() (gas: 26312)
[PASS] testMulticall_BatchExecutionGasLimit() (gas: 1008406)
[PASS] testMulticall_BatchExecutionRequireSuccess() (gas: 54926)
[PASS] testMulticall_BatchExecutionWithFailure() (gas: 64915)
[FAIL: Gas refund should reduce pool balance: 500000000000000000 >= 500000000000000000] testMulticall_ComprehensiveReport() (gas: 1554827)
[FAIL: Batch call failed] testMulticall_CrossModuleCommunication() (gas: 61070)
[PASS] testMulticall_EmergencyStop() (gas: 81705)
[PASS] testMulticall_EmergencyStopUnauthorized() (gas: 25364)
[FAIL: Batch call failed] testMulticall_FullWorkflow() (gas: 184964)
[FAIL: Gas estimate should be reasonable: 64204 > 30558] testMulticall_GasEstimation() (gas: 81492)
[FAIL: Gas refund should reduce pool balance: 500000000000000000 >= 500000000000000000] testMulticall_GasRefundEligibility() (gas: 150153)
[FAIL: Pool should be depleted for large refund: 1000000000000000 != 0] testMulticall_GasRefundInsufficientPool() (gas: 169935)
[PASS] testMulticall_GasRefundPoolManagement() (gas: 60092)
[FAIL: next call did not revert as expected] testMulticall_UnauthorizedBatchExecution() (gas: 54341)
Suite result: FAILED. 16 passed; 7 failed; 0 skipped; finished in 3.06s (277.82ms CPU time)

Ran 12 tests for test/PerformanceTest.t.sol:PerformanceTest
[FAIL: Unauthorized] testPerformance_BatchEfficiency() (gas: 26740)
[PASS] testPerformance_BatchOperationEfficiency() (gas: 1814343)
[FAIL: Insufficient token1 amount] testPerformance_CompleteWorkflow() (gas: 910999)
[FAIL: Insufficient token1 amount] testPerformance_ComprehensiveReport() (gas: 911889)
[PASS] testPerformance_GasTargets() (gas: 27551)
[FAIL: Insufficient token1 amount] testPerformance_GasUsageBenchmarks() (gas: 911064)
[PASS] testPerformance_HookGasOptimization() (gas: 60210)
[FAIL: Large-scale DCA operations should meet gas target: 160200 > 100000] testPerformance_LargeScaleOperations() (gas: 32562735)
[FAIL: panic: division or modulo by zero (0x12)] testPerformance_OptimizationComparison() (gas: 23826)
[PASS] testPerformance_OptimizationTargets() (gas: 646433)
[FAIL: Storage operations should be efficient: 76501 > 50000] testPerformance_StorageEfficiency() (gas: 7655181)
[FAIL: Packed storage should be more efficient: 54625 >= 17461] testPerformance_StoragePatternEfficiency() (gas: 167760)
Suite result: FAILED. 4 passed; 8 failed; 0 skipped; finished in 3.99s (1.17s CPU time)

Ran 8 tests for test/fuzz/SavingsFuzz.t.sol:SavingsFuzz
[PASS] testFuzz_autoIncrementBounds(uint16,uint16,uint16) (runs: 32, μ: 9153, ~: 9063)
[PASS] testFuzz_batchSavingsConservation(uint256[],uint16) (runs: 32, μ: 29012, ~: 29432)
[PASS] testFuzz_feeCalculation(uint256,uint16) (runs: 32, μ: 7145, ~: 6563)
[PASS] testFuzz_roundUpSavings(uint256,uint16) (runs: 32, μ: 7722, ~: 7044)
[PASS] testFuzz_savingsCalculation(uint256,uint16) (runs: 32, μ: 7143, ~: 6542)
[PASS] testFuzz_savingsGoalProgress(uint256,uint256,uint256) (runs: 32, μ: 9490, ~: 8978)
[PASS] testFuzz_savingsWithFee(uint256,uint16,uint16) (runs: 32, μ: 9374, ~: 8620)
[PASS] testFuzz_withdrawalTimelock(uint256,uint256) (runs: 32, μ: 7709, ~: 8148)
Suite result: ok. 8 passed; 0 failed; 0 skipped; finished in 2.16s (2.16s CPU time)

Ran 15 tests for test/SpendSaveQuoterTest.t.sol:SpendSaveQuoterTest
[PASS] testQuoter_CompleteWorkflow() (gas: 693331)
[PASS] testQuoter_ComprehensiveReport() (gas: 3008400)
[PASS] testQuoter_GasEstimationAccuracy() (gas: 157567)
[PASS] testQuoter_GetDCAQuote() (gas: 158057)
[PASS] testQuoter_GetDCAQuoteZeroAmount() (gas: 21855)
[PASS] testQuoter_MultiHopGasEstimation() (gas: 418449)
[PASS] testQuoter_MultiHopRoutingComplexPath() (gas: 381356)
[PASS] testQuoter_PreviewMultiHopRouting() (gas: 277073)
[PASS] testQuoter_PreviewMultiHopRoutingEmptyPath() (gas: 19207)
[PASS] testQuoter_PreviewMultiHopRoutingZeroAmount() (gas: 27490)
[PASS] testQuoter_PreviewSavingsImpact() (gas: 294739)
[PASS] testQuoter_PreviewSavingsImpactFullSavings() (gas: 157736)
[PASS] testQuoter_PreviewSavingsImpactInvalidPool() (gas: 46254)
[PASS] testQuoter_PreviewSavingsImpactNoSavings() (gas: 287282)
[PASS] testQuoter_SavingsImpactWithUserStrategy() (gas: 295254)
Suite result: ok. 15 passed; 0 failed; 0 skipped; finished in 3.22s (373.92ms CPU time)

Ran 4 tests for test/fuzz/TokenFuzz.t.sol:TokenFuzz
[PASS] testFuzz_tokenApprovalAmount(uint256,uint256) (runs: 32, μ: 6282, ~: 5569)
[PASS] testFuzz_tokenBurnAmount(uint256,uint256) (runs: 32, μ: 7245, ~: 7555)
[PASS] testFuzz_tokenOperatorPermissions(bool) (runs: 32, μ: 580, ~: 580)
[PASS] testFuzz_tokenTransferAmount(uint256,uint256) (runs: 32, μ: 7225, ~: 7535)
Suite result: ok. 4 passed; 0 failed; 0 skipped; finished in 11.70s (11.79s CPU time)

Ran 7 tests for test/HookFailureScenariosTest.t.sol:HookFailureScenariosTest
[FAIL: Should have good failure recovery rate] testHookFailure_ComprehensiveFailureRecovery() (gas: 57598)
[PASS] testHookFailure_ExtremeSwapParameters() (gas: 31478)
[PASS] testHookFailure_InsufficientGas() (gas: 42077)
[PASS] testHookFailure_InvalidPoolKey() (gas: 23620)
[PASS] testHookFailure_InvalidUserData() (gas: 31143)
[PASS] testHookFailure_ModuleNotInitialized() (gas: 197882230)
[FAIL: ManagerLocked()] testHookFailure_ModuleReverts() (gas: 68238)
Suite result: FAILED. 5 passed; 2 failed; 0 skipped; finished in 19.22s (16.25s CPU time)

Ran 11 tests for test/DCAQueueManagementTest.t.sol:DCAQueueManagementTest
[PASS] testDCAQueue_BasicQueueOperations() (gas: 564216)
[PASS] testDCAQueue_ComprehensiveReport() (gas: 33363219)
[PASS] testDCAQueue_ExecutionOrder() (gas: 744755)
[PASS] testDCAQueue_MarkExecutedFunctionality() (gas: 421295)
[PASS] testDCAQueue_QueueExpiration() (gas: 360225)
[PASS] testDCAQueue_QueueItemRetrieval() (gas: 567687)
[PASS] testDCAQueue_QueueOverflowProtection() (gas: 18941725)
[PASS] testDCAQueue_QueueWithCustomSlippage() (gas: 359396)
[PASS] testDCAQueue_QueueWithDifferentTokens() (gas: 764831)
[PASS] testDCAQueue_RemoveExecutedItems() (gas: 797769)
[PASS] testDCAQueue_StressTest() (gas: 9642292)
Suite result: ok. 11 passed; 0 failed; 0 skipped; finished in 44.42s (615.61ms CPU time)

Ran 12 tests for test/DeploymentTest.t.sol:DeploymentTest
[PASS] testDeploy_BaseMainnetConfiguration() (gas: 11096809)
[PASS] testDeploy_BaseSepoliaConfiguration() (gas: 11096852)
[PASS] testDeploy_CompleteEndToEndDeployment() (gas: 72123998)
[PASS] testDeploy_CompleteWorkflow() (gas: 71227826)
[FAIL: EvmError: MemoryOOG] testDeploy_ComprehensiveReport() (gas: 1073720760)
[PASS] testDeploy_DeploymentFailureRecovery() (gas: 48311888)
[PASS] testDeploy_DeploymentSequenceVerification() (gas: 70815924)
[PASS] testDeploy_DeploymentStateConsistency() (gas: 42986336)
[PASS] testDeploy_HookAddressMining() (gas: 42955313)
[PASS] testDeploy_HookFlagCompliance() (gas: 422470578)
[PASS] testDeploy_HookInitialization() (gas: 42984721)
[PASS] testDeploy_NetworkSpecificModuleConfiguration() (gas: 25886382)
Suite result: FAILED. 11 passed; 1 failed; 0 skipped; finished in 61.06s (107.07s CPU time)

Ran 6 tests for test/fuzz/DCAFuzz.t.sol:DCAFuzz
[PASS] testFuzz_dcaAmountBounds(uint256,uint256) (runs: 32, μ: 6769, ~: 7079)
[FAIL: `vm.assume` rejected too many inputs (65536 allowed)] testFuzz_dcaBatchExecution(uint256[],uint256[],uint256) (runs: 7, μ: 48850, ~: 55688)
[FAIL: panic: arithmetic underflow or overflow (0x11); counterexample: calldata=0x8dbaa3d1944998273e477b495144fb8794c914197f3ccb46be2900f4698fd0ef743c969400000000000000000000000000000000000000000000000000000000000013a2 args=[67072331549493647622825787457569556318728415786901242217649037894484240406164 [6.707e76], 5026]] testFuzz_dcaDeadlineValidation(uint256,uint256) (runs: 0, μ: 0, ~: 0)
[PASS] testFuzz_dcaQueueOrdering(uint256,uint256) (runs: 32, μ: 7681, ~: 8070)
[PASS] testFuzz_dcaSlippageCalculation(uint256,uint256,uint256) (runs: 32, μ: 9661, ~: 9291)
[FAIL: panic: arithmetic underflow or overflow (0x11); counterexample: calldata=0xdab4c385fffffffffffffffffffffffffffffffffffffffffffffffffffffffffffffff6 args=[-10]] testFuzz_dcaTickCalculation(int256) (runs: 0, μ: 0, ~: 0)
Suite result: FAILED. 3 passed; 3 failed; 0 skipped; finished in 198.92s (398.02s CPU time)

Ran 41 test suites in 198.92s (420.90s CPU time): 414 tests passed, 53 failed, 0 skipped (467 total tests)

╭-----------------------------------------------+--------------------+--------------------+------------------+------------------╮
| File                                          | % Lines            | % Statements       | % Branches       | % Funcs          |
+===============================================================================================================================+
| src/DCA.sol                                   | 20.63% (98/475)    | 17.56% (98/558)    | 6.96% (8/115)    | 33.90% (20/59)   |
|-----------------------------------------------+--------------------+--------------------+------------------+------------------|
| src/DailySavings.sol                          | 74.58% (220/295)   | 74.25% (274/369)   | 39.24% (31/79)   | 89.47% (34/38)   |
|-----------------------------------------------+--------------------+--------------------+------------------+------------------|
| src/LiquidityRouter.sol                       | 0.00% (0/77)       | 0.00% (0/108)      | 0.00% (0/13)     | 0.00% (0/14)     |
|-----------------------------------------------+--------------------+--------------------+------------------+------------------|
| src/PoolKeyHelper.sol                         | 100.00% (2/2)      | 100.00% (1/1)      | 100.00% (0/0)    | 100.00% (1/1)    |
|-----------------------------------------------+--------------------+--------------------+------------------+------------------|
| src/SavingStrategy.sol                        | 34.62% (36/104)    | 31.58% (42/133)    | 14.29% (4/28)    | 27.78% (5/18)    |
|-----------------------------------------------+--------------------+--------------------+------------------+------------------|
| src/Savings.sol                               | 65.04% (160/246)   | 61.26% (185/302)   | 24.19% (15/62)   | 64.86% (24/37)   |
|-----------------------------------------------+--------------------+--------------------+------------------+------------------|
| src/SlippageControl.sol                       | 32.39% (23/71)     | 30.00% (21/70)     | 0.00% (0/9)      | 31.58% (6/19)    |
|-----------------------------------------------+--------------------+--------------------+------------------+------------------|
| src/SpendSaveAnalytics.sol                    | 46.09% (53/115)    | 38.99% (62/159)    | 14.29% (4/28)    | 66.67% (8/12)    |
|-----------------------------------------------+--------------------+--------------------+------------------+------------------|
| src/SpendSaveDCARouter.sol                    | 62.77% (118/188)   | 60.79% (138/227)   | 52.70% (39/74)   | 76.19% (16/21)   |
|-----------------------------------------------+--------------------+--------------------+------------------+------------------|
| src/SpendSaveHook.sol                         | 49.10% (109/222)   | 45.52% (122/268)   | 40.58% (28/69)   | 61.11% (22/36)   |
|-----------------------------------------------+--------------------+--------------------+------------------+------------------|
| src/SpendSaveLiquidityManager.sol             | 87.38% (187/214)   | 88.26% (218/247)   | 58.97% (46/78)   | 95.65% (22/23)   |
|-----------------------------------------------+--------------------+--------------------+------------------+------------------|
| src/SpendSaveModuleRegistry.sol               | 61.11% (11/18)     | 61.54% (8/13)      | 33.33% (2/6)     | 60.00% (3/5)     |
|-----------------------------------------------+--------------------+--------------------+------------------+------------------|
| src/SpendSaveMulticall.sol                    | 85.98% (92/107)    | 86.61% (97/112)    | 64.81% (35/54)   | 100.00% (16/16)  |
|-----------------------------------------------+--------------------+--------------------+------------------+------------------|
| src/SpendSaveQuoter.sol                       | 96.00% (24/25)     | 96.00% (24/25)     | 100.00% (6/6)    | 100.00% (4/4)    |
|-----------------------------------------------+--------------------+--------------------+------------------+------------------|
| src/SpendSaveSlippageEnhanced.sol             | 70.83% (34/48)     | 64.91% (37/57)     | 26.67% (4/15)    | 88.89% (8/9)     |
|-----------------------------------------------+--------------------+--------------------+------------------+------------------|
| src/SpendSaveStorage.sol                      | 79.59% (273/343)   | 77.23% (234/303)   | 52.94% (27/51)   | 76.84% (73/95)   |
|-----------------------------------------------+--------------------+--------------------+------------------+------------------|
| src/Token.sol                                 | 83.05% (196/236)   | 82.02% (219/267)   | 54.72% (29/53)   | 89.19% (33/37)   |
|-----------------------------------------------+--------------------+--------------------+------------------+------------------|
| src/modules/CrossChainDCAModule.sol           | 12.57% (22/175)    | 12.06% (24/199)    | 5.66% (3/53)     | 23.08% (6/26)    |
|-----------------------------------------------+--------------------+--------------------+------------------+------------------|
| src/modules/CrossChainMessenger.sol           | 0.00% (0/9)        | 0.00% (0/7)        | 0.00% (0/2)      | 0.00% (0/3)      |
|-----------------------------------------------+--------------------+--------------------+------------------+------------------|
| src/modules/CrossChainSavingsModule.sol       | 61.97% (44/71)     | 48.89% (44/90)     | 11.11% (2/18)    | 64.29% (9/14)    |
|-----------------------------------------------+--------------------+--------------------+------------------+------------------|
| test/ModuleAuthorizationTest.t.sol            | 100.00% (6/6)      | 100.00% (3/3)      | 100.00% (0/0)    | 100.00% (3/3)    |
|-----------------------------------------------+--------------------+--------------------+------------------+------------------|
| test/ReentrancyProtectionTest.t.sol           | 27.14% (19/70)     | 22.64% (12/53)     | 0.00% (0/11)     | 33.33% (7/21)    |
|-----------------------------------------------+--------------------+--------------------+------------------+------------------|
| test/TokenModuleAdvancedTest.t.sol            | 100.00% (4/4)      | 100.00% (2/2)      | 100.00% (0/0)    | 100.00% (2/2)    |
|-----------------------------------------------+--------------------+--------------------+------------------+------------------|
| test/crosschain/CrossChainDCAModule.t.sol     | 16.67% (6/36)      | 15.79% (3/19)      | 100.00% (0/0)    | 17.65% (3/17)    |
|-----------------------------------------------+--------------------+--------------------+------------------+------------------|
| test/crosschain/CrossChainSavingsModule.t.sol | 80.00% (8/10)      | 83.33% (5/6)       | 100.00% (0/0)    | 75.00% (3/4)     |
|-----------------------------------------------+--------------------+--------------------+------------------+------------------|
| test/invariant/BaseInvariantTest.sol          | 0.00% (0/580)      | 0.00% (0/714)      | 0.00% (0/83)     | 0.00% (0/91)     |
|-----------------------------------------------+--------------------+--------------------+------------------+------------------|
| test/invariant/MaliciousAttacker.sol          | 0.00% (0/18)       | 0.00% (0/17)       | 0.00% (0/4)      | 0.00% (0/3)      |
|-----------------------------------------------+--------------------+--------------------+------------------+------------------|
| test/invariant/SpendSaveInvariant.t.sol       | 0.00% (0/410)      | 0.00% (0/529)      | 0.00% (0/71)     | 0.00% (0/61)     |
|-----------------------------------------------+--------------------+--------------------+------------------+------------------|
| test/invariant/handlers/MaliciousAttacker.sol | 0.00% (0/18)       | 0.00% (0/17)       | 0.00% (0/4)      | 0.00% (0/3)      |
|-----------------------------------------------+--------------------+--------------------+------------------+------------------|
| Total                                         | 41.62% (1745/4193) | 38.42% (1873/4875) | 28.70% (283/986) | 47.40% (328/692) |
╰-----------------------------------------------+--------------------+--------------------+------------------+------------------╯
