Warning: Found unknown `invariant_depth` config for profile `default` defined in foundry.toml.
Warning: Found unknown `invariant_fail_on_revert` config for profile `default` defined in foundry.toml.
Warning: Found unknown `invariant_runs` config for profile `default` defined in foundry.toml.
Warning: Found unknown `invariant_runs` config for profile `invariant` defined in foundry.toml.
Warning: optimizer settings and `viaIR` have been disabled for accurate coverage reports.
If you encounter "stack too deep" errors, consider using `--ir-minimum` which enables `viaIR` with minimum optimization resolving most of the errors
Compiling 261 files with Solc 0.8.26
Solc 0.8.26 finished in 53.03s
Compiler run successful with warnings:
Warning (5667): Unused function parameter. Remove or comment out the variable name to silence this warning.
    --> src/SpendSaveStorage.sol:1162:79:
     |
1162 |     function setSwapContextWithTick(address user, SwapContext memory context, int24 currentTick) external onlyModule {
     |                                                                               ^^^^^^^^^^^^^^^^^

Warning (5667): Unused function parameter. Remove or comment out the variable name to silence this warning.
   --> src/DCA.sol:221:59:
    |
221 |     function enableDCA(address user, address targetToken, uint256 minAmount, uint256 maxSlippage)
    |                                                           ^^^^^^^^^^^^^^^^^

Warning (5667): Unused function parameter. Remove or comment out the variable name to silence this warning.
   --> src/DCA.sol:258:9:
    |
258 |         address targetToken
    |         ^^^^^^^^^^^^^^^^^^^

Warning (5667): Unused function parameter. Remove or comment out the variable name to silence this warning.
   --> src/DCA.sol:665:73:
    |
665 |     function calculateOptimalDCAAmount(address user, address fromToken, address toToken, uint256 availableAmount)
    |                                                                         ^^^^^^^^^^^^^^^

Warning (2072): Unused local variable.
   --> src/DCA.sol:811:44:
    |
811 |         (uint160 sqrtPriceX96, int24 tick, uint24 protocolFee, uint24 lpFee) =
    |                                            ^^^^^^^^^^^^^^^^^^

Warning (2072): Unused local variable.
   --> src/DCA.sol:811:64:
    |
811 |         (uint160 sqrtPriceX96, int24 tick, uint24 protocolFee, uint24 lpFee) =
    |                                                                ^^^^^^^^^^^^

Warning (2072): Unused local variable.
   --> src/DCA.sol:898:13:
    |
898 |             address fromToken,
    |             ^^^^^^^^^^^^^^^^^

Warning (2072): Unused local variable.
   --> src/DCA.sol:901:13:
    |
901 |             int24 executionTick,
    |             ^^^^^^^^^^^^^^^^^^^

Warning (2072): Unused local variable.
   --> src/DCA.sol:904:13:
    |
904 |             uint256 customSlippageTolerance
    |             ^^^^^^^^^^^^^^^^^^^^^^^^^^^^^^^

Warning (2072): Unused local variable.
   --> src/DCA.sol:908:9:
    |
908 |         SpendSaveStorage.DCAExecution memory dca = SpendSaveStorage.DCAExecution({
    |         ^^^^^^^^^^^^^^^^^^^^^^^^^^^^^^^^^^^^^^^^

Warning (2072): Unused local variable.
   --> src/DCA.sol:949:13:
    |
949 |             uint256 amount,
    |             ^^^^^^^^^^^^^^

Warning (5667): Unused function parameter. Remove or comment out the variable name to silence this warning.
    --> src/DCA.sol:1075:9:
     |
1075 |         address fromToken,
     |         ^^^^^^^^^^^^^^^^^

Warning (5667): Unused function parameter. Remove or comment out the variable name to silence this warning.
    --> src/DCA.sol:1078:9:
     |
1078 |         uint256 receivedAmount,
     |         ^^^^^^^^^^^^^^^^^^^^^^

Warning (5667): Unused function parameter. Remove or comment out the variable name to silence this warning.
    --> src/DCA.sol:1303:54:
     |
1303 |     function calculateDCAExecutionTick(address user, PoolKey memory poolKey, int24 currentTick, bool zeroForOne)
     |                                                      ^^^^^^^^^^^^^^^^^^^^^^

Warning (2072): Unused local variable.
    --> src/DCA.sol:1326:13:
     |
1326 |             uint256 amount,
     |             ^^^^^^^^^^^^^^

Warning (2072): Unused local variable.
    --> src/DCA.sol:1330:13:
     |
1330 |             uint256 customSlippageTolerance
     |             ^^^^^^^^^^^^^^^^^^^^^^^^^^^^^^^

Warning (5667): Unused function parameter. Remove or comment out the variable name to silence this warning.
   --> src/SavingStrategy.sol:389:45:
    |
389 |     function beforeSwap(address actualUser, PoolKey calldata key, SwapParams calldata params)
    |                                             ^^^^^^^^^^^^^^^^^^^^

Warning (5667): Unused function parameter. Remove or comment out the variable name to silence this warning.
   --> src/SavingStrategy.sol:389:67:
    |
389 |     function beforeSwap(address actualUser, PoolKey calldata key, SwapParams calldata params)
    |                                                                   ^^^^^^^^^^^^^^^^^^^^^^^^^^

Warning (2072): Unused local variable.
   --> src/SavingStrategy.sol:397:30:
    |
397 |         (uint256 percentage, bool roundUpSavings, uint8 savingsTokenType, bool enableDCA) =
    |                              ^^^^^^^^^^^^^^^^^^^

Warning (2072): Unused local variable.
   --> src/SavingStrategy.sol:397:75:
    |
397 |         (uint256 percentage, bool roundUpSavings, uint8 savingsTokenType, bool enableDCA) =
    |                                                                           ^^^^^^^^^^^^^^

Warning (5667): Unused function parameter. Remove or comment out the variable name to silence this warning.
   --> src/SavingStrategy.sol:580:47:
    |
580 |     function getUserSavingsGoal(address user, address token) external view returns (uint256 goalAmount) {
    |                                               ^^^^^^^^^^^^^

Warning (5667): Unused function parameter. Remove or comment out the variable name to silence this warning.
   --> src/Savings.sol:272:75:
    |
272 |     function _processSavings(address user, address token, uint256 amount, SpendSaveStorage.SwapContext memory context)
    |                                                                           ^^^^^^^^^^^^^^^^^^^^^^^^^^^^^^^^^^^^^^^^^^^

Warning (5667): Unused function parameter. Remove or comment out the variable name to silence this warning.
   --> src/Savings.sol:315:9:
    |
315 |         SpendSaveStorage.PackedUserConfig memory packedConfig
    |         ^^^^^^^^^^^^^^^^^^^^^^^^^^^^^^^^^^^^^^^^^^^^^^^^^^^^^

Warning (5667): Unused function parameter. Remove or comment out the variable name to silence this warning.
   --> src/Savings.sol:755:35:
    |
755 |         returns (uint256 balance, uint256 totalSaved, uint256 lastSaveTime, bool isLocked, uint256 unlockTime)
    |                                   ^^^^^^^^^^^^^^^^^^

Warning (5667): Unused function parameter. Remove or comment out the variable name to silence this warning.
   --> src/Savings.sol:755:55:
    |
755 |         returns (uint256 balance, uint256 totalSaved, uint256 lastSaveTime, bool isLocked, uint256 unlockTime)
    |                                                       ^^^^^^^^^^^^^^^^^^^^

Warning (5667): Unused function parameter. Remove or comment out the variable name to silence this warning.
   --> src/Savings.sol:837:65:
    |
837 |     function _checkGoalAchievement(address user, address token, uint256 newSavings) internal {
    |                                                                 ^^^^^^^^^^^^^^^^^^

Warning (5667): Unused function parameter. Remove or comment out the variable name to silence this warning.
   --> src/SlippageControl.sol:160:9:
    |
160 |         address fromToken,
    |         ^^^^^^^^^^^^^^^^^

Warning (2072): Unused local variable.
   --> src/SpendSaveAnalytics.sol:239:32:
    |
239 |         (uint160 sqrtPriceX96, int24 tick, uint24 protocolFee, uint24 lpFee) = stateView.getSlot0(poolId);
    |                                ^^^^^^^^^^

Warning (2072): Unused local variable.
   --> src/SpendSaveAnalytics.sol:239:44:
    |
239 |         (uint160 sqrtPriceX96, int24 tick, uint24 protocolFee, uint24 lpFee) = stateView.getSlot0(poolId);
    |                                            ^^^^^^^^^^^^^^^^^^

Warning (2072): Unused local variable.
   --> src/SpendSaveAnalytics.sol:239:64:
    |
239 |         (uint160 sqrtPriceX96, int24 tick, uint24 protocolFee, uint24 lpFee) = stateView.getSlot0(poolId);
    |                                                                ^^^^^^^^^^^^

Warning (5667): Unused function parameter. Remove or comment out the variable name to silence this warning.
   --> src/SpendSaveDCARouter.sol:511:84:
    |
511 |     function _isPathBetter(PathKey[] memory newPath, PathKey[] memory currentBest, uint256 amount)
    |                                                                                    ^^^^^^^^^^^^^^

Warning (5667): Unused try/catch parameter. Remove or comment out the variable name to silence this warning.
   --> src/SpendSaveLiquidityManager.sol:246:24:
    |
246 |             ) returns (uint256 tokenId, uint128 liquidity) {
    |                        ^^^^^^^^^^^^^^^

Warning (5667): Unused try/catch parameter. Remove or comment out the variable name to silence this warning.
   --> src/SpendSaveLiquidityManager.sol:246:41:
    |
246 |             ) returns (uint256 tokenId, uint128 liquidity) {
    |                                         ^^^^^^^^^^^^^^^^^

Warning (2072): Unused local variable.
   --> src/SpendSaveLiquidityManager.sol:306:34:
    |
306 |         (PoolKey memory poolKey, PositionInfo positionInfo) = positionManager.getPoolAndPositionInfo(tokenId);
    |                                  ^^^^^^^^^^^^^^^^^^^^^^^^^

Warning (2072): Unused local variable.
   --> src/SpendSaveLiquidityManager.sol:641:34:
    |
641 |         (PoolKey memory poolKey, PositionInfo positionInfo) = positionManager.getPoolAndPositionInfo(tokenId);
    |                                  ^^^^^^^^^^^^^^^^^^^^^^^^^

Warning (2072): Unused local variable.
   --> src/SpendSaveLiquidityManager.sol:729:34:
    |
729 |         (PoolKey memory poolKey, PositionInfo positionInfo) = positionManager.getPoolAndPositionInfo(tokenId);
    |                                  ^^^^^^^^^^^^^^^^^^^^^^^^^

Warning (5667): Unused try/catch parameter. Remove or comment out the variable name to silence this warning.
   --> test/AdvancedProtocolIntegration.t.sol:557:20:
    |
557 |         ) returns (uint256 tokenId, uint128 liquidity) {
    |                    ^^^^^^^^^^^^^^^

Warning (5667): Unused try/catch parameter. Remove or comment out the variable name to silence this warning.
   --> test/AdvancedProtocolIntegration.t.sol:557:37:
    |
557 |         ) returns (uint256 tokenId, uint128 liquidity) {
    |                                     ^^^^^^^^^^^^^^^^^

Warning (5667): Unused try/catch parameter. Remove or comment out the variable name to silence this warning.
   --> test/AdvancedProtocolIntegration.t.sol:587:20:
    |
587 |         ) returns (uint256 amountOut) {
    |                    ^^^^^^^^^^^^^^^^^

Warning (5667): Unused try/catch parameter. Remove or comment out the variable name to silence this warning.
   --> test/AdvancedProtocolIntegration.t.sol:748:66:
    |
748 |             uint160 sqrtPriceX96, int24 tick, uint128 liquidity, uint256 feeGrowthGlobal0, uint256 feeGrowthGlobal1
    |                                                                  ^^^^^^^^^^^^^^^^^^^^^^^^

Warning (5667): Unused try/catch parameter. Remove or comment out the variable name to silence this warning.
   --> test/AdvancedProtocolIntegration.t.sol:748:92:
    |
748 |             uint160 sqrtPriceX96, int24 tick, uint128 liquidity, uint256 feeGrowthGlobal0, uint256 feeGrowthGlobal1
    |                                                                                            ^^^^^^^^^^^^^^^^^^^^^^^^

Warning (2072): Unused local variable.
   --> test/BeforeSwapInternalTest.t.sol:296:9:
    |
296 |         int128 expectedDelta0 = -0.1 ether; // Take savings amount from input
    |         ^^^^^^^^^^^^^^^^^^^^^

Warning (2072): Unused local variable.
   --> test/BeforeSwapInternalTest.t.sol:305:30:
    |
305 |         (uint256 percentage, bool roundUpSavings, uint8 savingsTokenType, bool enableDCA) =
    |                              ^^^^^^^^^^^^^^^^^^^

Warning (2072): Unused local variable.
   --> test/BeforeSwapInternalTest.t.sol:492:52:
    |
492 |         (bytes4 selector1, BeforeSwapDelta delta1, uint24 fee1) =
    |                                                    ^^^^^^^^^^^

Warning (2072): Unused local variable.
   --> test/BeforeSwapInternalTest.t.sol:523:10:
    |
523 |         (bytes4 selector2, BeforeSwapDelta delta2, uint24 fee2) =
    |          ^^^^^^^^^^^^^^^^

Warning (2072): Unused local variable.
   --> test/BeforeSwapInternalTest.t.sol:523:52:
    |
523 |         (bytes4 selector2, BeforeSwapDelta delta2, uint24 fee2) =
    |                                                    ^^^^^^^^^^^

Warning (2072): Unused local variable.
   --> test/BeforeSwapInternalTest.t.sol:549:10:
    |
549 |         (bytes4 selector, BeforeSwapDelta delta, uint24 fee) =
    |          ^^^^^^^^^^^^^^^

Warning (2072): Unused local variable.
   --> test/BeforeSwapInternalTest.t.sol:549:50:
    |
549 |         (bytes4 selector, BeforeSwapDelta delta, uint24 fee) =
    |                                                  ^^^^^^^^^^

Warning (2072): Unused local variable.
   --> test/ComprehensiveTests.sol:321:27:
    |
321 |         (uint256 balance, uint256 totalSaved, uint256 lastSaveTime, bool isLocked, uint256 unlockTime) =
    |                           ^^^^^^^^^^^^^^^^^^

Warning (2072): Unused local variable.
   --> test/ComprehensiveTests.sol:321:47:
    |
321 |         (uint256 balance, uint256 totalSaved, uint256 lastSaveTime, bool isLocked, uint256 unlockTime) =
    |                                               ^^^^^^^^^^^^^^^^^^^^

Warning (2072): Unused local variable.
   --> test/ComprehensiveTests.sol:321:69:
    |
321 |         (uint256 balance, uint256 totalSaved, uint256 lastSaveTime, bool isLocked, uint256 unlockTime) =
    |                                                                     ^^^^^^^^^^^^^

Warning (2072): Unused local variable.
   --> test/ComprehensiveTests.sol:321:84:
    |
321 |         (uint256 balance, uint256 totalSaved, uint256 lastSaveTime, bool isLocked, uint256 unlockTime) =
    |                                                                                    ^^^^^^^^^^^^^^^^^^

Warning (2072): Unused local variable.
   --> test/CriticalHookTests.t.sol:464:50:
    |
464 |         (bytes4 selector, BeforeSwapDelta delta, uint24 fee) =
    |                                                  ^^^^^^^^^^

Warning (2072): Unused local variable.
   --> test/CriticalHookTests.t.sol:494:10:
    |
494 |         (bytes4 selector, BeforeSwapDelta delta, uint24 fee) =
    |          ^^^^^^^^^^^^^^^

Warning (2072): Unused local variable.
   --> test/CriticalHookTests.t.sol:494:27:
    |
494 |         (bytes4 selector, BeforeSwapDelta delta, uint24 fee) =
    |                           ^^^^^^^^^^^^^^^^^^^^^

Warning (2072): Unused local variable.
   --> test/CriticalHookTests.t.sol:494:50:
    |
494 |         (bytes4 selector, BeforeSwapDelta delta, uint24 fee) =
    |                                                  ^^^^^^^^^^

Warning (2072): Unused local variable.
   --> test/CriticalHookTests.t.sol:520:10:
    |
520 |         (bytes4 selector, BeforeSwapDelta delta, uint24 fee) = hook._beforeSwapInternal(
    |          ^^^^^^^^^^^^^^^

Warning (2072): Unused local variable.
   --> test/CriticalHookTests.t.sol:520:27:
    |
520 |         (bytes4 selector, BeforeSwapDelta delta, uint24 fee) = hook._beforeSwapInternal(
    |                           ^^^^^^^^^^^^^^^^^^^^^

Warning (2072): Unused local variable.
   --> test/CriticalHookTests.t.sol:520:50:
    |
520 |         (bytes4 selector, BeforeSwapDelta delta, uint24 fee) = hook._beforeSwapInternal(
    |                                                  ^^^^^^^^^^

Warning (2072): Unused local variable.
   --> test/CriticalHookTests.t.sol:585:52:
    |
585 |         (bytes4 selector1, BeforeSwapDelta delta1, uint24 fee1) =
    |                                                    ^^^^^^^^^^^

Warning (2072): Unused local variable.
   --> test/CriticalHookTests.t.sol:609:10:
    |
609 |         (bytes4 selector2, BeforeSwapDelta delta2, uint24 fee2) =
    |          ^^^^^^^^^^^^^^^^

Warning (2072): Unused local variable.
   --> test/CriticalHookTests.t.sol:609:52:
    |
609 |         (bytes4 selector2, BeforeSwapDelta delta2, uint24 fee2) =
    |                                                    ^^^^^^^^^^^

Warning (2072): Unused local variable.
   --> test/CriticalHookTests.t.sol:715:9:
    |
715 |         BalanceDelta swapDelta = swapTestRouter.swap(
    |         ^^^^^^^^^^^^^^^^^^^^^^

Warning (2072): Unused local variable.
   --> test/CriticalHookTests.t.sol:775:9:
    |
775 |         BalanceDelta swapDelta = swapTestRouter.swap(
    |         ^^^^^^^^^^^^^^^^^^^^^^

Warning (2072): Unused local variable.
   --> test/CriticalHookTests.t.sol:841:9:
    |
841 |         BalanceDelta swapDelta = swapTestRouter.swap(
    |         ^^^^^^^^^^^^^^^^^^^^^^

Warning (2072): Unused local variable.
   --> test/CrossModuleCommunicationTest.t.sol:786:10:
    |
786 |         (bool dcaExecuted, uint256 dcaAmount) = dcaModule.executeDCA(alice);
    |          ^^^^^^^^^^^^^^^^

Warning (2072): Unused local variable.
   --> test/CrossModuleCommunicationTest.t.sol:786:28:
    |
786 |         (bool dcaExecuted, uint256 dcaAmount) = dcaModule.executeDCA(alice);
    |                            ^^^^^^^^^^^^^^^^^

Warning (2072): Unused local variable.
   --> test/DCALifecycleTest.t.sol:233:10:
    |
233 |         (uint256 percentage,,, bool enableDCA) = storageContract.getPackedUserConfig(alice);
    |          ^^^^^^^^^^^^^^^^^^

Warning (2072): Unused local variable.
   --> test/DCALifecycleTest.t.sol:306:9:
    |
306 |         uint256 initialSavingsA = storageContract.savings(alice, address(tokenA));
    |         ^^^^^^^^^^^^^^^^^^^^^^^

Warning (2072): Unused local variable.
   --> test/DCALifecycleTest.t.sol:307:9:
    |
307 |         uint256 initialBalanceB = tokenB.balanceOf(alice);
    |         ^^^^^^^^^^^^^^^^^^^^^^^

Warning (2072): Unused local variable.
   --> test/DCALifecycleTest.t.sol:356:9:
    |
356 |         uint256 excessiveAmount = INITIAL_SAVINGS + 1000 ether;
    |         ^^^^^^^^^^^^^^^^^^^^^^^

Warning (2072): Unused local variable.
   --> test/DCALifecycleTest.t.sol:404:9:
    |
404 |         int24 testTick = 0; // Current tick
    |         ^^^^^^^^^^^^^^

Warning (2072): Unused local variable.
   --> test/DCALifecycleTest.t.sol:435:10:
    |
435 |         (uint256 percentage,,, bool enableDCA) = storageContract.getPackedUserConfig(alice);
    |          ^^^^^^^^^^^^^^^^^^

Warning (2072): Unused local variable.
   --> test/DCAQueueManagementTest.t.sol:419:9:
    |
419 |         uint256 finalLength = storageContract.getDcaQueueLength(alice);
    |         ^^^^^^^^^^^^^^^^^^^

Warning (2072): Unused local variable.
   --> test/DCAQueueManagementTest.t.sol:460:9:
    |
460 |         uint256 customSlippage = 300; // 3%
    |         ^^^^^^^^^^^^^^^^^^^^^^

Warning (2072): Unused local variable.
   --> test/DCAQueueManagementTest.t.sol:474:9:
    |
474 |         uint256 shortDeadline = block.timestamp + 60; // 1 minute
    |         ^^^^^^^^^^^^^^^^^^^^^

Warning (2072): Unused local variable.
   --> test/DCATickLogicTest.t.sol:303:31:
    |
303 |         (bool shouldExecute1, int24 currentTick1) = dcaModule.shouldExecuteDCA(alice, poolKey);
    |                               ^^^^^^^^^^^^^^^^^^

Warning (2072): Unused local variable.
   --> test/DCATickLogicTest.t.sol:432:28:
    |
432 |         (int24 tickDelta1, uint256 tickExpiryTime1, bool onlyImprovePrice1, int24 minTickImprovement1,,) =
    |                            ^^^^^^^^^^^^^^^^^^^^^^^

Warning (2072): Unused local variable.
   --> test/DCATickLogicTest.t.sol:440:28:
    |
440 |         (int24 tickDelta2, uint256 tickExpiryTime2, bool onlyImprovePrice2, int24 minTickImprovement2,,) =
    |                            ^^^^^^^^^^^^^^^^^^^^^^^

Warning (2072): Unused local variable.
   --> test/DCATickLogicTest.t.sol:465:30:
    |
465 |         (bool shouldExecute, int24 currentTick) = dcaModule.shouldExecuteDCA(alice, poolKey);
    |                              ^^^^^^^^^^^^^^^^^

Warning (2072): Unused local variable.
   --> test/DCATickLogicTest.t.sol:477:10:
    |
477 |         (int24 tickDelta3,, bool onlyImprovePrice3, int24 minTickImprovement3, bool dynamicSizing3,) =
    |          ^^^^^^^^^^^^^^^^

Warning (2072): Unused local variable.
   --> test/DCATickLogicTest.t.sol:477:53:
    |
477 |         (int24 tickDelta3,, bool onlyImprovePrice3, int24 minTickImprovement3, bool dynamicSizing3,) =
    |                                                     ^^^^^^^^^^^^^^^^^^^^^^^^^

Warning (2072): Unused local variable.
   --> test/DailySavingsAdvancedTest.t.sol:310:13:
    |
310 |             uint256 lastExecutionTime,,
    |             ^^^^^^^^^^^^^^^^^^^^^^^^^

Warning (2072): Unused local variable.
   --> test/DailySavingsAdvancedTest.t.sol:851:13:
    |
851 |             uint256 penaltyAmount,
    |             ^^^^^^^^^^^^^^^^^^^^^

Warning (2072): Unused local variable.
   --> test/DeploymentTest.t.sol:262:10:
    |
262 |         (address hookAddress, bytes32 salt) = HookMiner.find(
    |          ^^^^^^^^^^^^^^^^^^^

Warning (2072): Unused local variable.
   --> test/DeploymentTest.t.sol:488:10:
    |
488 |         (address hookAddress, bytes32 salt) = HookMiner.find(
    |          ^^^^^^^^^^^^^^^^^^^

Warning (2072): Unused local variable.
   --> test/DeploymentTest.t.sol:564:10:
    |
564 |         (address hookAddress, bytes32 salt) = HookMiner.find(
    |          ^^^^^^^^^^^^^^^^^^^

Warning (2072): Unused local variable.
   --> test/ERC6909ComplianceTest.t.sol:113:9:
    |
113 |         bytes32 strategyId = keccak256("STRATEGY");
    |         ^^^^^^^^^^^^^^^^^^

Warning (2072): Unused local variable.
   --> test/ERC6909ComplianceTest.t.sol:114:9:
    |
114 |         bytes32 savingsId = keccak256("SAVINGS");
    |         ^^^^^^^^^^^^^^^^^

Warning (2072): Unused local variable.
   --> test/ERC6909ComplianceTest.t.sol:115:9:
    |
115 |         bytes32 dcaId = keccak256("DCA");
    |         ^^^^^^^^^^^^^

Warning (2072): Unused local variable.
   --> test/ERC6909ComplianceTest.t.sol:116:9:
    |
116 |         bytes32 tokenId = keccak256("TOKEN");
    |         ^^^^^^^^^^^^^^^

Warning (2072): Unused local variable.
   --> test/ERC6909ComplianceTest.t.sol:117:9:
    |
117 |         bytes32 slippageId = keccak256("SLIPPAGE");
    |         ^^^^^^^^^^^^^^^^^^

Warning (2072): Unused local variable.
   --> test/ERC6909ComplianceTest.t.sol:118:9:
    |
118 |         bytes32 dailyId = keccak256("DAILY");
    |         ^^^^^^^^^^^^^^^

Warning (2072): Unused local variable.
   --> test/EdgeCaseTest.t.sol:435:10:
    |
435 |         (bool executed, uint256 totalAmount) = dcaModule.executeDCA(alice);
    |          ^^^^^^^^^^^^^

Warning (2072): Unused local variable.
   --> test/EdgeCaseTest.t.sol:435:25:
    |
435 |         (bool executed, uint256 totalAmount) = dcaModule.executeDCA(alice);
    |                         ^^^^^^^^^^^^^^^^^^^

Warning (2072): Unused local variable.
   --> test/HookFailureScenariosTest.t.sol:300:10:
    |
300 |         (address hookAddress, bytes32 salt) = HookMiner.find(
    |          ^^^^^^^^^^^^^^^^^^^

Warning (2072): Unused local variable.
   --> test/HookFailureScenariosTest.t.sol:342:27:
    |
342 |         (bytes4 selector, int128 hookDelta) = hook._afterSwapInternal(alice, poolKey, params, swapDelta, hookData);
    |                           ^^^^^^^^^^^^^^^^

Warning (2072): Unused local variable.
   --> test/HookFailureScenariosTest.t.sol:362:33:
    |
362 |         (bytes4 beforeSelector, BeforeSwapDelta beforeDelta, uint24 fee) =
    |                                 ^^^^^^^^^^^^^^^^^^^^^^^^^^^

Warning (2072): Unused local variable.
   --> test/HookFailureScenariosTest.t.sol:362:62:
    |
362 |         (bytes4 beforeSelector, BeforeSwapDelta beforeDelta, uint24 fee) =
    |                                                              ^^^^^^^^^^

Warning (2072): Unused local variable.
   --> test/HookFailureScenariosTest.t.sol:371:32:
    |
371 |         (bytes4 afterSelector, int128 hookDelta) = hook._afterSwapInternal(alice, poolKey, params, swapDelta, hookData);
    |                                ^^^^^^^^^^^^^^^^

Warning (2072): Unused local variable.
   --> test/HookGasOptimizationTest.t.sol:277:33:
    |
277 |         (bytes4 beforeSelector, BeforeSwapDelta beforeDelta, uint24 fee) =
    |                                 ^^^^^^^^^^^^^^^^^^^^^^^^^^^

Warning (2072): Unused local variable.
   --> test/HookGasOptimizationTest.t.sol:277:62:
    |
277 |         (bytes4 beforeSelector, BeforeSwapDelta beforeDelta, uint24 fee) =
    |                                                              ^^^^^^^^^^

Warning (2072): Unused local variable.
   --> test/HookGasOptimizationTest.t.sol:287:32:
    |
287 |         (bytes4 afterSelector, int128 hookDelta) = hook._afterSwapInternal(alice, poolKey, params, swapDelta, hookData);
    |                                ^^^^^^^^^^^^^^^^

Warning (2072): Unused local variable.
   --> test/HookGasOptimizationTest.t.sol:329:33:
    |
329 |         (bytes4 beforeSelector, BeforeSwapDelta beforeDelta, uint24 fee) =
    |                                 ^^^^^^^^^^^^^^^^^^^^^^^^^^^

Warning (2072): Unused local variable.
   --> test/HookGasOptimizationTest.t.sol:329:62:
    |
329 |         (bytes4 beforeSelector, BeforeSwapDelta beforeDelta, uint24 fee) =
    |                                                              ^^^^^^^^^^

Warning (2072): Unused local variable.
   --> test/HookGasOptimizationTest.t.sol:339:32:
    |
339 |         (bytes4 afterSelector, int128 hookDelta) = hook._afterSwapInternal(bob, poolKey, params, swapDelta, hookData);
    |                                ^^^^^^^^^^^^^^^^

Warning (2072): Unused local variable.
   --> test/HookGasOptimizationTest.t.sol:383:33:
    |
383 |         (bytes4 beforeSelector, BeforeSwapDelta beforeDelta, uint24 fee) =
    |                                 ^^^^^^^^^^^^^^^^^^^^^^^^^^^

Warning (2072): Unused local variable.
   --> test/HookGasOptimizationTest.t.sol:383:62:
    |
383 |         (bytes4 beforeSelector, BeforeSwapDelta beforeDelta, uint24 fee) =
    |                                                              ^^^^^^^^^^

Warning (2072): Unused local variable.
   --> test/HookGasOptimizationTest.t.sol:390:32:
    |
390 |         (bytes4 afterSelector, int128 hookDelta) =
    |                                ^^^^^^^^^^^^^^^^

Warning (2072): Unused local variable.
   --> test/HookGasOptimizationTest.t.sol:454:33:
    |
454 |         (bytes4 beforeSelector, BeforeSwapDelta beforeDelta, uint24 fee) =
    |                                 ^^^^^^^^^^^^^^^^^^^^^^^^^^^

Warning (2072): Unused local variable.
   --> test/HookGasOptimizationTest.t.sol:454:62:
    |
454 |         (bytes4 beforeSelector, BeforeSwapDelta beforeDelta, uint24 fee) =
    |                                                              ^^^^^^^^^^

Warning (2072): Unused local variable.
   --> test/HookGasOptimizationTest.t.sol:464:32:
    |
464 |         (bytes4 afterSelector, int128 hookDelta) =
    |                                ^^^^^^^^^^^^^^^^

Warning (2072): Unused local variable.
   --> test/HookGasOptimizationTest.t.sol:542:9:
    |
542 |         bool isConsistent = true;
    |         ^^^^^^^^^^^^^^^^^

Warning (2072): Unused local variable.
   --> test/IntegrationTest.t.sol:383:13:
    |
383 |             uint256 dailyAmount,
    |             ^^^^^^^^^^^^^^^^^^^

Warning (2072): Unused local variable.
   --> test/IntegrationTest.t.sol:386:13:
    |
386 |             uint256 remainingAmount,
    |             ^^^^^^^^^^^^^^^^^^^^^^^

Warning (2072): Unused local variable.
   --> test/IntegrationTest.t.sol:387:13:
    |
387 |             uint256 penaltyAmount,
    |             ^^^^^^^^^^^^^^^^^^^^^

Warning (2072): Unused local variable.
   --> test/IntegrationTest.t.sol:388:13:
    |
388 |             uint256 estimatedCompletionDate
    |             ^^^^^^^^^^^^^^^^^^^^^^^^^^^^^^^

Warning (2072): Unused local variable.
   --> test/ModuleAuthorizationTest.t.sol:381:10:
    |
381 |         (uint256 newPercentage,,, bool enableDCA) = storageContract.getPackedUserConfig(alice);
    |          ^^^^^^^^^^^^^^^^^^^^^

Warning (2072): Unused local variable.
   --> test/PackedStorageIntegrityTest.t.sol:531:41:
    |
531 |         (uint256 p1, bool r1, uint8 s1, bool d1) = storageContract.getPackedUserConfig(user1);
    |                                         ^^^^^^^

Warning (2072): Unused local variable.
   --> test/PackedStorageIntegrityTest.t.sol:532:41:
    |
532 |         (uint256 p2, bool r2, uint8 s2, bool d2) = storageContract.getPackedUserConfig(user2);
    |                                         ^^^^^^^

Warning (2072): Unused local variable.
   --> test/PackedStorageIntegrityTest.t.sol:533:41:
    |
533 |         (uint256 p3, bool r3, uint8 s3, bool d3) = storageContract.getPackedUserConfig(user3);
    |                                         ^^^^^^^

Warning (2072): Unused local variable.
   --> test/ReentrancyProtectionTest.t.sol:262:30:
    |
262 |         (uint256 percentage, bool roundUp, uint8 savingsType, bool enableDCA) =
    |                              ^^^^^^^^^^^^

Warning (2072): Unused local variable.
   --> test/ReentrancyProtectionTest.t.sol:262:44:
    |
262 |         (uint256 percentage, bool roundUp, uint8 savingsType, bool enableDCA) =
    |                                            ^^^^^^^^^^^^^^^^^

Warning (2072): Unused local variable.
   --> test/ReentrancyProtectionTest.t.sol:262:63:
    |
262 |         (uint256 percentage, bool roundUp, uint8 savingsType, bool enableDCA) =
    |                                                               ^^^^^^^^^^^^^^

Warning (2072): Unused local variable.
   --> test/ReentrancyProtectionTest.t.sol:283:9:
    |
283 |         MaliciousToken maliciousToken = new MaliciousToken(address(hook));
    |         ^^^^^^^^^^^^^^^^^^^^^^^^^^^^^

Warning (2072): Unused local variable.
   --> test/ReentrancyProtectionTest.t.sol:357:30:
    |
357 |         (uint256 percentage, bool roundUp, uint8 savingsType, bool enableDCA) =
    |                              ^^^^^^^^^^^^

Warning (2072): Unused local variable.
   --> test/ReentrancyProtectionTest.t.sol:357:44:
    |
357 |         (uint256 percentage, bool roundUp, uint8 savingsType, bool enableDCA) =
    |                                            ^^^^^^^^^^^^^^^^^

Warning (2072): Unused local variable.
   --> test/ReentrancyProtectionTest.t.sol:357:63:
    |
357 |         (uint256 percentage, bool roundUp, uint8 savingsType, bool enableDCA) =
    |                                                               ^^^^^^^^^^^^^^

Warning (2072): Unused local variable.
   --> test/SpendSaveAnalyticsTest.t.sol:399:35:
    |
399 |         (address[] memory tokens, uint256[] memory savings, uint256[] memory dcaAmounts, uint256 totalValueUSD) =
    |                                   ^^^^^^^^^^^^^^^^^^^^^^^^

Warning (2072): Unused local variable.
   --> test/SpendSaveAnalyticsTest.t.sol:399:90:
    |
399 |         (address[] memory tokens, uint256[] memory savings, uint256[] memory dcaAmounts, uint256 totalValueUSD) =
    |                                                                                          ^^^^^^^^^^^^^^^^^^^^^

Warning (2072): Unused local variable.
   --> test/SpendSaveAnalyticsTest.t.sol:423:35:
    |
423 |         (address[] memory tokens, uint256[] memory savings, uint256[] memory dcaAmounts, uint256 totalValueUSD) =
    |                                   ^^^^^^^^^^^^^^^^^^^^^^^^

Warning (2072): Unused local variable.
   --> test/SpendSaveAnalyticsTest.t.sol:423:90:
    |
423 |         (address[] memory tokens, uint256[] memory savings, uint256[] memory dcaAmounts, uint256 totalValueUSD) =
    |                                                                                          ^^^^^^^^^^^^^^^^^^^^^

Warning (2072): Unused local variable.
   --> test/SpendSaveAnalyticsTest.t.sol:448:63:
    |
448 |         (uint160 sqrtPriceX96, int24 tick, uint128 liquidity, uint256 feeGrowthGlobal0, uint256 feeGrowthGlobal1) =
    |                                                               ^^^^^^^^^^^^^^^^^^^^^^^^

Warning (2072): Unused local variable.
   --> test/SpendSaveAnalyticsTest.t.sol:448:89:
    |
448 |         (uint160 sqrtPriceX96, int24 tick, uint128 liquidity, uint256 feeGrowthGlobal0, uint256 feeGrowthGlobal1) =
    |                                                                                         ^^^^^^^^^^^^^^^^^^^^^^^^

Warning (2072): Unused local variable.
   --> test/SpendSaveDCARouterTest.t.sol:374:9:
    |
374 |         uint256 initialBalanceB = tokenB.balanceOf(alice);
    |         ^^^^^^^^^^^^^^^^^^^^^^^

Warning (2072): Unused local variable.
   --> test/SpendSaveDCARouterTest.t.sol:660:10:
    |
660 |         (PathKey[] memory cachedPath, bool isValid) = dcaRouter.getCachedOptimalPath(address(tokenA), address(tokenC));
    |          ^^^^^^^^^^^^^^^^^^^^^^^^^^^

Warning (2072): Unused local variable.
   --> test/SpendSaveDCARouterTest.t.sol:749:10:
    |
749 |         (PathKey[] memory cachedPath, bool isValid) = dcaRouter.getCachedOptimalPath(address(tokenA), address(tokenC));
    |          ^^^^^^^^^^^^^^^^^^^^^^^^^^^

Warning (2072): Unused local variable.
   --> test/SpendSaveDCARouterTest.t.sol:757:10:
    |
757 |         (PathKey[] memory clearedPath, bool clearedValid) =
    |          ^^^^^^^^^^^^^^^^^^^^^^^^^^^^

Warning (2072): Unused local variable.
   --> test/SpendSaveLiquidityManagerTest.t.sol:446:9:
    |
446 |         uint256 aliceBalanceABefore = tokenModule.balanceOf(alice, tokenAId);
    |         ^^^^^^^^^^^^^^^^^^^^^^^^^^^

Warning (2072): Unused local variable.
   --> test/SpendSaveLiquidityManagerTest.t.sol:447:9:
    |
447 |         uint256 aliceBalanceBBefore = tokenModule.balanceOf(alice, tokenBId);
    |         ^^^^^^^^^^^^^^^^^^^^^^^^^^^

Warning (2072): Unused local variable.
   --> test/SpendSaveLiquidityManagerTest.t.sol:668:10:
    |
668 |         (PoolKey memory poolKey_, PositionInfo positionInfo, uint128 initialLiquidity) =
    |          ^^^^^^^^^^^^^^^^^^^^^^^

Warning (2072): Unused local variable.
   --> test/SpendSaveLiquidityManagerTest.t.sol:668:35:
    |
668 |         (PoolKey memory poolKey_, PositionInfo positionInfo, uint128 initialLiquidity) =
    |                                   ^^^^^^^^^^^^^^^^^^^^^^^^^

Warning (2072): Unused local variable.
   --> test/SpendSaveLiquidityManagerTest.t.sol:683:13:
    |
683 |             uint256 aliceSavingsAAfter = storageContract.savings(alice, address(tokenA));
    |             ^^^^^^^^^^^^^^^^^^^^^^^^^^

Warning (2072): Unused local variable.
   --> test/SpendSaveLiquidityManagerTest.t.sol:684:13:
    |
684 |             uint256 aliceSavingsBAfter = storageContract.savings(alice, address(tokenB));
    |             ^^^^^^^^^^^^^^^^^^^^^^^^^^

Warning (2072): Unused local variable.
   --> test/SpendSaveLiquidityManagerTest.t.sol:725:10:
    |
725 |         (PoolKey memory poolKey_, PositionInfo oldPositionInfo, uint128 oldLiquidity) =
    |          ^^^^^^^^^^^^^^^^^^^^^^^

Warning (2072): Unused local variable.
   --> test/SpendSaveLiquidityManagerTest.t.sol:725:35:
    |
725 |         (PoolKey memory poolKey_, PositionInfo oldPositionInfo, uint128 oldLiquidity) =
    |                                   ^^^^^^^^^^^^^^^^^^^^^^^^^^^^

Warning (2072): Unused local variable.
   --> test/SpendSaveLiquidityManagerTest.t.sol:859:9:
    |
859 |         uint256 initialPositionCount = emptyPositions.length;
    |         ^^^^^^^^^^^^^^^^^^^^^^^^^^^^

Warning (2072): Unused local variable.
   --> test/SpendSaveLiquidityManagerTest.t.sol:896:35:
    |
896 |         (PoolKey memory poolKey_, PositionInfo positionInfo, uint128 liquidity) =
    |                                   ^^^^^^^^^^^^^^^^^^^^^^^^^

Warning (2072): Unused local variable.
   --> test/SpendSaveMulticallTest.t.sol:750:9:
    |
750 |         bytes[] memory results = multicall.batchExecuteWithRefund(largeCalls, true);
    |         ^^^^^^^^^^^^^^^^^^^^^^

Warning (2072): Unused local variable.
   --> test/SpendSaveMulticallTest.t.sol:779:9:
    |
779 |         uint256 initialPoolBalance = multicall.getGasRefundPoolBalance();
    |         ^^^^^^^^^^^^^^^^^^^^^^^^^^

Warning (2072): Unused local variable.
   --> test/SpendSaveMulticallTest.t.sol:782:9:
    |
782 |         bytes[] memory results = multicall.batchExecuteWithRefund(largeCalls, true);
    |         ^^^^^^^^^^^^^^^^^^^^^^

Warning (2072): Unused local variable.
   --> test/SpendSaveQuoterTest.t.sol:543:10:
    |
543 |         (uint256 swapOutput, uint256 savedAmount, uint256 netOutput) =
    |          ^^^^^^^^^^^^^^^^^^

Warning (2072): Unused local variable.
   --> test/SpendSaveQuoterTest.t.sol:543:51:
    |
543 |         (uint256 swapOutput, uint256 savedAmount, uint256 netOutput) =
    |                                                   ^^^^^^^^^^^^^^^^^

Warning (2072): Unused local variable.
   --> test/SpendSaveQuoterTest.t.sol:629:10:
    |
629 |         (uint256 amountOut, uint256 estimatedGas) = quoter.getDCAQuote(poolKeyAB, true, uint128(DCA_AMOUNT));
    |          ^^^^^^^^^^^^^^^^^

Warning (2072): Unused local variable.
   --> test/SpendSaveQuoterTest.t.sol:665:10:
    |
665 |         (uint256 amountOut, uint256 estimatedGas) =
    |          ^^^^^^^^^^^^^^^^^

Warning (2072): Unused local variable.
   --> test/StateViewFunctionsTest.t.sol:484:17:
    |
484 |                 uint256 feeGrowthOutside0X128,
    |                 ^^^^^^^^^^^^^^^^^^^^^^^^^^^^^

Warning (2072): Unused local variable.
   --> test/StateViewFunctionsTest.t.sol:485:17:
    |
485 |                 uint256 feeGrowthOutside1X128
    |                 ^^^^^^^^^^^^^^^^^^^^^^^^^^^^^

Warning (2072): Unused local variable.
   --> test/TokenModuleAdvancedTest.t.sol:333:9:
    |
333 |         MockERC20 token3 = new MockERC20("Batch Token 3", "BT3", 18);
    |         ^^^^^^^^^^^^^^^^

Warning (5667): Unused function parameter. Remove or comment out the variable name to silence this warning.
   --> test/TokenModuleAdvancedTest.t.sol:883:32:
    |
883 |     function onERC6909Received(address operator, address from, uint256 id, uint256 amount, bytes calldata data)
    |                                ^^^^^^^^^^^^^^^^

Warning (5667): Unused function parameter. Remove or comment out the variable name to silence this warning.
   --> test/TokenModuleAdvancedTest.t.sol:883:50:
    |
883 |     function onERC6909Received(address operator, address from, uint256 id, uint256 amount, bytes calldata data)
    |                                                  ^^^^^^^^^^^^

Warning (5667): Unused function parameter. Remove or comment out the variable name to silence this warning.
   --> test/TokenModuleAdvancedTest.t.sol:883:64:
    |
883 |     function onERC6909Received(address operator, address from, uint256 id, uint256 amount, bytes calldata data)
    |                                                                ^^^^^^^^^^

Warning (5667): Unused function parameter. Remove or comment out the variable name to silence this warning.
   --> test/TokenModuleAdvancedTest.t.sol:883:76:
    |
883 |     function onERC6909Received(address operator, address from, uint256 id, uint256 amount, bytes calldata data)
    |                                                                            ^^^^^^^^^^^^^^

Warning (5667): Unused function parameter. Remove or comment out the variable name to silence this warning.
   --> test/TokenModuleAdvancedTest.t.sol:883:92:
    |
883 |     function onERC6909Received(address operator, address from, uint256 id, uint256 amount, bytes calldata data)
    |                                                                                            ^^^^^^^^^^^^^^^^^^^

Warning (2072): Unused local variable.
   --> test/TokenModuleLifecycleTest.t.sol:318:9:
    |
318 |         MockERC20 newToken2 = new MockERC20("Batch Token 2", "BT2", 18);
    |         ^^^^^^^^^^^^^^^^^^^

Warning (2072): Unused local variable.
   --> test/TransientStorageTest.t.sol:348:33:
    |
348 |         (bytes4 beforeSelector, BeforeSwapDelta beforeDelta, uint24 fee) =
    |                                 ^^^^^^^^^^^^^^^^^^^^^^^^^^^

Warning (2072): Unused local variable.
   --> test/TransientStorageTest.t.sol:348:62:
    |
348 |         (bytes4 beforeSelector, BeforeSwapDelta beforeDelta, uint24 fee) =
    |                                                              ^^^^^^^^^^

Warning (2072): Unused local variable.
   --> test/TransientStorageTest.t.sol:366:32:
    |
366 |         (bytes4 afterSelector, int128 hookDelta) = hook._afterSwapInternal(alice, poolKey, params, swapDelta, hookData);
    |                                ^^^^^^^^^^^^^^^^

Warning (5667): Unused function parameter. Remove or comment out the variable name to silence this warning.
   --> test/invariant/BaseInvariantTest.sol:355:9:
    |
355 |         address user,
    |         ^^^^^^^^^^^^

Warning (5667): Unused function parameter. Remove or comment out the variable name to silence this warning.
   --> test/invariant/BaseInvariantTest.sol:356:9:
    |
356 |         address token,
    |         ^^^^^^^^^^^^^

Warning (2072): Unused local variable.
    --> test/invariant/BaseInvariantTest.sol:1005:13:
     |
1005 |             address fromToken,
     |             ^^^^^^^^^^^^^^^^^

Warning (5667): Unused try/catch parameter. Remove or comment out the variable name to silence this warning.
    --> test/invariant/BaseInvariantTest.sol:1014:58:
     |
1014 |         try dca.executeDCA(user) returns (bool executed, uint256 totalAmount) {
     |                                                          ^^^^^^^^^^^^^^^^^^^

Warning (2072): Unused local variable.
    --> test/invariant/BaseInvariantTest.sol:1256:9:
     |
1256 |         uint256 netAmount = withdrawAmount - penalty;
     |         ^^^^^^^^^^^^^^^^^

Warning (2072): Unused local variable.
   --> test/invariant/AccessControlInvariants.t.sol:124:17:
    |
124 |                 address token,
    |                 ^^^^^^^^^^^^^

Warning (2072): Unused local variable.
   --> test/invariant/AccessControlInvariants.t.sol:125:17:
    |
125 |                 uint256 amount
    |                 ^^^^^^^^^^^^^^

Warning (2072): Unused local variable.
  --> test/invariant/DCAInvariants.t.sol:28:21:
   |
28 |                     address fromToken,
   |                     ^^^^^^^^^^^^^^^^^

Warning (2072): Unused local variable.
  --> test/invariant/DCAInvariants.t.sol:29:21:
   |
29 |                     address toToken,
   |                     ^^^^^^^^^^^^^^^

Warning (2072): Unused local variable.
  --> test/invariant/DCAInvariants.t.sol:30:21:
   |
30 |                     uint256 amount,
   |                     ^^^^^^^^^^^^^^

Warning (2072): Unused local variable.
   --> test/invariant/DailySavingsInvariants.t.sol:108:21:
    |
108 |                     bool enabled,
    |                     ^^^^^^^^^^^^

Warning (2072): Unused local variable.
   --> test/invariant/DailySavingsInvariants.t.sol:333:17:
    |
333 |                 address token,
    |                 ^^^^^^^^^^^^^

Warning (2072): Unused local variable.
   --> test/invariant/DailySavingsInvariants.t.sol:392:17:
    |
392 |                 address user,
    |                 ^^^^^^^^^^^^

Warning (2072): Unused local variable.
  --> test/invariant/ERC6909Invariants.t.sol:67:17:
   |
67 |                 uint256 tokenId,
   |                 ^^^^^^^^^^^^^^^

Warning (2072): Unused local variable.
  --> test/invariant/PackedStorageInvariants.t.sol:45:9:
   |
45 |         uint256 maxUint8 = 255;
   |         ^^^^^^^^^^^^^^^^

Warning (2072): Unused local variable.
  --> test/invariant/PackedStorageInvariants.t.sol:52:17:
   |
52 |                 bool roundUpSavings,
   |                 ^^^^^^^^^^^^^^^^^^^

Warning (2072): Unused local variable.
  --> test/invariant/PackedStorageInvariants.t.sol:54:17:
   |
54 |                 bool enableDCA
   |                 ^^^^^^^^^^^^^^

Warning (2072): Unused local variable.
  --> test/invariant/PackedStorageInvariants.t.sol:79:17:
   |
79 |                 bool roundUpSavings,
   |                 ^^^^^^^^^^^^^^^^^^^

Warning (2072): Unused local variable.
  --> test/invariant/PackedStorageInvariants.t.sol:81:17:
   |
81 |                 bool enableDCA
   |                 ^^^^^^^^^^^^^^

Warning (2072): Unused local variable.
  --> test/invariant/ReentrancyInvariants.t.sol:48:13:
   |
48 |             uint256 goal = storage_.savingsGoals(user);
   |             ^^^^^^^^^^^^

Warning (2072): Unused local variable.
  --> test/invariant/ReentrancyInvariants.t.sol:49:13:
   |
49 |             uint256 timelock = storage_.userWithdrawalTimelocks(user);
   |             ^^^^^^^^^^^^^^^^

Warning (2072): Unused local variable.
  --> test/invariant/ReentrancyInvariants.t.sol:53:17:
   |
53 |                 uint256 savings = storage_._savings(user, token);
   |                 ^^^^^^^^^^^^^^^

Warning (2072): Unused local variable.
  --> test/invariant/ReentrancyInvariants.t.sol:54:17:
   |
54 |                 uint256 dailyAmount = storage_.dailySavingsAmounts(user, token);
   |                 ^^^^^^^^^^^^^^^^^^^

Warning (2072): Unused local variable.
   --> test/invariant/SolvencyInvariants.t.sol:192:13:
    |
192 |             uint256 expectedFees = registry.expectedTreasuryFees(token);
    |             ^^^^^^^^^^^^^^^^^^^^

Warning (2072): Unused local variable.
   --> test/invariant/SpendSaveInvariant.t.sol:812:13:
    |
812 |             address fromToken,
    |             ^^^^^^^^^^^^^^^^^

Warning (5667): Unused try/catch parameter. Remove or comment out the variable name to silence this warning.
   --> test/invariant/SpendSaveInvariant.t.sol:821:58:
    |
821 |         try dca.executeDCA(user) returns (bool executed, uint256 totalAmount) {
    |                                                          ^^^^^^^^^^^^^^^^^^^

Warning (2072): Unused local variable.
  --> test/invariant/ValueConservationInvariants.t.sol:46:17:
   |
46 |                 uint256 expectedTotalFee = totalGross > totalNet ? totalGross - totalNet : 0;
   |                 ^^^^^^^^^^^^^^^^^^^^^^^^

Warning (2072): Unused local variable.
  --> test/invariant/ValueConservationInvariants.t.sol:80:21:
   |
80 |                     address fromToken,
   |                     ^^^^^^^^^^^^^^^^^

Warning (2072): Unused local variable.
  --> test/invariant/ValueConservationInvariants.t.sol:81:21:
   |
81 |                     address toToken,
   |                     ^^^^^^^^^^^^^^^

Warning (2018): Function state mutability can be restricted to view
   --> src/DCA.sol:800:5:
    |
800 |     function _calculateMaxAmountForSlippage(address fromToken, address toToken, uint256 maxSlippage)
    |     ^ (Relevant source part starts here and spans across multiple lines).

Warning (2018): Function state mutability can be restricted to view
   --> src/LiquidityRouter.sol:145:5:
    |
145 |     function getBestExecutionChain(address tokenIn, address tokenOut, uint256 amountIn)
    |     ^ (Relevant source part starts here and spans across multiple lines).

Warning (2018): Function state mutability can be restricted to view
   --> src/SpendSaveAnalytics.sol:234:5:
    |
234 |     function _getDirectPoolPrice(address token, uint256 amount, address baseToken) internal returns (uint256) {
    |     ^ (Relevant source part starts here and spans across multiple lines).

Warning (2018): Function state mutability can be restricted to pure
   --> src/SpendSaveDCARouter.sol:371:5:
    |
371 |     function _tryHopPath(address fromToken, address toToken, address intermediary)
    |     ^ (Relevant source part starts here and spans across multiple lines).

Warning (2018): Function state mutability can be restricted to view
   --> src/SpendSaveDCARouter.sol:482:5:
    |
482 |     function _hasMinimumPoolLiquidity(address token) internal returns (bool hasLiquidity) {
    |     ^ (Relevant source part starts here and spans across multiple lines).

Warning (2018): Function state mutability can be restricted to pure
   --> src/SpendSaveDCARouter.sol:511:5:
    |
511 |     function _isPathBetter(PathKey[] memory newPath, PathKey[] memory currentBest, uint256 amount)
    |     ^ (Relevant source part starts here and spans across multiple lines).

Warning (2018): Function state mutability can be restricted to view
   --> src/SpendSaveHook.sol:914:5:
    |
914 |     function emergencyPause() external {
    |     ^ (Relevant source part starts here and spans across multiple lines).

Warning (2018): Function state mutability can be restricted to pure
   --> src/SpendSaveMulticall.sol:357:5:
    |
357 |     function estimateBatchGas(bytes[] calldata calls) external view returns (uint256 estimatedGas) {
    |     ^ (Relevant source part starts here and spans across multiple lines).

Warning (2018): Function state mutability can be restricted to pure
  --> src/SpendSaveSlippageEnhanced.sol:92:5:
   |
92 |     function _adjustForTokenVolatility(uint256 baseSlippage, address token) internal view returns (uint256) {
   |     ^ (Relevant source part starts here and spans across multiple lines).

Warning (2018): Function state mutability can be restricted to view
   --> test/AdvancedProtocolIntegration.t.sol:497:5:
    |
497 |     function testEnhancedSlippageProtection() public {
    |     ^ (Relevant source part starts here and spans across multiple lines).

Warning (2018): Function state mutability can be restricted to view
   --> test/AfterSwapInternalTest.t.sol:604:5:
    |
604 |     function _assertErc6909NetMatchesPending(address user, address inputToken, uint128 pendingSaveAmount)
    |     ^ (Relevant source part starts here and spans across multiple lines).

Warning (2018): Function state mutability can be restricted to view
   --> test/CrossModuleCommunicationTest.t.sol:349:5:
    |
349 |     function testCrossModule_ModuleRegistration() public {
    |     ^ (Relevant source part starts here and spans across multiple lines).

Warning (2018): Function state mutability can be restricted to view
   --> test/CrossModuleCommunicationTest.t.sol:382:5:
    |
382 |     function testCrossModule_ModuleAuthorization() public {
    |     ^ (Relevant source part starts here and spans across multiple lines).

Warning (2018): Function state mutability can be restricted to view
   --> test/CrossModuleCommunicationTest.t.sol:398:5:
    |
398 |     function testCrossModule_ModuleReferenceValidation() public {
    |     ^ (Relevant source part starts here and spans across multiple lines).

Warning (2018): Function state mutability can be restricted to view
   --> test/CrossModuleCommunicationTest.t.sol:732:5:
    |
732 |     function testCrossModule_ModuleRegistryQueryFunctions() public {
    |     ^ (Relevant source part starts here and spans across multiple lines).

Warning (2018): Function state mutability can be restricted to pure
   --> test/DCASlippageTest.t.sol:261:5:
    |
261 |     function testDCASlippage_BasicSlippageProtection() public {
    |     ^ (Relevant source part starts here and spans across multiple lines).

Warning (2018): Function state mutability can be restricted to pure
   --> test/DCASlippageTest.t.sol:286:5:
    |
286 |     function testDCASlippage_PriceImpactCalculation() public {
    |     ^ (Relevant source part starts here and spans across multiple lines).

Warning (2018): Function state mutability can be restricted to pure
   --> test/DCASlippageTest.t.sol:312:5:
    |
312 |     function testDCASlippage_SlippageToleranceEnforcement() public {
    |     ^ (Relevant source part starts here and spans across multiple lines).

Warning (2018): Function state mutability can be restricted to view
   --> test/DCASlippageTest.t.sol:341:5:
    |
341 |     function testDCASlippage_CustomSlippagePerUser() public {
    |     ^ (Relevant source part starts here and spans across multiple lines).

Warning (2018): Function state mutability can be restricted to pure
   --> test/DCASlippageTest.t.sol:357:5:
    |
357 |     function testDCASlippage_SlippageExceededHandling() public {
    |     ^ (Relevant source part starts here and spans across multiple lines).

Warning (2018): Function state mutability can be restricted to pure
   --> test/DCASlippageTest.t.sol:379:5:
    |
379 |     function testDCASlippage_DynamicSlippageAdjustment() public {
    |     ^ (Relevant source part starts here and spans across multiple lines).

Warning (2018): Function state mutability can be restricted to view
   --> test/DCASlippageTest.t.sol:397:5:
    |
397 |     function testDCASlippage_GasEfficiency() public {
    |     ^ (Relevant source part starts here and spans across multiple lines).

Warning (2018): Function state mutability can be restricted to pure
   --> test/DCASlippageTest.t.sol:421:5:
    |
421 |     function testDCASlippage_EdgeCases() public {
    |     ^ (Relevant source part starts here and spans across multiple lines).

Warning (2018): Function state mutability can be restricted to view
   --> test/DCATickLogicTest.t.sol:279:5:
    |
279 |     function testDCATickLogic_ShouldExecuteDCABasic() public {
    |     ^ (Relevant source part starts here and spans across multiple lines).

Warning (2018): Function state mutability can be restricted to view
   --> test/DCATickLogicTest.t.sol:428:5:
    |
428 |     function testDCATickLogic_TickStrategyConfiguration() public {
    |     ^ (Relevant source part starts here and spans across multiple lines).

Warning (2018): Function state mutability can be restricted to view
   --> test/DCATickLogicTest.t.sol:473:5:
    |
473 |     function testDCATickLogic_DynamicSizingIntegration() public {
    |     ^ (Relevant source part starts here and spans across multiple lines).

Warning (2018): Function state mutability can be restricted to view
   --> test/DCATickLogicTest.t.sol:491:5:
    |
491 |     function testDCATickLogic_StressTest() public {
    |     ^ (Relevant source part starts here and spans across multiple lines).

Warning (2018): Function state mutability can be restricted to pure
   --> test/DailySavingsAdvancedTest.t.sol:955:5:
    |
955 |     function testDailySavings_ComprehensiveReport() public view {
    |     ^ (Relevant source part starts here and spans across multiple lines).

Warning (2018): Function state mutability can be restricted to view
   --> test/DeploymentTest.t.sol:444:5:
    |
444 |     function testDeploy_HookFlagCompliance() public {
    |     ^ (Relevant source part starts here and spans across multiple lines).

Warning (2018): Function state mutability can be restricted to view
   --> test/ERC6909ComplianceTest.t.sol:195:5:
    |
195 |     function testERC6909_BalanceOf() public {
    |     ^ (Relevant source part starts here and spans across multiple lines).

Warning (2018): Function state mutability can be restricted to view
   --> test/ModuleRegistryUpgradeTest.t.sol:360:5:
    |
360 |     function testModuleRegistry_ModuleRegistration() public {
    |     ^ (Relevant source part starts here and spans across multiple lines).

Warning (2018): Function state mutability can be restricted to view
   --> test/ModuleRegistryUpgradeTest.t.sol:393:5:
    |
393 |     function testModuleRegistry_ModuleAuthorization() public {
    |     ^ (Relevant source part starts here and spans across multiple lines).

Warning (2018): Function state mutability can be restricted to view
   --> test/ModuleRegistryUpgradeTest.t.sol:411:5:
    |
411 |     function testModuleRegistry_ModuleQueryFunctions() public {
    |     ^ (Relevant source part starts here and spans across multiple lines).

Warning (2018): Function state mutability can be restricted to view
   --> test/ModuleRegistryUpgradeTest.t.sol:527:5:
    |
527 |     function testModuleRegistry_CrossModuleDataFlow() public {
    |     ^ (Relevant source part starts here and spans across multiple lines).

Warning (2018): Function state mutability can be restricted to view
   --> test/ModuleRegistryUpgradeTest.t.sol:551:5:
    |
551 |     function testModuleRegistry_ModuleInterdependency() public {
    |     ^ (Relevant source part starts here and spans across multiple lines).

Warning (2018): Function state mutability can be restricted to view
   --> test/ModuleRegistryUpgradeTest.t.sol:617:5:
    |
617 |     function testModuleRegistry_BackwardCompatibility() public {
    |     ^ (Relevant source part starts here and spans across multiple lines).

Warning (2018): Function state mutability can be restricted to view
   --> test/PackedStorageIntegrityTest.t.sol:258:5:
    |
258 |     function testPackedStorage_PackedUserConfigIntegrity() public {
    |     ^ (Relevant source part starts here and spans across multiple lines).

Warning (2018): Function state mutability can be restricted to view
   --> test/PerformanceTest.t.sol:399:5:
    |
399 |     function testPerformance_GasTargets() public {
    |     ^ (Relevant source part starts here and spans across multiple lines).

Warning (2018): Function state mutability can be restricted to view
   --> test/PerformanceTest.t.sol:805:5:
    |
805 |     function testPerformance_OptimizationComparison() public {
    |     ^ (Relevant source part starts here and spans across multiple lines).

Warning (2018): Function state mutability can be restricted to view
   --> test/SpendSaveAnalyticsTest.t.sol:444:5:
    |
444 |     function testAnalytics_GetPoolAnalytics() public {
    |     ^ (Relevant source part starts here and spans across multiple lines).

Warning (2018): Function state mutability can be restricted to view
   --> test/SpendSaveAnalyticsTest.t.sol:462:5:
    |
462 |     function testAnalytics_GetPoolAnalyticsMultiplePools() public {
    |     ^ (Relevant source part starts here and spans across multiple lines).

Warning (2018): Function state mutability can be restricted to view
   --> test/SpendSaveDCARouterTest.t.sol:715:5:
    |
715 |     function testDCARouter_ValidateTokenLiquidity() public {
    |     ^ (Relevant source part starts here and spans across multiple lines).

Warning (2018): Function state mutability can be restricted to pure
   --> test/SpendSaveDCARouterTest.t.sol:730:5:
    |
730 |     function testDCARouter_GetCommonIntermediaries() public {
    |     ^ (Relevant source part starts here and spans across multiple lines).

Warning (2018): Function state mutability can be restricted to view
   --> test/SpendSaveLiquidityManagerTest.t.sol:799:5:
    |
799 |     function testLiquidityManager_PreviewSavingsToLP() public {
    |     ^ (Relevant source part starts here and spans across multiple lines).

Warning (2018): Function state mutability can be restricted to view
   --> test/SpendSaveLiquidityManagerTest.t.sol:827:5:
    |
827 |     function testLiquidityManager_PreviewZeroSavings() public {
    |     ^ (Relevant source part starts here and spans across multiple lines).

Warning (2018): Function state mutability can be restricted to pure
   --> test/SpendSaveLiquidityManagerTest.t.sol:947:5:
    |
947 |     function testLiquidityManager_RebalanceZeroLiquidity() public {
    |     ^ (Relevant source part starts here and spans across multiple lines).

Warning (2018): Function state mutability can be restricted to view
   --> test/StateViewFunctionsTest.t.sol:244:5:
    |
244 |     function testStateView_getTickInfo() public {
    |     ^ (Relevant source part starts here and spans across multiple lines).

Warning (2018): Function state mutability can be restricted to view
   --> test/StateViewFunctionsTest.t.sol:272:5:
    |
272 |     function testStateView_getPositionInfo() public {
    |     ^ (Relevant source part starts here and spans across multiple lines).

Warning (2018): Function state mutability can be restricted to view
   --> test/StateViewFunctionsTest.t.sol:297:5:
    |
297 |     function testStateView_getFeeGrowthGlobals() public {
    |     ^ (Relevant source part starts here and spans across multiple lines).

Warning (2018): Function state mutability can be restricted to view
   --> test/StateViewFunctionsTest.t.sol:317:5:
    |
317 |     function testStateView_getTickLiquidity() public {
    |     ^ (Relevant source part starts here and spans across multiple lines).

Warning (2018): Function state mutability can be restricted to view
   --> test/StateViewFunctionsTest.t.sol:338:5:
    |
338 |     function testStateView_getLiquidity() public {
    |     ^ (Relevant source part starts here and spans across multiple lines).

Warning (2018): Function state mutability can be restricted to view
   --> test/StateViewFunctionsTest.t.sol:355:5:
    |
355 |     function testStateView_getSlot0() public {
    |     ^ (Relevant source part starts here and spans across multiple lines).

Warning (2018): Function state mutability can be restricted to view
   --> test/StateViewFunctionsTest.t.sol:381:5:
    |
381 |     function testStateView_getTickBitmap() public {
    |     ^ (Relevant source part starts here and spans across multiple lines).

Warning (2018): Function state mutability can be restricted to view
   --> test/StateViewFunctionsTest.t.sol:400:5:
    |
400 |     function testStateView_getTickFeeGrowthOutside() public {
    |     ^ (Relevant source part starts here and spans across multiple lines).

Warning (2018): Function state mutability can be restricted to view
   --> test/StateViewFunctionsTest.t.sol:423:5:
    |
423 |     function testStateView_getPositionInfoById() public {
    |     ^ (Relevant source part starts here and spans across multiple lines).

Warning (2018): Function state mutability can be restricted to view
   --> test/StateViewFunctionsTest.t.sol:446:5:
    |
446 |     function testStateView_getPositionLiquidity() public {
    |     ^ (Relevant source part starts here and spans across multiple lines).

Warning (2018): Function state mutability can be restricted to view
   --> test/StateViewFunctionsTest.t.sol:464:5:
    |
464 |     function testStateView_StressTest() public {
    |     ^ (Relevant source part starts here and spans across multiple lines).

Warning (2018): Function state mutability can be restricted to view
   --> test/TokenModuleAdvancedTest.t.sol:545:5:
    |
545 |     function testTokenModule_TokenMetadataFunctions() public {
    |     ^ (Relevant source part starts here and spans across multiple lines).

Warning (4591): There are more than 256 warnings. Ignoring the rest.
Analysing contracts...
Running tests...

Ran 2 tests for test/crosschain/CrossChainDCAModule.t.sol:CrossChainDCAModuleViewTest
[PASS] testFindBestLiquidityChainFallsBackToCurrentChain() (gas: 13324)
[PASS] testFindBestLiquidityChainUsesRouterQuote() (gas: 367656)
Suite result: ok. 2 passed; 0 failed; 0 skipped; finished in 18.22ms (2.00ms CPU time)

Ran 1 test for test/crosschain/CrossChainSavingsModule.t.sol:CrossChainSavingsModuleTest
[PASS] testTransferAndReceiveSavings() (gas: 635223)
Suite result: ok. 1 passed; 0 failed; 0 skipped; finished in 8.23ms (763.54µs CPU time)

Ran 7 tests for test/AfterSwapInternalTest.t.sol:AfterSwapInternalTest
[PASS] testAfterSwapInternal_ErrorHandling() (gas: 74534)
[PASS] testAfterSwapInternal_GasOptimization() (gas: 767972)
[PASS] testAfterSwapInternal_InputSavingsProcessing() (gas: 419055)
[PASS] testAfterSwapInternal_NoSavingsFastPath() (gas: 61660)
[PASS] testAfterSwapInternal_OutputSavingsProcessing() (gas: 419557)
[PASS] testAfterSwapInternal_RejectsNonSelfCall() (gas: 48745)
[PASS] testAfterSwapInternal_TransientStorageCleanup() (gas: 410545)
Suite result: ok. 7 passed; 0 failed; 0 skipped; finished in 1.81s (45.36ms CPU time)

Ran 8 tests for test/BeforeSwapInternalTest.t.sol:BeforeSwapInternalTest
[PASS] testBeforeSwapInternal_BasicFunctionality() (gas: 80182)
[PASS] testBeforeSwapInternal_EdgeCases() (gas: 118834)
[FAIL: Should be gas efficient even with complex config] testBeforeSwapInternal_GasOptimization() (gas: 136435)
[PASS] testBeforeSwapInternal_NoSavingsStrategy() (gas: 51593)
[PASS] testBeforeSwapInternal_OutputSavingsType() (gas: 79615)
[PASS] testBeforeSwapInternal_RejectsNonSelfCall() (gas: 47849)
[PASS] testBeforeSwapInternal_TransientStorageIntegrity() (gas: 156402)
[PASS] testBeforeSwapInternal_UserExtractionFromHookData() (gas: 86038)
Suite result: FAILED. 7 passed; 1 failed; 0 skipped; finished in 1.80s (32.47ms CPU time)

Ran 12 tests for test/BatchOperationsAtomicityTest.t.sol:BatchOperationsAtomicityTest
[PASS] testBatchAtomicity_ArrayLengthMismatch() (gas: 57434)
[FAIL: EvmError: Revert] testBatchAtomicity_ComprehensiveReport() (gas: 569070)
[FAIL: EvmError: Revert] testBatchAtomicity_CrossModuleOperations() (gas: 187874)
[FAIL: EvmError: Revert] testBatchAtomicity_SavingsProcessingSuccess() (gas: 107722)
[PASS] testBatchAtomicity_TokenBurnFailure() (gas: 88916)
[PASS] testBatchAtomicity_TokenBurnSuccess() (gas: 107564)
[PASS] testBatchAtomicity_TokenMintFailure() (gas: 79055)
[PASS] testBatchAtomicity_TokenMintSuccess() (gas: 171356)
[PASS] testBatchAtomicity_TokenRegistrationFailure() (gas: 1323101)
[PASS] testBatchAtomicity_TokenRegistrationSuccess() (gas: 2609041)
[PASS] testBatchAtomicity_TokenTransferFailure() (gas: 99680)
[PASS] testBatchAtomicity_TokenTransferSuccess() (gas: 112170)
Suite result: FAILED. 9 passed; 3 failed; 0 skipped; finished in 118.57ms (76.39ms CPU time)

Ran 15 tests for test/CrossModuleCommunicationTest.t.sol:CrossModuleCommunicationTest
[PASS] testCrossModule_CompleteWorkflow() (gas: 1204091)
[PASS] testCrossModule_ComprehensiveReport() (gas: 8052854)
[PASS] testCrossModule_CrossModuleDataConsistency() (gas: 362531)
[PASS] testCrossModule_DCAToSlippageModule() (gas: 189193)
[PASS] testCrossModule_ModuleAuthorization() (gas: 39962)
[PASS] testCrossModule_ModuleOnlyFunctions() (gas: 61593)
[PASS] testCrossModule_ModuleReferenceValidation() (gas: 34347)
[PASS] testCrossModule_ModuleRegistration() (gas: 46620)
[PASS] testCrossModule_ModuleRegistryQueryFunctions() (gas: 31180)
[PASS] testCrossModule_ModuleUpgrade() (gas: 5828324)
[PASS] testCrossModule_SavingsStrategyToSavings() (gas: 209078)
[PASS] testCrossModule_SavingsToLiquidityManager() (gas: 999129)
[PASS] testCrossModule_SavingsToTokenModule() (gas: 226509)
[PASS] testCrossModule_TokenModuleToDCAModule() (gas: 239874)
[PASS] testCrossModule_UnauthorizedModuleAccess() (gas: 23697)
Suite result: ok. 15 passed; 0 failed; 0 skipped; finished in 1.94s (150.85ms CPU time)

Ran 14 tests for test/CriticalHookTests.t.sol:CriticalHookTests
[PASS] testAfterSwap_InputSavings_ReturnsZeroDelta() (gas: 378214)
[PASS] testAfterSwap_OutputSavings_ReturnsNonZeroDelta() (gas: 379963)
[PASS] testBeforeSwapInternal_BasicFunctionality() (gas: 85653)
[PASS] testBeforeSwapInternal_EdgeCases() (gas: 118674)
[PASS] testBeforeSwapInternal_ExactOutputSwap() (gas: 79459)
[FAIL: Should be gas efficient even with complex config] testBeforeSwapInternal_GasOptimization() (gas: 136294)
[PASS] testBeforeSwapInternal_NoSavingsStrategy() (gas: 51376)
[PASS] testBeforeSwapInternal_OutputSavingsType() (gas: 79464)
[PASS] testBeforeSwapInternal_RoundUpSavings() (gas: 77892)
[PASS] testBeforeSwapInternal_TransientStorageIntegrity() (gas: 156027)
[PASS] testBeforeSwapInternal_UserExtractionFromHookData() (gas: 85003)
[PASS] testRealSwap_Baseline_NoSavings() (gas: 630936)
[PASS] testRealSwap_USDC_to_ETH_Simulation() (gas: 982681)
[PASS] testRealSwap_WithInputSavings() (gas: 964161)
Suite result: FAILED. 13 passed; 1 failed; 0 skipped; finished in 1.97s (155.65ms CPU time)

Ran 11 tests for test/DCAQueueManagementTest.t.sol:DCAQueueManagementTest
[PASS] testDCAQueue_BasicQueueOperations() (gas: 564216)
[PASS] testDCAQueue_ComprehensiveReport() (gas: 33363219)
[PASS] testDCAQueue_ExecutionOrder() (gas: 744755)
[PASS] testDCAQueue_MarkExecutedFunctionality() (gas: 421295)
[PASS] testDCAQueue_QueueExpiration() (gas: 360225)
[PASS] testDCAQueue_QueueItemRetrieval() (gas: 567687)
[PASS] testDCAQueue_QueueOverflowProtection() (gas: 18941725)
[PASS] testDCAQueue_QueueWithCustomSlippage() (gas: 359396)
[PASS] testDCAQueue_QueueWithDifferentTokens() (gas: 764831)
[PASS] testDCAQueue_RemoveExecutedItems() (gas: 797769)
[PASS] testDCAQueue_StressTest() (gas: 9642292)
Suite result: ok. 11 passed; 0 failed; 0 skipped; finished in 2.09s (321.39ms CPU time)

Ran 20 tests for test/SpendSaveLiquidityManagerTest.t.sol:SpendSaveLiquidityManagerTest
[PASS] testLiquidityManager_CollectAndCompoundFees() (gas: 971743)
[PASS] testLiquidityManager_CollectFeesNoPositions() (gas: 25037)
[FAIL: Insufficient token0 amount] testLiquidityManager_ComprehensiveReport() (gas: 4985323)
[PASS] testLiquidityManager_ConvertSavingsDeadlinePassed() (gas: 28699)
[PASS] testLiquidityManager_ConvertSavingsInvalidUser() (gas: 28581)
[PASS] testLiquidityManager_ConvertSavingsToLPBasic() (gas: 774654)
[PASS] testLiquidityManager_ConvertSavingsToLPBatch() (gas: 1532690)
[PASS] testLiquidityManager_ConvertSavingsToLPInsufficientAmount() (gas: 46543)
[PASS] testLiquidityManager_ConvertSavingsToLPInvalidTickRange() (gas: 41022)
[PASS] testLiquidityManager_ConvertSavingsToLPMultipleUsers() (gas: 1528291)
[PASS] testLiquidityManager_FullWorkflow() (gas: 1272515)
[PASS] testLiquidityManager_GasOptimizationBatchVsIndividual() (gas: 1962568)
[PASS] testLiquidityManager_GetPositionDetails() (gas: 916827)
[PASS] testLiquidityManager_GetUserPositions() (gas: 905655)
[PASS] testLiquidityManager_PreviewSavingsToLP() (gas: 55929)
[PASS] testLiquidityManager_PreviewZeroSavings() (gas: 30097)
[PASS] testLiquidityManager_RebalanceInvalidRange() (gas: 694759)
[PASS] testLiquidityManager_RebalancePosition() (gas: 1249871)
[PASS] testLiquidityManager_RebalanceUnauthorized() (gas: 696763)
[PASS] testLiquidityManager_RebalanceZeroLiquidity() (gas: 4443)
Suite result: FAILED. 19 passed; 1 failed; 0 skipped; finished in 2.19s (401.71ms CPU time)

Ran 36 tests for test/ComprehensiveTests.sol:ComprehensiveTests
[PASS] testAccessControl_OnlyHook() (gas: 75729528)
[PASS] testAccessControl_OnlyModule() (gas: 75751285)
[PASS] testAccessControl_OnlyOwner() (gas: 75773789)
[PASS] testDCA_Initialize() (gas: 82852981)
[PASS] testDailySavings_Initialize() (gas: 79972941)
[PASS] testErrorHandling_InsufficientBalance() (gas: 75747268)
[PASS] testErrorHandling_Reinitialization() (gas: 75721380)
[PASS] testErrorHandling_ZeroAddress() (gas: 75721418)
[PASS] testGas_ModuleRegistration() (gas: 75772811)
[PASS] testGas_StorageOperations() (gas: 75747363)
[PASS] testHook_EmergencyPause() (gas: 75721204)
[PASS] testHook_GetHookPermissions() (gas: 75724692)
[PASS] testHook_GetProcessingQueue() (gas: 75725415)
[PASS] testHook_ProcessDailySavings() (gas: 75732874)
[PASS] testIntegration_ModuleWorkflow() (gas: 75925958)
[PASS] testIntegration_SwapContextWorkflow() (gas: 75754062)
[PASS] testPoolKey_Creation() (gas: 75796453)
[PASS] testPoolKey_GetPoolKey() (gas: 75719652)
[PASS] testSavings_GetModuleVersion() (gas: 75720485)
[PASS] testSavings_GetSavingsDetails() (gas: 75831648)
[PASS] testSavings_GetUserSavings() (gas: 75903877)
[PASS] testSavings_Initialize() (gas: 75720170)
[PASS] testSavings_PauseResume() (gas: 75729951)
[PASS] testSavings_SetWithdrawalTimelock() (gas: 75750699)
[PASS] testSlippage_Initialize() (gas: 77301403)
[PASS] testStorage_BalanceOperations() (gas: 75758354)
[PASS] testStorage_Initialize() (gas: 75721558)
[PASS] testStorage_RegisterModule() (gas: 75772816)
[PASS] testStorage_SavingsOperations() (gas: 75825237)
[PASS] testStorage_SwapContext() (gas: 75754112)
[PASS] testStorage_TokenIdManagement() (gas: 75777049)
[PASS] testStorage_TotalSupplyOperations() (gas: 75752080)
[PASS] testStrategy_Initialize() (gas: 78557913)
[PASS] testToken_BalanceOperations() (gas: 75774210)
[PASS] testToken_GetTokenId() (gas: 75724124)
[PASS] testToken_Initialize() (gas: 81877873)
Suite result: ok. 36 passed; 0 failed; 0 skipped; finished in 1.16s (1.13s CPU time)

Ran 9 tests for test/DCASlippageTest.t.sol:DCASlippageTest
[PASS] testDCASlippage_BasicSlippageProtection() (gas: 11273)
[PASS] testDCASlippage_ComprehensiveReport() (gas: 111935)
[PASS] testDCASlippage_CustomSlippagePerUser() (gas: 50080)
[PASS] testDCASlippage_DynamicSlippageAdjustment() (gas: 7677)
[PASS] testDCASlippage_EdgeCases() (gas: 9453)
[PASS] testDCASlippage_GasEfficiency() (gas: 7295)
[PASS] testDCASlippage_PriceImpactCalculation() (gas: 14253)
[PASS] testDCASlippage_SlippageExceededHandling() (gas: 8339)
[PASS] testDCASlippage_SlippageToleranceEnforcement() (gas: 9386)
Suite result: ok. 9 passed; 0 failed; 0 skipped; finished in 1.88s (15.29ms CPU time)

Ran 19 tests for test/DailySavingsAdvancedTest.t.sol:DailySavingsAdvancedTest
[PASS] testDailySavings_AutomatedExecutionEfficiency() (gas: 990059)
[PASS] testDailySavings_AutomatedExecutionInsufficientFunds() (gas: 323585)
[PASS] testDailySavings_AutomatedExecutionTiming() (gas: 552036)
[PASS] testDailySavings_CompleteWorkflow() (gas: 1376448)
[PASS] testDailySavings_ComprehensiveReport() (gas: 29615)
[PASS] testDailySavings_ConfigureDailySavingsBasic() (gas: 291714)
[PASS] testDailySavings_ConfigureDailySavingsInvalidParameters() (gas: 54672)
[PASS] testDailySavings_ConfigureDailySavingsMultipleTokens() (gas: 529821)
[PASS] testDailySavings_ConfigureDailySavingsWithExistingSavings() (gas: 388419)
[PASS] testDailySavings_DisableDailySavings() (gas: 251916)
[PASS] testDailySavings_GasManagementBatchOperations() (gas: 1446724)
[PASS] testDailySavings_GasManagementInsufficientGas() (gas: 303326)
[PASS] testDailySavings_GetDailyExecutionStatus() (gas: 315749)
[PASS] testDailySavings_GetDailySavingsStatus() (gas: 295977)
[PASS] testDailySavings_GoalAchievementAutomaticCompletion() (gas: 1206784)
[PASS] testDailySavings_GoalAchievementDetection() (gas: 733413)
[PASS] testDailySavings_HasPendingDailySavings() (gas: 316904)
[PASS] testDailySavings_WithdrawAfterGoalReached() (gas: 1240345)
[PASS] testDailySavings_WithdrawWithPenalty() (gas: 636731)
Suite result: ok. 19 passed; 0 failed; 0 skipped; finished in 2.02s (198.96ms CPU time)
Warning: Failure from "/Users/mac/mySpendSaveHook/cache/invariant/failures/DailySavingsInvariants/invariant_batch_processing_consistent" file was ignored because test contract bytecode has changed.

Ran 23 tests for test/SpendSaveMulticallTest.t.sol:SpendSaveMulticallTest
[PASS] testMulticall_AuthorizedExecutor() (gas: 56641)
[PASS] testMulticall_BasicBatchExecution() (gas: 70504)
[PASS] testMulticall_BatchExecuteDCA() (gas: 88727)
[PASS] testMulticall_BatchExecuteDCAArrayMismatch() (gas: 31796)
[PASS] testMulticall_BatchExecuteDCAEmpty() (gas: 23951)
[PASS] testMulticall_BatchExecuteLiquidityOperations() (gas: 135531)
[PASS] testMulticall_BatchExecuteSavings() (gas: 104657)
[PASS] testMulticall_BatchExecuteSavingsSetGoal() (gas: 80332)
[PASS] testMulticall_BatchExecuteSavingsWithdraw() (gas: 86348)
[PASS] testMulticall_BatchExecutionEmpty() (gas: 26312)
[PASS] testMulticall_BatchExecutionGasLimit() (gas: 1008406)
[PASS] testMulticall_BatchExecutionRequireSuccess() (gas: 54926)
[PASS] testMulticall_BatchExecutionWithFailure() (gas: 64915)
[FAIL: Gas refund should reduce pool balance: 500000000000000000 >= 500000000000000000] testMulticall_ComprehensiveReport() (gas: 1554827)
[FAIL: Batch call failed] testMulticall_CrossModuleCommunication() (gas: 61070)
[PASS] testMulticall_EmergencyStop() (gas: 81705)
[PASS] testMulticall_EmergencyStopUnauthorized() (gas: 25364)
[FAIL: Batch call failed] testMulticall_FullWorkflow() (gas: 184964)
[FAIL: Gas estimate should be reasonable: 64204 > 30558] testMulticall_GasEstimation() (gas: 81492)
[FAIL: Gas refund should reduce pool balance: 500000000000000000 >= 500000000000000000] testMulticall_GasRefundEligibility() (gas: 150153)
[FAIL: Pool should be depleted for large refund: 1000000000000000 != 0] testMulticall_GasRefundInsufficientPool() (gas: 169935)
[PASS] testMulticall_GasRefundPoolManagement() (gas: 60092)
[FAIL: next call did not revert as expected] testMulticall_UnauthorizedBatchExecution() (gas: 54341)
Suite result: FAILED. 16 passed; 7 failed; 0 skipped; finished in 2.08s (246.46ms CPU time)

Ran 14 tests for test/TokenModuleLifecycleTest.t.sol:TokenModuleLifecycleTest
[PASS] testTokenModule_ApprovalFunctionality() (gas: 62320)
[PASS] testTokenModule_BalanceOfBatch() (gas: 227382)
[PASS] testTokenModule_BatchBurnSavingsTokens() (gas: 287305)
[PASS] testTokenModule_BatchMintSavingsTokens() (gas: 227304)
[PASS] testTokenModule_BatchTokenRegistration() (gas: 2563495)
[PASS] testTokenModule_BurnSavingsToken() (gas: 124586)
[FAIL: Alice A balance should be correct: 200000000000000000000 != 50000000000000000000] testTokenModule_ComprehensiveReport() (gas: 4182334)
[PASS] testTokenModule_ErrorHandling() (gas: 118504)
[PASS] testTokenModule_MintSavingsToken() (gas: 95467)
[PASS] testTokenModule_StressTest() (gas: 69102331)
[PASS] testTokenModule_TokenRegistration() (gas: 1311839)
[PASS] testTokenModule_TokenRegistrationDuplicate() (gas: 33211)
[PASS] testTokenModule_TransferFromFunctionality() (gas: 177236)
[PASS] testTokenModule_TransferFunctionality() (gas: 135428)
Suite result: FAILED. 13 passed; 1 failed; 0 skipped; finished in 1.93s (149.51ms CPU time)

Ran 12 tests for test/DCATickLogicTest.t.sol:DCATickLogicTest
[PASS] testDCATickLogic_ComprehensiveReport() (gas: 1747948)
[PASS] testDCATickLogic_DynamicSizingIntegration() (gas: 26803)
[PASS] testDCATickLogic_ShouldExecuteDCAAtTickAlreadyExecuted() (gas: 438249)
[PASS] testDCATickLogic_ShouldExecuteDCAAtTickBasic() (gas: 394009)
[PASS] testDCATickLogic_ShouldExecuteDCAAtTickExpired() (gas: 394045)
[PASS] testDCATickLogic_ShouldExecuteDCAAtTickWithMinImprovement() (gas: 407612)
[PASS] testDCATickLogic_ShouldExecuteDCAAtTickWithPriceImprovement() (gas: 410440)
[PASS] testDCATickLogic_ShouldExecuteDCABasic() (gas: 56239)
[PASS] testDCATickLogic_ShouldExecuteDCAWithTickMovement() (gas: 64935)
[FAIL: IndexOutOfBounds()] testDCATickLogic_StressTest() (gas: 60013)
[PASS] testDCATickLogic_TickExpiryHandling() (gas: 52331)
[PASS] testDCATickLogic_TickStrategyConfiguration() (gas: 44411)
Suite result: FAILED. 11 passed; 1 failed; 0 skipped; finished in 1.95s (85.83ms CPU time)

Ran 15 tests for test/SpendSaveQuoterTest.t.sol:SpendSaveQuoterTest
[PASS] testQuoter_CompleteWorkflow() (gas: 693331)
[PASS] testQuoter_ComprehensiveReport() (gas: 3008400)
[PASS] testQuoter_GasEstimationAccuracy() (gas: 157567)
[PASS] testQuoter_GetDCAQuote() (gas: 158057)
[PASS] testQuoter_GetDCAQuoteZeroAmount() (gas: 21855)
[PASS] testQuoter_MultiHopGasEstimation() (gas: 418449)
[PASS] testQuoter_MultiHopRoutingComplexPath() (gas: 381356)
[PASS] testQuoter_PreviewMultiHopRouting() (gas: 277073)
[PASS] testQuoter_PreviewMultiHopRoutingEmptyPath() (gas: 19207)
[PASS] testQuoter_PreviewMultiHopRoutingZeroAmount() (gas: 27490)
[PASS] testQuoter_PreviewSavingsImpact() (gas: 294739)
[PASS] testQuoter_PreviewSavingsImpactFullSavings() (gas: 157736)
[PASS] testQuoter_PreviewSavingsImpactInvalidPool() (gas: 46254)
[PASS] testQuoter_PreviewSavingsImpactNoSavings() (gas: 287282)
[PASS] testQuoter_SavingsImpactWithUserStrategy() (gas: 295254)
Suite result: ok. 15 passed; 0 failed; 0 skipped; finished in 2.06s (256.63ms CPU time)

Ran 8 tests for test/TransientStorageTest.t.sol:TransientStorageTest
[PASS] testTransientStorage_AccessControl() (gas: 64484)
[FAIL: ManagerLocked()] testTransientStorage_BeforeAfterSwapCycle() (gas: 68208)
[PASS] testTransientStorage_Cleanup() (gas: 53377)
[FAIL: ManagerLocked()] testTransientStorage_ComprehensiveReport() (gas: 201663)
[FAIL: ManagerLocked()] testTransientStorage_ConcurrentUsers() (gas: 70627)
[FAIL: ManagerLocked()] testTransientStorage_MultipleSwapCycles() (gas: 69510)
[PASS] testTransientStorage_MultipleUsers() (gas: 101850)
[PASS] testTransientStorage_SetAndGetSwapContext() (gas: 59510)
Suite result: FAILED. 4 passed; 4 failed; 0 skipped; finished in 1.88s (48.47ms CPU time)

Ran 12 tests for test/StateViewFunctionsTest.t.sol:StateViewFunctionsTest
[PASS] testStateView_ComprehensiveReport() (gas: 304498)
[PASS] testStateView_StressTest() (gas: 144370)
[PASS] testStateView_getFeeGrowthGlobals() (gas: 31095)
[PASS] testStateView_getLiquidity() (gas: 25664)
[PASS] testStateView_getPositionInfo() (gas: 39481)
[PASS] testStateView_getPositionInfoById() (gas: 38949)
[PASS] testStateView_getPositionLiquidity() (gas: 29545)
[PASS] testStateView_getSlot0() (gas: 30818)
[PASS] testStateView_getTickBitmap() (gas: 27027)
[PASS] testStateView_getTickFeeGrowthOutside() (gas: 33479)
[PASS] testStateView_getTickInfo() (gas: 39230)
[PASS] testStateView_getTickLiquidity() (gas: 29471)
Suite result: ok. 12 passed; 0 failed; 0 skipped; finished in 1.88s (57.23ms CPU time)

Ran 2 tests for test/fuzz/TimeFuzz.t.sol:TimeFuzz
[PASS] testFuzz_dailySavingsTiming(uint256,uint256,uint256) (runs: 256, μ: 10913, ~: 11756)
[PASS] testFuzz_timelockCalculations(uint256,uint256,uint256) (runs: 256, μ: 8191, ~: 7939)
Suite result: ok. 2 passed; 0 failed; 0 skipped; finished in 222.49ms (333.37ms CPU time)

Ran 20 tests for test/TokenModuleAdvancedTest.t.sol:TokenModuleAdvancedTest
[PASS] testTokenModule_BalanceOfBatch() (gas: 159193)
[PASS] testTokenModule_BatchBurnInsufficientBalance() (gas: 38523)
[PASS] testTokenModule_BatchBurnSavingsTokens() (gas: 232085)
[PASS] testTokenModule_BatchMintSavingsTokens() (gas: 170391)
[PASS] testTokenModule_BatchMintSavingsTokensArrayMismatch() (gas: 23259)
[PASS] testTokenModule_BatchTokenRegistration() (gas: 3835591)
[PASS] testTokenModule_BatchTransfer() (gas: 193465)
[PASS] testTokenModule_BatchTransferArrayMismatch() (gas: 31853)
[PASS] testTokenModule_BatchTransferToZeroAddress() (gas: 26822)
[PASS] testTokenModule_CompleteWorkflow() (gas: 1766134)
[FAIL: Alice should have remaining tokens: 720000000000000000000 != 550000000000000000000] testTokenModule_ComprehensiveReport() (gas: 5907281)
[PASS] testTokenModule_OperatorSetAndTransfer() (gas: 127897)
[PASS] testTokenModule_SafeTransferFromWithReceiver() (gas: 279749)
[PASS] testTokenModule_SafeTransferNonReceiver() (gas: 175523)
[PASS] testTokenModule_SafeTransferWithReceiver() (gas: 263887)
[PASS] testTokenModule_StressTestLargeBatchOperations() (gas: 69793294)
[PASS] testTokenModule_TokenMetadataFunctions() (gas: 49008)
[PASS] testTokenModule_TokenMetadataUnregisteredToken() (gas: 24147)
[PASS] testTokenModule_TokenRegistrationInvalidAddress() (gas: 19343)
[PASS] testTokenModule_TokenRegistrationLifecycle() (gas: 1323847)
Suite result: FAILED. 19 passed; 1 failed; 0 skipped; finished in 2.07s (210.14ms CPU time)

Ran 4 tests for test/fuzz/TokenFuzz.t.sol:TokenFuzz
[PASS] testFuzz_tokenApprovalAmount(uint256,uint256) (runs: 256, μ: 6407, ~: 5569)
[PASS] testFuzz_tokenBurnAmount(uint256,uint256) (runs: 256, μ: 7277, ~: 7555)
[PASS] testFuzz_tokenOperatorPermissions(bool) (runs: 256, μ: 579, ~: 576)
[PASS] testFuzz_tokenTransferAmount(uint256,uint256) (runs: 256, μ: 7257, ~: 7535)
Suite result: ok. 4 passed; 0 failed; 0 skipped; finished in 2.36s (2.47s CPU time)
Warning: Failure from "/Users/mac/mySpendSaveHook/cache/invariant/failures/DailySavingsInvariants/invariant_executed_amounts_match_config" file was ignored because test contract bytecode has changed.
Warning: Failure from "/Users/mac/mySpendSaveHook/cache/invariant/failures/DailySavingsInvariants/invariant_execution_timing_correct" file was ignored because test contract bytecode has changed.

Ran 12 tests for test/DeploymentTest.t.sol:DeploymentTest
[PASS] testDeploy_BaseMainnetConfiguration() (gas: 11096809)
[PASS] testDeploy_BaseSepoliaConfiguration() (gas: 11096852)
[PASS] testDeploy_CompleteEndToEndDeployment() (gas: 72123998)
[PASS] testDeploy_CompleteWorkflow() (gas: 71227826)
[FAIL: EvmError: MemoryOOG] testDeploy_ComprehensiveReport() (gas: 1073720760)
[PASS] testDeploy_DeploymentFailureRecovery() (gas: 48311888)
[PASS] testDeploy_DeploymentSequenceVerification() (gas: 70815924)
[PASS] testDeploy_DeploymentStateConsistency() (gas: 42986336)
[PASS] testDeploy_HookAddressMining() (gas: 42955313)
[PASS] testDeploy_HookFlagCompliance() (gas: 422470578)
[PASS] testDeploy_HookInitialization() (gas: 42984721)
[PASS] testDeploy_NetworkSpecificModuleConfiguration() (gas: 25886382)
Suite result: FAILED. 11 passed; 1 failed; 0 skipped; finished in 77.28s (77.26s CPU time)

Ran 15 tests for test/ERC6909ComplianceTest.t.sol:ERC6909ComplianceTest
[PASS] testERC6909_Allowance() (gas: 77621)
[PASS] testERC6909_Approve() (gas: 77629)
[PASS] testERC6909_AuthorizationCompliance() (gas: 74523)
[PASS] testERC6909_BalanceOf() (gas: 48782)
[PASS] testERC6909_BatchTransfer() (gas: 169414)
[PASS] testERC6909_BatchTransfer_InvalidArrays() (gas: 29072)
[PASS] testERC6909_BurnInsufficientBalance() (gas: 41033)
[PASS] testERC6909_ComprehensiveCompliance() (gas: 752937)
[PASS] testERC6909_Metadata() (gas: 90541)
[PASS] testERC6909_MintBurn() (gas: 101569)
[PASS] testERC6909_Transfer() (gas: 111570)
[PASS] testERC6909_TransferFrom() (gas: 131942)
[PASS] testERC6909_TransferFrom_InsufficientAllowance() (gas: 84592)
[PASS] testERC6909_Transfer_InsufficientBalance() (gas: 62013)
[PASS] testERC6909_ZeroAmountOperations() (gas: 73249)
Suite result: ok. 15 passed; 0 failed; 0 skipped; finished in 117.49ms (94.15ms CPU time)

Ran 7 tests for test/HookGasOptimizationTest.t.sol:HookGasOptimizationTest
[PASS] testGasOptimization_BatchOperationsScenario() (gas: 197603)
[PASS] testGasOptimization_ComprehensiveReport() (gas: 1868182)
[PASS] testGasOptimization_ExtremeSavingsScenario() (gas: 776677)
[PASS] testGasOptimization_MinimalSavingsScenario() (gas: 510794)
[PASS] testGasOptimization_NoSavingsScenario() (gas: 193411)
[PASS] testGasOptimization_OutputSavingsWithDCA() (gas: 506698)
[PASS] testGasOptimization_OutputSavings_CorrectDeltaAndGas() (gas: 378523)
Suite result: ok. 7 passed; 0 failed; 0 skipped; finished in 1.96s (89.92ms CPU time)

Ran 7 tests for test/IntegrationTest.t.sol:IntegrationTest
[PASS] testIntegration_CompleteBatchOperationsJourney() (gas: 354359)
[PASS] testIntegration_CompleteDCAJourney() (gas: 439145)
[PASS] testIntegration_CompleteDailySavingsJourney() (gas: 300513)
[PASS] testIntegration_CompleteSavingsToSwapToLPJourney() (gas: 292107)
[PASS] testIntegration_ComprehensiveReport() (gas: 2222419)
[PASS] testIntegration_MultiUserMultiFeatureJourney() (gas: 1227606)
[PASS] testIntegration_RealTimeAnalyticsIntegration() (gas: 926645)
Suite result: ok. 7 passed; 0 failed; 0 skipped; finished in 1.91s (96.11ms CPU time)

Ran 1 test for test/MinimalTest.t.sol:MinimalTest
[PASS] testStorageSetMaxSavingsPercentage() (gas: 11057230)
Suite result: ok. 1 passed; 0 failed; 0 skipped; finished in 1.76ms (864.33µs CPU time)

Ran 9 tests for test/ModuleAuthorizationTest.t.sol:ModuleAuthorizationTest
[PASS] testModuleAuth_ComprehensiveAuthReport() (gas: 6634203)
[PASS] testModuleAuth_CrossModuleAccess() (gas: 435731)
[PASS] testModuleAuth_EmergencyAccess() (gas: 38621)
[PASS] testModuleAuth_HookOnlyAccess() (gas: 83941)
[PASS] testModuleAuth_ModuleInitializationSecurity() (gas: 5603912)
[PASS] testModuleAuth_OwnerOnlyAccess() (gas: 90670)
[PASS] testModuleAuth_StorageOnlyModuleAccess() (gas: 55260)
[PASS] testModuleAuth_TokenTransferSecurity() (gas: 222046)
[PASS] testModuleAuth_UserAuthorizationPattern() (gas: 242832)
Suite result: ok. 9 passed; 0 failed; 0 skipped; finished in 1.87s (23.24ms CPU time)

Ran 6 tests for test/ReentrancyProtectionTest.t.sol:ReentrancyProtectionTest
[PASS] testReentrancyProtection_CrossModuleSafety() (gas: 583536)
[FAIL: panic: arithmetic underflow or overflow (0x11)] testReentrancyProtection_HookFunctionsSafeFromReentrancy() (gas: 303552)
[PASS] testReentrancyProtection_ModuleCallsProtected() (gas: 51715)
[PASS] testReentrancyProtection_ProcessDailySavingsBlocked() (gas: 135599)
[PASS] testReentrancyProtection_StateConsistencyUnderReentrancy() (gas: 358712)
[PASS] testReentrancyProtection_TransientStorageIntegrity() (gas: 260042)
Suite result: FAILED. 5 passed; 1 failed; 0 skipped; finished in 1.91s (12.84ms CPU time)

Ran 8 tests for test/fuzz/SavingsFuzz.t.sol:SavingsFuzz
[PASS] testFuzz_autoIncrementBounds(uint16,uint16,uint16) (runs: 256, μ: 9012, ~: 8944)
[PASS] testFuzz_batchSavingsConservation(uint256[],uint16) (runs: 256, μ: 26579, ~: 25753)
[PASS] testFuzz_feeCalculation(uint256,uint16) (runs: 256, μ: 7210, ~: 6563)
[PASS] testFuzz_roundUpSavings(uint256,uint16) (runs: 256, μ: 7758, ~: 7044)
[PASS] testFuzz_savingsCalculation(uint256,uint16) (runs: 256, μ: 7200, ~: 6542)
[PASS] testFuzz_savingsGoalProgress(uint256,uint256,uint256) (runs: 256, μ: 9511, ~: 8978)
[PASS] testFuzz_savingsWithFee(uint256,uint16,uint16) (runs: 256, μ: 9418, ~: 8620)
[PASS] testFuzz_withdrawalTimelock(uint256,uint256) (runs: 256, μ: 7894, ~: 7533)
Suite result: ok. 8 passed; 0 failed; 0 skipped; finished in 8.93s (17.53s CPU time)
Warning: Replayed invariant failure from "/Users/mac/mySpendSaveHook/cache/invariant/failures/SlippageInvariants/invariant_token_slippage_respected" file. 
Run `forge clean` or remove file to ignore failure and to continue invariant test campaign.

Ran 6 tests for test/fuzz/DCAFuzz.t.sol:DCAFuzz
[PASS] testFuzz_dcaAmountBounds(uint256,uint256) (runs: 256, μ: 6761, ~: 7079)
[FAIL: `vm.assume` rejected too many inputs (65536 allowed)] testFuzz_dcaBatchExecution(uint256[],uint256[],uint256) (runs: 7, μ: 48850, ~: 55688)
[FAIL: panic: arithmetic underflow or overflow (0x11); counterexample: calldata=0x8dbaa3d1944998273e477b495144fb8794c914197f3ccb46be2900f4698fd0ef743c969400000000000000000000000000000000000000000000000000000000000013a2 args=[67072331549493647622825787457569556318728415786901242217649037894484240406164 [6.707e76], 5026]] testFuzz_dcaDeadlineValidation(uint256,uint256) (runs: 0, μ: 0, ~: 0)
[PASS] testFuzz_dcaQueueOrdering(uint256,uint256) (runs: 256, μ: 7783, ~: 7463)
[PASS] testFuzz_dcaSlippageCalculation(uint256,uint256,uint256) (runs: 256, μ: 9862, ~: 10390)
[FAIL: panic: arithmetic underflow or overflow (0x11); counterexample: calldata=0xdab4c385fffffffffffffffffffffffffffffffffffffffffffffffffffffffffffffff6 args=[-10]] testFuzz_dcaTickCalculation(int256) (runs: 0, μ: 0, ~: 0)
Suite result: FAILED. 3 passed; 3 failed; 0 skipped; finished in 157.18s (314.21s CPU time)
Warning: Replayed invariant failure from "/Users/mac/mySpendSaveHook/cache/invariant/failures/AccessControlInvariants/invariant_only_authorized_modules_modify_storage" file. 
Run `forge clean` or remove file to ignore failure and to continue invariant test campaign.
Warning: Replayed invariant failure from "/Users/mac/mySpendSaveHook/cache/invariant/failures/AccessControlInvariants/invariant_user_strategy_isolation" file. 
Run `forge clean` or remove file to ignore failure and to continue invariant test campaign.

Ran 3 tests for test/invariant/SlippageInvariants.t.sol:SlippageInvariants
[PASS] invariant_default_slippage_bounded() (runs: 256, calls: 128000, reverts: 8576)

╭------------------+---------------------------------------+-------+---------+----------╮
| Contract         | Selector                              | Calls | Reverts | Discards |
+=======================================================================================+
| SpendSaveHandler | advanceTime                           | 4562  | 0       | 0        |
|------------------+---------------------------------------+-------+---------+----------|
| SpendSaveHandler | attemptUnauthorizedFeeChange          | 4533  | 0       | 0        |
|------------------+---------------------------------------+-------+---------+----------|
| SpendSaveHandler | attemptUnauthorizedModuleRegistration | 4552  | 0       | 0        |
|------------------+---------------------------------------+-------+---------+----------|
| SpendSaveHandler | attemptUnauthorizedTreasuryChange     | 4521  | 0       | 0        |
|------------------+---------------------------------------+-------+---------+----------|
| SpendSaveHandler | burnTokens                            | 4615  | 3       | 0        |
|------------------+---------------------------------------+-------+---------+----------|
| SpendSaveHandler | configureDailySavings                 | 4673  | 3       | 0        |
|------------------+---------------------------------------+-------+---------+----------|
| SpendSaveHandler | configureStrategy                     | 4528  | 2       | 0        |
|------------------+---------------------------------------+-------+---------+----------|
| SpendSaveHandler | configureStrategyWithTracking         | 4552  | 3       | 0        |
|------------------+---------------------------------------+-------+---------+----------|
| SpendSaveHandler | disableDailySavings                   | 4603  | 4       | 0        |
|------------------+---------------------------------------+-------+---------+----------|
| SpendSaveHandler | enqueueDca                            | 4582  | 6       | 0        |
|------------------+---------------------------------------+-------+---------+----------|
| SpendSaveHandler | executeBatchDailySavings              | 4697  | 5       | 0        |
|------------------+---------------------------------------+-------+---------+----------|
| SpendSaveHandler | executeDailySavingsForToken           | 4516  | 5       | 0        |
|------------------+---------------------------------------+-------+---------+----------|
| SpendSaveHandler | executeDca                            | 4552  | 9       | 0        |
|------------------+---------------------------------------+-------+---------+----------|
| SpendSaveHandler | markDcaExecuted                       | 4546  | 4       | 0        |
|------------------+---------------------------------------+-------+---------+----------|
| SpendSaveHandler | processSavings                        | 4549  | 4236    | 0        |
|------------------+---------------------------------------+-------+---------+----------|
| SpendSaveHandler | processSavingsWithMint                | 4604  | 4253    | 0        |
|------------------+---------------------------------------+-------+---------+----------|
| SpendSaveHandler | registerToken                         | 4680  | 0       | 0        |
|------------------+---------------------------------------+-------+---------+----------|
| SpendSaveHandler | seedUser                              | 4550  | 0       | 0        |
|------------------+---------------------------------------+-------+---------+----------|
| SpendSaveHandler | setDefaultSlippage                    | 4509  | 0       | 0        |
|------------------+---------------------------------------+-------+---------+----------|
| SpendSaveHandler | setTokenSlippage                      | 4604  | 7       | 0        |
|------------------+---------------------------------------+-------+---------+----------|
| SpendSaveHandler | setTransientContextWithTracking       | 4497  | 7       | 0        |
|------------------+---------------------------------------+-------+---------+----------|
| SpendSaveHandler | setUserSlippage                       | 4621  | 7       | 0        |
|------------------+---------------------------------------+-------+---------+----------|
| SpendSaveHandler | setWithdrawalTimelock                 | 4518  | 6       | 0        |
|------------------+---------------------------------------+-------+---------+----------|
| SpendSaveHandler | trackModuleModification               | 4444  | 0       | 0        |
|------------------+---------------------------------------+-------+---------+----------|
| SpendSaveHandler | transferToken                         | 4646  | 0       | 0        |
|------------------+---------------------------------------+-------+---------+----------|
| SpendSaveHandler | updateDailyExecution                  | 4583  | 6       | 0        |
|------------------+---------------------------------------+-------+---------+----------|
| SpendSaveHandler | withdraw                              | 4560  | 3       | 0        |
|------------------+---------------------------------------+-------+---------+----------|
| SpendSaveHandler | withdrawDailySavings                  | 4603  | 7       | 0        |
╰------------------+---------------------------------------+-------+---------+----------╯

[FAIL: invariant_token_slippage_respected replay failure]
	[Sequence] (original: 3, shrunk: 3)
		sender=0x4200000000000000000000000000000000000023 addr=[test/invariant/BaseInvariantTest.sol:SpendSaveHandler]0x3D7Ebc40AF7092E3F1C81F2e996cbA5Cae2090d7 calldata=seedUser(uint256) args=[1005835515576359460005134140798766305212256906220900130642 [1.005e57]]
		sender=0x833589fCD6eDb6E08f4c7C32D4f71b54bdA02913 addr=[test/invariant/BaseInvariantTest.sol:SpendSaveHandler]0x3D7Ebc40AF7092E3F1C81F2e996cbA5Cae2090d7 calldata=setTokenSlippage(uint256,uint256,uint256) args=[1042649278995372725435238995612190345418047122252925799901831712 [1.042e63], 18334623915863842703281641728557098 [1.833e34], 35452929015284449752190103372 [3.545e28]]
		sender=0x2Ae3F1Ec7F1F5012CFEab0185bfc7aa3cf0DEc22 addr=[test/invariant/BaseInvariantTest.sol:SpendSaveHandler]0x3D7Ebc40AF7092E3F1C81F2e996cbA5Cae2090d7 calldata=setDefaultSlippage(uint256) args=[1842]
 invariant_token_slippage_respected() (runs: 1, calls: 1, reverts: 1)
[PASS] invariant_user_slippage_bounded() (runs: 256, calls: 128000, reverts: 8576)

╭------------------+---------------------------------------+-------+---------+----------╮
| Contract         | Selector                              | Calls | Reverts | Discards |
+=======================================================================================+
| SpendSaveHandler | advanceTime                           | 4562  | 0       | 0        |
|------------------+---------------------------------------+-------+---------+----------|
| SpendSaveHandler | attemptUnauthorizedFeeChange          | 4533  | 0       | 0        |
|------------------+---------------------------------------+-------+---------+----------|
| SpendSaveHandler | attemptUnauthorizedModuleRegistration | 4552  | 0       | 0        |
|------------------+---------------------------------------+-------+---------+----------|
| SpendSaveHandler | attemptUnauthorizedTreasuryChange     | 4521  | 0       | 0        |
|------------------+---------------------------------------+-------+---------+----------|
| SpendSaveHandler | burnTokens                            | 4615  | 3       | 0        |
|------------------+---------------------------------------+-------+---------+----------|
| SpendSaveHandler | configureDailySavings                 | 4673  | 3       | 0        |
|------------------+---------------------------------------+-------+---------+----------|
| SpendSaveHandler | configureStrategy                     | 4528  | 2       | 0        |
|------------------+---------------------------------------+-------+---------+----------|
| SpendSaveHandler | configureStrategyWithTracking         | 4552  | 3       | 0        |
|------------------+---------------------------------------+-------+---------+----------|
| SpendSaveHandler | disableDailySavings                   | 4603  | 4       | 0        |
|------------------+---------------------------------------+-------+---------+----------|
| SpendSaveHandler | enqueueDca                            | 4582  | 6       | 0        |
|------------------+---------------------------------------+-------+---------+----------|
| SpendSaveHandler | executeBatchDailySavings              | 4697  | 5       | 0        |
|------------------+---------------------------------------+-------+---------+----------|
| SpendSaveHandler | executeDailySavingsForToken           | 4516  | 5       | 0        |
|------------------+---------------------------------------+-------+---------+----------|
| SpendSaveHandler | executeDca                            | 4552  | 9       | 0        |
|------------------+---------------------------------------+-------+---------+----------|
| SpendSaveHandler | markDcaExecuted                       | 4546  | 4       | 0        |
|------------------+---------------------------------------+-------+---------+----------|
| SpendSaveHandler | processSavings                        | 4549  | 4236    | 0        |
|------------------+---------------------------------------+-------+---------+----------|
| SpendSaveHandler | processSavingsWithMint                | 4604  | 4253    | 0        |
|------------------+---------------------------------------+-------+---------+----------|
| SpendSaveHandler | registerToken                         | 4680  | 0       | 0        |
|------------------+---------------------------------------+-------+---------+----------|
| SpendSaveHandler | seedUser                              | 4550  | 0       | 0        |
|------------------+---------------------------------------+-------+---------+----------|
| SpendSaveHandler | setDefaultSlippage                    | 4509  | 0       | 0        |
|------------------+---------------------------------------+-------+---------+----------|
| SpendSaveHandler | setTokenSlippage                      | 4604  | 7       | 0        |
|------------------+---------------------------------------+-------+---------+----------|
| SpendSaveHandler | setTransientContextWithTracking       | 4497  | 7       | 0        |
|------------------+---------------------------------------+-------+---------+----------|
| SpendSaveHandler | setUserSlippage                       | 4621  | 7       | 0        |
|------------------+---------------------------------------+-------+---------+----------|
| SpendSaveHandler | setWithdrawalTimelock                 | 4518  | 6       | 0        |
|------------------+---------------------------------------+-------+---------+----------|
| SpendSaveHandler | trackModuleModification               | 4444  | 0       | 0        |
|------------------+---------------------------------------+-------+---------+----------|
| SpendSaveHandler | transferToken                         | 4646  | 0       | 0        |
|------------------+---------------------------------------+-------+---------+----------|
| SpendSaveHandler | updateDailyExecution                  | 4583  | 6       | 0        |
|------------------+---------------------------------------+-------+---------+----------|
| SpendSaveHandler | withdraw                              | 4560  | 3       | 0        |
|------------------+---------------------------------------+-------+---------+----------|
| SpendSaveHandler | withdrawDailySavings                  | 4603  | 7       | 0        |
╰------------------+---------------------------------------+-------+---------+----------╯

Suite result: FAILED. 2 passed; 1 failed; 0 skipped; finished in 732.41s (1267.95s CPU time)
Warning: Replayed invariant failure from "/Users/mac/mySpendSaveHook/cache/invariant/failures/SolvencyInvariants/invariant_dca_queue_backed_by_savings" file. 
Run `forge clean` or remove file to ignore failure and to continue invariant test campaign.

Ran 6 tests for test/invariant/AccessControlInvariants.t.sol:AccessControlInvariants
[PASS] invariant_hook_exclusive_functions() (runs: 256, calls: 128000, reverts: 8575)

╭------------------+---------------------------------------+-------+---------+----------╮
| Contract         | Selector                              | Calls | Reverts | Discards |
+=======================================================================================+
| SpendSaveHandler | advanceTime                           | 4562  | 0       | 0        |
|------------------+---------------------------------------+-------+---------+----------|
| SpendSaveHandler | attemptUnauthorizedFeeChange          | 4533  | 0       | 0        |
|------------------+---------------------------------------+-------+---------+----------|
| SpendSaveHandler | attemptUnauthorizedModuleRegistration | 4552  | 0       | 0        |
|------------------+---------------------------------------+-------+---------+----------|
| SpendSaveHandler | attemptUnauthorizedTreasuryChange     | 4521  | 0       | 0        |
|------------------+---------------------------------------+-------+---------+----------|
| SpendSaveHandler | burnTokens                            | 4615  | 3       | 0        |
|------------------+---------------------------------------+-------+---------+----------|
| SpendSaveHandler | configureDailySavings                 | 4673  | 3       | 0        |
|------------------+---------------------------------------+-------+---------+----------|
| SpendSaveHandler | configureStrategy                     | 4528  | 2       | 0        |
|------------------+---------------------------------------+-------+---------+----------|
| SpendSaveHandler | configureStrategyWithTracking         | 4552  | 3       | 0        |
|------------------+---------------------------------------+-------+---------+----------|
| SpendSaveHandler | disableDailySavings                   | 4603  | 4       | 0        |
|------------------+---------------------------------------+-------+---------+----------|
| SpendSaveHandler | enqueueDca                            | 4582  | 6       | 0        |
|------------------+---------------------------------------+-------+---------+----------|
| SpendSaveHandler | executeBatchDailySavings              | 4697  | 5       | 0        |
|------------------+---------------------------------------+-------+---------+----------|
| SpendSaveHandler | executeDailySavingsForToken           | 4516  | 5       | 0        |
|------------------+---------------------------------------+-------+---------+----------|
| SpendSaveHandler | executeDca                            | 4552  | 8       | 0        |
|------------------+---------------------------------------+-------+---------+----------|
| SpendSaveHandler | markDcaExecuted                       | 4546  | 4       | 0        |
|------------------+---------------------------------------+-------+---------+----------|
| SpendSaveHandler | processSavings                        | 4549  | 4236    | 0        |
|------------------+---------------------------------------+-------+---------+----------|
| SpendSaveHandler | processSavingsWithMint                | 4604  | 4253    | 0        |
|------------------+---------------------------------------+-------+---------+----------|
| SpendSaveHandler | registerToken                         | 4680  | 0       | 0        |
|------------------+---------------------------------------+-------+---------+----------|
| SpendSaveHandler | seedUser                              | 4550  | 0       | 0        |
|------------------+---------------------------------------+-------+---------+----------|
| SpendSaveHandler | setDefaultSlippage                    | 4509  | 0       | 0        |
|------------------+---------------------------------------+-------+---------+----------|
| SpendSaveHandler | setTokenSlippage                      | 4604  | 7       | 0        |
|------------------+---------------------------------------+-------+---------+----------|
| SpendSaveHandler | setTransientContextWithTracking       | 4497  | 7       | 0        |
|------------------+---------------------------------------+-------+---------+----------|
| SpendSaveHandler | setUserSlippage                       | 4621  | 7       | 0        |
|------------------+---------------------------------------+-------+---------+----------|
| SpendSaveHandler | setWithdrawalTimelock                 | 4518  | 6       | 0        |
|------------------+---------------------------------------+-------+---------+----------|
| SpendSaveHandler | trackModuleModification               | 4444  | 0       | 0        |
|------------------+---------------------------------------+-------+---------+----------|
| SpendSaveHandler | transferToken                         | 4646  | 0       | 0        |
|------------------+---------------------------------------+-------+---------+----------|
| SpendSaveHandler | updateDailyExecution                  | 4583  | 6       | 0        |
|------------------+---------------------------------------+-------+---------+----------|
| SpendSaveHandler | withdraw                              | 4560  | 3       | 0        |
|------------------+---------------------------------------+-------+---------+----------|
| SpendSaveHandler | withdrawDailySavings                  | 4603  | 7       | 0        |
╰------------------+---------------------------------------+-------+---------+----------╯

[PASS] invariant_module_references_immutable_after_init() (runs: 256, calls: 128000, reverts: 8575)

╭------------------+---------------------------------------+-------+---------+----------╮
| Contract         | Selector                              | Calls | Reverts | Discards |
+=======================================================================================+
| SpendSaveHandler | advanceTime                           | 4562  | 0       | 0        |
|------------------+---------------------------------------+-------+---------+----------|
| SpendSaveHandler | attemptUnauthorizedFeeChange          | 4533  | 0       | 0        |
|------------------+---------------------------------------+-------+---------+----------|
| SpendSaveHandler | attemptUnauthorizedModuleRegistration | 4552  | 0       | 0        |
|------------------+---------------------------------------+-------+---------+----------|
| SpendSaveHandler | attemptUnauthorizedTreasuryChange     | 4521  | 0       | 0        |
|------------------+---------------------------------------+-------+---------+----------|
| SpendSaveHandler | burnTokens                            | 4615  | 3       | 0        |
|------------------+---------------------------------------+-------+---------+----------|
| SpendSaveHandler | configureDailySavings                 | 4673  | 3       | 0        |
|------------------+---------------------------------------+-------+---------+----------|
| SpendSaveHandler | configureStrategy                     | 4528  | 2       | 0        |
|------------------+---------------------------------------+-------+---------+----------|
| SpendSaveHandler | configureStrategyWithTracking         | 4552  | 3       | 0        |
|------------------+---------------------------------------+-------+---------+----------|
| SpendSaveHandler | disableDailySavings                   | 4603  | 4       | 0        |
|------------------+---------------------------------------+-------+---------+----------|
| SpendSaveHandler | enqueueDca                            | 4582  | 6       | 0        |
|------------------+---------------------------------------+-------+---------+----------|
| SpendSaveHandler | executeBatchDailySavings              | 4697  | 5       | 0        |
|------------------+---------------------------------------+-------+---------+----------|
| SpendSaveHandler | executeDailySavingsForToken           | 4516  | 5       | 0        |
|------------------+---------------------------------------+-------+---------+----------|
| SpendSaveHandler | executeDca                            | 4552  | 8       | 0        |
|------------------+---------------------------------------+-------+---------+----------|
| SpendSaveHandler | markDcaExecuted                       | 4546  | 4       | 0        |
|------------------+---------------------------------------+-------+---------+----------|
| SpendSaveHandler | processSavings                        | 4549  | 4236    | 0        |
|------------------+---------------------------------------+-------+---------+----------|
| SpendSaveHandler | processSavingsWithMint                | 4604  | 4253    | 0        |
|------------------+---------------------------------------+-------+---------+----------|
| SpendSaveHandler | registerToken                         | 4680  | 0       | 0        |
|------------------+---------------------------------------+-------+---------+----------|
| SpendSaveHandler | seedUser                              | 4550  | 0       | 0        |
|------------------+---------------------------------------+-------+---------+----------|
| SpendSaveHandler | setDefaultSlippage                    | 4509  | 0       | 0        |
|------------------+---------------------------------------+-------+---------+----------|
| SpendSaveHandler | setTokenSlippage                      | 4604  | 7       | 0        |
|------------------+---------------------------------------+-------+---------+----------|
| SpendSaveHandler | setTransientContextWithTracking       | 4497  | 7       | 0        |
|------------------+---------------------------------------+-------+---------+----------|
| SpendSaveHandler | setUserSlippage                       | 4621  | 7       | 0        |
|------------------+---------------------------------------+-------+---------+----------|
| SpendSaveHandler | setWithdrawalTimelock                 | 4518  | 6       | 0        |
|------------------+---------------------------------------+-------+---------+----------|
| SpendSaveHandler | trackModuleModification               | 4444  | 0       | 0        |
|------------------+---------------------------------------+-------+---------+----------|
| SpendSaveHandler | transferToken                         | 4646  | 0       | 0        |
|------------------+---------------------------------------+-------+---------+----------|
| SpendSaveHandler | updateDailyExecution                  | 4583  | 6       | 0        |
|------------------+---------------------------------------+-------+---------+----------|
| SpendSaveHandler | withdraw                              | 4560  | 3       | 0        |
|------------------+---------------------------------------+-------+---------+----------|
| SpendSaveHandler | withdrawDailySavings                  | 4603  | 7       | 0        |
╰------------------+---------------------------------------+-------+---------+----------╯

[FAIL: invariant_only_authorized_modules_modify_storage replay failure]
	[Sequence] (original: 1, shrunk: 1)
		sender=0x036CbD53842c5426634e7929541eC2318f3dCF7e addr=[test/invariant/BaseInvariantTest.sol:SpendSaveHandler]0x3D7Ebc40AF7092E3F1C81F2e996cbA5Cae2090d7 calldata=trackModuleModification(address) args=[0x2Ae3F1Ec7F1F5012CFEab0185bfc7aa3cf0DEc22]
 invariant_only_authorized_modules_modify_storage() (runs: 1, calls: 1, reverts: 1)
[PASS] invariant_owner_exclusive_critical_parameters() (runs: 256, calls: 128000, reverts: 8575)

╭------------------+---------------------------------------+-------+---------+----------╮
| Contract         | Selector                              | Calls | Reverts | Discards |
+=======================================================================================+
| SpendSaveHandler | advanceTime                           | 4562  | 0       | 0        |
|------------------+---------------------------------------+-------+---------+----------|
| SpendSaveHandler | attemptUnauthorizedFeeChange          | 4533  | 0       | 0        |
|------------------+---------------------------------------+-------+---------+----------|
| SpendSaveHandler | attemptUnauthorizedModuleRegistration | 4552  | 0       | 0        |
|------------------+---------------------------------------+-------+---------+----------|
| SpendSaveHandler | attemptUnauthorizedTreasuryChange     | 4521  | 0       | 0        |
|------------------+---------------------------------------+-------+---------+----------|
| SpendSaveHandler | burnTokens                            | 4615  | 3       | 0        |
|------------------+---------------------------------------+-------+---------+----------|
| SpendSaveHandler | configureDailySavings                 | 4673  | 3       | 0        |
|------------------+---------------------------------------+-------+---------+----------|
| SpendSaveHandler | configureStrategy                     | 4528  | 2       | 0        |
|------------------+---------------------------------------+-------+---------+----------|
| SpendSaveHandler | configureStrategyWithTracking         | 4552  | 3       | 0        |
|------------------+---------------------------------------+-------+---------+----------|
| SpendSaveHandler | disableDailySavings                   | 4603  | 4       | 0        |
|------------------+---------------------------------------+-------+---------+----------|
| SpendSaveHandler | enqueueDca                            | 4582  | 6       | 0        |
|------------------+---------------------------------------+-------+---------+----------|
| SpendSaveHandler | executeBatchDailySavings              | 4697  | 5       | 0        |
|------------------+---------------------------------------+-------+---------+----------|
| SpendSaveHandler | executeDailySavingsForToken           | 4516  | 5       | 0        |
|------------------+---------------------------------------+-------+---------+----------|
| SpendSaveHandler | executeDca                            | 4552  | 8       | 0        |
|------------------+---------------------------------------+-------+---------+----------|
| SpendSaveHandler | markDcaExecuted                       | 4546  | 4       | 0        |
|------------------+---------------------------------------+-------+---------+----------|
| SpendSaveHandler | processSavings                        | 4549  | 4236    | 0        |
|------------------+---------------------------------------+-------+---------+----------|
| SpendSaveHandler | processSavingsWithMint                | 4604  | 4253    | 0        |
|------------------+---------------------------------------+-------+---------+----------|
| SpendSaveHandler | registerToken                         | 4680  | 0       | 0        |
|------------------+---------------------------------------+-------+---------+----------|
| SpendSaveHandler | seedUser                              | 4550  | 0       | 0        |
|------------------+---------------------------------------+-------+---------+----------|
| SpendSaveHandler | setDefaultSlippage                    | 4509  | 0       | 0        |
|------------------+---------------------------------------+-------+---------+----------|
| SpendSaveHandler | setTokenSlippage                      | 4604  | 7       | 0        |
|------------------+---------------------------------------+-------+---------+----------|
| SpendSaveHandler | setTransientContextWithTracking       | 4497  | 7       | 0        |
|------------------+---------------------------------------+-------+---------+----------|
| SpendSaveHandler | setUserSlippage                       | 4621  | 7       | 0        |
|------------------+---------------------------------------+-------+---------+----------|
| SpendSaveHandler | setWithdrawalTimelock                 | 4518  | 6       | 0        |
|------------------+---------------------------------------+-------+---------+----------|
| SpendSaveHandler | trackModuleModification               | 4444  | 0       | 0        |
|------------------+---------------------------------------+-------+---------+----------|
| SpendSaveHandler | transferToken                         | 4646  | 0       | 0        |
|------------------+---------------------------------------+-------+---------+----------|
| SpendSaveHandler | updateDailyExecution                  | 4583  | 6       | 0        |
|------------------+---------------------------------------+-------+---------+----------|
| SpendSaveHandler | withdraw                              | 4560  | 3       | 0        |
|------------------+---------------------------------------+-------+---------+----------|
| SpendSaveHandler | withdrawDailySavings                  | 4603  | 7       | 0        |
╰------------------+---------------------------------------+-------+---------+----------╯

[FAIL: invariant_user_strategy_isolation replay failure]
	[Sequence] (original: 2, shrunk: 2)
		sender=0x4200000000000000000000000000000000000023 addr=[test/invariant/BaseInvariantTest.sol:SpendSaveHandler]0x3D7Ebc40AF7092E3F1C81F2e996cbA5Cae2090d7 calldata=seedUser(uint256) args=[1005835515576359460005134140798766305212256906220900130642 [1.005e57]]
		sender=0x0000000000000000000000000000000000002c2A addr=[test/invariant/BaseInvariantTest.sol:SpendSaveHandler]0x3D7Ebc40AF7092E3F1C81F2e996cbA5Cae2090d7 calldata=configureStrategy(uint256,uint256,uint256,uint8) args=[3548329221571463080137418808019002360734223282060892390954943755091 [3.548e66], 169806096078068959710118491505025507211387441796095103143 [1.698e56], 39373026242 [3.937e10], 0]
 invariant_user_strategy_isolation() (runs: 1, calls: 1, reverts: 1)
[PASS] invariant_withdrawal_authorization() (runs: 256, calls: 128000, reverts: 8575)

╭------------------+---------------------------------------+-------+---------+----------╮
| Contract         | Selector                              | Calls | Reverts | Discards |
+=======================================================================================+
| SpendSaveHandler | advanceTime                           | 4562  | 0       | 0        |
|------------------+---------------------------------------+-------+---------+----------|
| SpendSaveHandler | attemptUnauthorizedFeeChange          | 4533  | 0       | 0        |
|------------------+---------------------------------------+-------+---------+----------|
| SpendSaveHandler | attemptUnauthorizedModuleRegistration | 4552  | 0       | 0        |
|------------------+---------------------------------------+-------+---------+----------|
| SpendSaveHandler | attemptUnauthorizedTreasuryChange     | 4521  | 0       | 0        |
|------------------+---------------------------------------+-------+---------+----------|
| SpendSaveHandler | burnTokens                            | 4615  | 3       | 0        |
|------------------+---------------------------------------+-------+---------+----------|
| SpendSaveHandler | configureDailySavings                 | 4673  | 3       | 0        |
|------------------+---------------------------------------+-------+---------+----------|
| SpendSaveHandler | configureStrategy                     | 4528  | 2       | 0        |
|------------------+---------------------------------------+-------+---------+----------|
| SpendSaveHandler | configureStrategyWithTracking         | 4552  | 3       | 0        |
|------------------+---------------------------------------+-------+---------+----------|
| SpendSaveHandler | disableDailySavings                   | 4603  | 4       | 0        |
|------------------+---------------------------------------+-------+---------+----------|
| SpendSaveHandler | enqueueDca                            | 4582  | 6       | 0        |
|------------------+---------------------------------------+-------+---------+----------|
| SpendSaveHandler | executeBatchDailySavings              | 4697  | 5       | 0        |
|------------------+---------------------------------------+-------+---------+----------|
| SpendSaveHandler | executeDailySavingsForToken           | 4516  | 5       | 0        |
|------------------+---------------------------------------+-------+---------+----------|
| SpendSaveHandler | executeDca                            | 4552  | 8       | 0        |
|------------------+---------------------------------------+-------+---------+----------|
| SpendSaveHandler | markDcaExecuted                       | 4546  | 4       | 0        |
|------------------+---------------------------------------+-------+---------+----------|
| SpendSaveHandler | processSavings                        | 4549  | 4236    | 0        |
|------------------+---------------------------------------+-------+---------+----------|
| SpendSaveHandler | processSavingsWithMint                | 4604  | 4253    | 0        |
|------------------+---------------------------------------+-------+---------+----------|
| SpendSaveHandler | registerToken                         | 4680  | 0       | 0        |
|------------------+---------------------------------------+-------+---------+----------|
| SpendSaveHandler | seedUser                              | 4550  | 0       | 0        |
|------------------+---------------------------------------+-------+---------+----------|
| SpendSaveHandler | setDefaultSlippage                    | 4509  | 0       | 0        |
|------------------+---------------------------------------+-------+---------+----------|
| SpendSaveHandler | setTokenSlippage                      | 4604  | 7       | 0        |
|------------------+---------------------------------------+-------+---------+----------|
| SpendSaveHandler | setTransientContextWithTracking       | 4497  | 7       | 0        |
|------------------+---------------------------------------+-------+---------+----------|
| SpendSaveHandler | setUserSlippage                       | 4621  | 7       | 0        |
|------------------+---------------------------------------+-------+---------+----------|
| SpendSaveHandler | setWithdrawalTimelock                 | 4518  | 6       | 0        |
|------------------+---------------------------------------+-------+---------+----------|
| SpendSaveHandler | trackModuleModification               | 4444  | 0       | 0        |
|------------------+---------------------------------------+-------+---------+----------|
| SpendSaveHandler | transferToken                         | 4646  | 0       | 0        |
|------------------+---------------------------------------+-------+---------+----------|
| SpendSaveHandler | updateDailyExecution                  | 4583  | 6       | 0        |
|------------------+---------------------------------------+-------+---------+----------|
| SpendSaveHandler | withdraw                              | 4560  | 3       | 0        |
|------------------+---------------------------------------+-------+---------+----------|
| SpendSaveHandler | withdrawDailySavings                  | 4603  | 7       | 0        |
╰------------------+---------------------------------------+-------+---------+----------╯

Suite result: FAILED. 4 passed; 2 failed; 0 skipped; finished in 1117.29s (1721.10s CPU time)

Ran 18 tests for test/AdminFunctionsTest.t.sol:AdminFunctionsTest
[PASS] testAdmin_CompleteWorkflow() (gas: 314832)
[PASS] testAdmin_ComprehensiveReport() (gas: 677381)
[PASS] testAdmin_DefaultSlippageTolerance() (gas: 41688)
[PASS] testAdmin_DefaultSlippageToleranceUnauthorized() (gas: 18047)
[PASS] testAdmin_EmergencyPause() (gas: 17878)
[PASS] testAdmin_EmergencyPauseUnauthorized() (gas: 17521)
[PASS] testAdmin_FeeCollectionAndDistribution() (gas: 298395)
[PASS] testAdmin_IntermediaryTokens() (gas: 93826)
[PASS] testAdmin_IntermediaryTokensUnauthorized() (gas: 20934)
[PASS] testAdmin_MaxSavingsPercentage() (gas: 24573)
[PASS] testAdmin_MaxSavingsPercentageUnauthorized() (gas: 18032)
[PASS] testAdmin_ModuleRegistration() (gas: 70718)
[PASS] testAdmin_ModuleRegistrationUnauthorized() (gas: 20435)
[PASS] testAdmin_OwnershipTransfer() (gas: 36615)
[PASS] testAdmin_OwnershipTransferUnauthorized() (gas: 20153)
[PASS] testAdmin_ParameterValidation() (gas: 22740)
[PASS] testAdmin_TreasuryManagement() (gas: 35355)
[PASS] testAdmin_TreasuryManagementUnauthorized() (gas: 24809)
Suite result: ok. 18 passed; 0 failed; 0 skipped; finished in 1.92s (109.51ms CPU time)

Ran 9 tests for test/AdvancedProtocolIntegration.t.sol:AdvancedProtocolIntegration
[PASS] testAnalyticsMetricsTracking() (gas: 365651)
[PASS] testCompleteAdvancedWorkflow() (gas: 478988)
[PASS] testDCARouterAdvancedRouting() (gas: 147748)
[PASS] testEnhancedSlippageProtection() (gas: 28493)
[PASS] testLiquidityManagerIntegration() (gas: 6621)
[PASS] testModuleRegistryUpgrade() (gas: 5648334)
[PASS] testMulticallBatchOperations() (gas: 21706)
[PASS] testQuoterSavingsImpactPreview() (gas: 515135)
[PASS] test_stateViewAnalyticsIntegration() (gas: 97402)
Suite result: ok. 9 passed; 0 failed; 0 skipped; finished in 2.12s (67.56ms CPU time)
Warning: Failure from "/Users/mac/mySpendSaveHook/cache/invariant/failures/DailySavingsInvariants/invariant_goal_state_transitions" file was ignored because test contract bytecode has changed.
Warning: Failure from "/Users/mac/mySpendSaveHook/cache/invariant/failures/DCAInvariants/invariant_dca_queue_valid_deadlines" file was ignored because test contract bytecode has changed.

Ran 4 tests for test/invariant/ModuleInvariants.t.sol:ModuleInvariants
[PASS] invariant_cross_module_calls_authorized() (runs: 256, calls: 128000, reverts: 8575)

╭------------------+---------------------------------------+-------+---------+----------╮
| Contract         | Selector                              | Calls | Reverts | Discards |
+=======================================================================================+
| SpendSaveHandler | advanceTime                           | 4562  | 0       | 0        |
|------------------+---------------------------------------+-------+---------+----------|
| SpendSaveHandler | attemptUnauthorizedFeeChange          | 4533  | 0       | 0        |
|------------------+---------------------------------------+-------+---------+----------|
| SpendSaveHandler | attemptUnauthorizedModuleRegistration | 4552  | 0       | 0        |
|------------------+---------------------------------------+-------+---------+----------|
| SpendSaveHandler | attemptUnauthorizedTreasuryChange     | 4521  | 0       | 0        |
|------------------+---------------------------------------+-------+---------+----------|
| SpendSaveHandler | burnTokens                            | 4615  | 3       | 0        |
|------------------+---------------------------------------+-------+---------+----------|
| SpendSaveHandler | configureDailySavings                 | 4673  | 3       | 0        |
|------------------+---------------------------------------+-------+---------+----------|
| SpendSaveHandler | configureStrategy                     | 4528  | 2       | 0        |
|------------------+---------------------------------------+-------+---------+----------|
| SpendSaveHandler | configureStrategyWithTracking         | 4552  | 3       | 0        |
|------------------+---------------------------------------+-------+---------+----------|
| SpendSaveHandler | disableDailySavings                   | 4603  | 4       | 0        |
|------------------+---------------------------------------+-------+---------+----------|
| SpendSaveHandler | enqueueDca                            | 4582  | 6       | 0        |
|------------------+---------------------------------------+-------+---------+----------|
| SpendSaveHandler | executeBatchDailySavings              | 4697  | 5       | 0        |
|------------------+---------------------------------------+-------+---------+----------|
| SpendSaveHandler | executeDailySavingsForToken           | 4516  | 5       | 0        |
|------------------+---------------------------------------+-------+---------+----------|
| SpendSaveHandler | executeDca                            | 4552  | 8       | 0        |
|------------------+---------------------------------------+-------+---------+----------|
| SpendSaveHandler | markDcaExecuted                       | 4546  | 4       | 0        |
|------------------+---------------------------------------+-------+---------+----------|
| SpendSaveHandler | processSavings                        | 4549  | 4236    | 0        |
|------------------+---------------------------------------+-------+---------+----------|
| SpendSaveHandler | processSavingsWithMint                | 4604  | 4253    | 0        |
|------------------+---------------------------------------+-------+---------+----------|
| SpendSaveHandler | registerToken                         | 4680  | 0       | 0        |
|------------------+---------------------------------------+-------+---------+----------|
| SpendSaveHandler | seedUser                              | 4550  | 0       | 0        |
|------------------+---------------------------------------+-------+---------+----------|
| SpendSaveHandler | setDefaultSlippage                    | 4509  | 0       | 0        |
|------------------+---------------------------------------+-------+---------+----------|
| SpendSaveHandler | setTokenSlippage                      | 4604  | 7       | 0        |
|------------------+---------------------------------------+-------+---------+----------|
| SpendSaveHandler | setTransientContextWithTracking       | 4497  | 7       | 0        |
|------------------+---------------------------------------+-------+---------+----------|
| SpendSaveHandler | setUserSlippage                       | 4621  | 7       | 0        |
|------------------+---------------------------------------+-------+---------+----------|
| SpendSaveHandler | setWithdrawalTimelock                 | 4518  | 6       | 0        |
|------------------+---------------------------------------+-------+---------+----------|
| SpendSaveHandler | trackModuleModification               | 4444  | 0       | 0        |
|------------------+---------------------------------------+-------+---------+----------|
| SpendSaveHandler | transferToken                         | 4646  | 0       | 0        |
|------------------+---------------------------------------+-------+---------+----------|
| SpendSaveHandler | updateDailyExecution                  | 4583  | 6       | 0        |
|------------------+---------------------------------------+-------+---------+----------|
| SpendSaveHandler | withdraw                              | 4560  | 3       | 0        |
|------------------+---------------------------------------+-------+---------+----------|
| SpendSaveHandler | withdrawDailySavings                  | 4603  | 7       | 0        |
╰------------------+---------------------------------------+-------+---------+----------╯

[PASS] invariant_module_authorization_bidirectional() (runs: 256, calls: 128000, reverts: 8575)

╭------------------+---------------------------------------+-------+---------+----------╮
| Contract         | Selector                              | Calls | Reverts | Discards |
+=======================================================================================+
| SpendSaveHandler | advanceTime                           | 4562  | 0       | 0        |
|------------------+---------------------------------------+-------+---------+----------|
| SpendSaveHandler | attemptUnauthorizedFeeChange          | 4533  | 0       | 0        |
|------------------+---------------------------------------+-------+---------+----------|
| SpendSaveHandler | attemptUnauthorizedModuleRegistration | 4552  | 0       | 0        |
|------------------+---------------------------------------+-------+---------+----------|
| SpendSaveHandler | attemptUnauthorizedTreasuryChange     | 4521  | 0       | 0        |
|------------------+---------------------------------------+-------+---------+----------|
| SpendSaveHandler | burnTokens                            | 4615  | 3       | 0        |
|------------------+---------------------------------------+-------+---------+----------|
| SpendSaveHandler | configureDailySavings                 | 4673  | 3       | 0        |
|------------------+---------------------------------------+-------+---------+----------|
| SpendSaveHandler | configureStrategy                     | 4528  | 2       | 0        |
|------------------+---------------------------------------+-------+---------+----------|
| SpendSaveHandler | configureStrategyWithTracking         | 4552  | 3       | 0        |
|------------------+---------------------------------------+-------+---------+----------|
| SpendSaveHandler | disableDailySavings                   | 4603  | 4       | 0        |
|------------------+---------------------------------------+-------+---------+----------|
| SpendSaveHandler | enqueueDca                            | 4582  | 6       | 0        |
|------------------+---------------------------------------+-------+---------+----------|
| SpendSaveHandler | executeBatchDailySavings              | 4697  | 5       | 0        |
|------------------+---------------------------------------+-------+---------+----------|
| SpendSaveHandler | executeDailySavingsForToken           | 4516  | 5       | 0        |
|------------------+---------------------------------------+-------+---------+----------|
| SpendSaveHandler | executeDca                            | 4552  | 8       | 0        |
|------------------+---------------------------------------+-------+---------+----------|
| SpendSaveHandler | markDcaExecuted                       | 4546  | 4       | 0        |
|------------------+---------------------------------------+-------+---------+----------|
| SpendSaveHandler | processSavings                        | 4549  | 4236    | 0        |
|------------------+---------------------------------------+-------+---------+----------|
| SpendSaveHandler | processSavingsWithMint                | 4604  | 4253    | 0        |
|------------------+---------------------------------------+-------+---------+----------|
| SpendSaveHandler | registerToken                         | 4680  | 0       | 0        |
|------------------+---------------------------------------+-------+---------+----------|
| SpendSaveHandler | seedUser                              | 4550  | 0       | 0        |
|------------------+---------------------------------------+-------+---------+----------|
| SpendSaveHandler | setDefaultSlippage                    | 4509  | 0       | 0        |
|------------------+---------------------------------------+-------+---------+----------|
| SpendSaveHandler | setTokenSlippage                      | 4604  | 7       | 0        |
|------------------+---------------------------------------+-------+---------+----------|
| SpendSaveHandler | setTransientContextWithTracking       | 4497  | 7       | 0        |
|------------------+---------------------------------------+-------+---------+----------|
| SpendSaveHandler | setUserSlippage                       | 4621  | 7       | 0        |
|------------------+---------------------------------------+-------+---------+----------|
| SpendSaveHandler | setWithdrawalTimelock                 | 4518  | 6       | 0        |
|------------------+---------------------------------------+-------+---------+----------|
| SpendSaveHandler | trackModuleModification               | 4444  | 0       | 0        |
|------------------+---------------------------------------+-------+---------+----------|
| SpendSaveHandler | transferToken                         | 4646  | 0       | 0        |
|------------------+---------------------------------------+-------+---------+----------|
| SpendSaveHandler | updateDailyExecution                  | 4583  | 6       | 0        |
|------------------+---------------------------------------+-------+---------+----------|
| SpendSaveHandler | withdraw                              | 4560  | 3       | 0        |
|------------------+---------------------------------------+-------+---------+----------|
| SpendSaveHandler | withdrawDailySavings                  | 4603  | 7       | 0        |
╰------------------+---------------------------------------+-------+---------+----------╯

[PASS] invariant_module_initialization_once() (runs: 256, calls: 128000, reverts: 8575)

╭------------------+---------------------------------------+-------+---------+----------╮
| Contract         | Selector                              | Calls | Reverts | Discards |
+=======================================================================================+
| SpendSaveHandler | advanceTime                           | 4562  | 0       | 0        |
|------------------+---------------------------------------+-------+---------+----------|
| SpendSaveHandler | attemptUnauthorizedFeeChange          | 4533  | 0       | 0        |
|------------------+---------------------------------------+-------+---------+----------|
| SpendSaveHandler | attemptUnauthorizedModuleRegistration | 4552  | 0       | 0        |
|------------------+---------------------------------------+-------+---------+----------|
| SpendSaveHandler | attemptUnauthorizedTreasuryChange     | 4521  | 0       | 0        |
|------------------+---------------------------------------+-------+---------+----------|
| SpendSaveHandler | burnTokens                            | 4615  | 3       | 0        |
|------------------+---------------------------------------+-------+---------+----------|
| SpendSaveHandler | configureDailySavings                 | 4673  | 3       | 0        |
|------------------+---------------------------------------+-------+---------+----------|
| SpendSaveHandler | configureStrategy                     | 4528  | 2       | 0        |
|------------------+---------------------------------------+-------+---------+----------|
| SpendSaveHandler | configureStrategyWithTracking         | 4552  | 3       | 0        |
|------------------+---------------------------------------+-------+---------+----------|
| SpendSaveHandler | disableDailySavings                   | 4603  | 4       | 0        |
|------------------+---------------------------------------+-------+---------+----------|
| SpendSaveHandler | enqueueDca                            | 4582  | 6       | 0        |
|------------------+---------------------------------------+-------+---------+----------|
| SpendSaveHandler | executeBatchDailySavings              | 4697  | 5       | 0        |
|------------------+---------------------------------------+-------+---------+----------|
| SpendSaveHandler | executeDailySavingsForToken           | 4516  | 5       | 0        |
|------------------+---------------------------------------+-------+---------+----------|
| SpendSaveHandler | executeDca                            | 4552  | 8       | 0        |
|------------------+---------------------------------------+-------+---------+----------|
| SpendSaveHandler | markDcaExecuted                       | 4546  | 4       | 0        |
|------------------+---------------------------------------+-------+---------+----------|
| SpendSaveHandler | processSavings                        | 4549  | 4236    | 0        |
|------------------+---------------------------------------+-------+---------+----------|
| SpendSaveHandler | processSavingsWithMint                | 4604  | 4253    | 0        |
|------------------+---------------------------------------+-------+---------+----------|
| SpendSaveHandler | registerToken                         | 4680  | 0       | 0        |
|------------------+---------------------------------------+-------+---------+----------|
| SpendSaveHandler | seedUser                              | 4550  | 0       | 0        |
|------------------+---------------------------------------+-------+---------+----------|
| SpendSaveHandler | setDefaultSlippage                    | 4509  | 0       | 0        |
|------------------+---------------------------------------+-------+---------+----------|
| SpendSaveHandler | setTokenSlippage                      | 4604  | 7       | 0        |
|------------------+---------------------------------------+-------+---------+----------|
| SpendSaveHandler | setTransientContextWithTracking       | 4497  | 7       | 0        |
|------------------+---------------------------------------+-------+---------+----------|
| SpendSaveHandler | setUserSlippage                       | 4621  | 7       | 0        |
|------------------+---------------------------------------+-------+---------+----------|
| SpendSaveHandler | setWithdrawalTimelock                 | 4518  | 6       | 0        |
|------------------+---------------------------------------+-------+---------+----------|
| SpendSaveHandler | trackModuleModification               | 4444  | 0       | 0        |
|------------------+---------------------------------------+-------+---------+----------|
| SpendSaveHandler | transferToken                         | 4646  | 0       | 0        |
|------------------+---------------------------------------+-------+---------+----------|
| SpendSaveHandler | updateDailyExecution                  | 4583  | 6       | 0        |
|------------------+---------------------------------------+-------+---------+----------|
| SpendSaveHandler | withdraw                              | 4560  | 3       | 0        |
|------------------+---------------------------------------+-------+---------+----------|
| SpendSaveHandler | withdrawDailySavings                  | 4603  | 7       | 0        |
╰------------------+---------------------------------------+-------+---------+----------╯

[PASS] invariant_module_references_non_zero_after_init() (runs: 256, calls: 128000, reverts: 8575)

╭------------------+---------------------------------------+-------+---------+----------╮
| Contract         | Selector                              | Calls | Reverts | Discards |
+=======================================================================================+
| SpendSaveHandler | advanceTime                           | 4562  | 0       | 0        |
|------------------+---------------------------------------+-------+---------+----------|
| SpendSaveHandler | attemptUnauthorizedFeeChange          | 4533  | 0       | 0        |
|------------------+---------------------------------------+-------+---------+----------|
| SpendSaveHandler | attemptUnauthorizedModuleRegistration | 4552  | 0       | 0        |
|------------------+---------------------------------------+-------+---------+----------|
| SpendSaveHandler | attemptUnauthorizedTreasuryChange     | 4521  | 0       | 0        |
|------------------+---------------------------------------+-------+---------+----------|
| SpendSaveHandler | burnTokens                            | 4615  | 3       | 0        |
|------------------+---------------------------------------+-------+---------+----------|
| SpendSaveHandler | configureDailySavings                 | 4673  | 3       | 0        |
|------------------+---------------------------------------+-------+---------+----------|
| SpendSaveHandler | configureStrategy                     | 4528  | 2       | 0        |
|------------------+---------------------------------------+-------+---------+----------|
| SpendSaveHandler | configureStrategyWithTracking         | 4552  | 3       | 0        |
|------------------+---------------------------------------+-------+---------+----------|
| SpendSaveHandler | disableDailySavings                   | 4603  | 4       | 0        |
|------------------+---------------------------------------+-------+---------+----------|
| SpendSaveHandler | enqueueDca                            | 4582  | 6       | 0        |
|------------------+---------------------------------------+-------+---------+----------|
| SpendSaveHandler | executeBatchDailySavings              | 4697  | 5       | 0        |
|------------------+---------------------------------------+-------+---------+----------|
| SpendSaveHandler | executeDailySavingsForToken           | 4516  | 5       | 0        |
|------------------+---------------------------------------+-------+---------+----------|
| SpendSaveHandler | executeDca                            | 4552  | 8       | 0        |
|------------------+---------------------------------------+-------+---------+----------|
| SpendSaveHandler | markDcaExecuted                       | 4546  | 4       | 0        |
|------------------+---------------------------------------+-------+---------+----------|
| SpendSaveHandler | processSavings                        | 4549  | 4236    | 0        |
|------------------+---------------------------------------+-------+---------+----------|
| SpendSaveHandler | processSavingsWithMint                | 4604  | 4253    | 0        |
|------------------+---------------------------------------+-------+---------+----------|
| SpendSaveHandler | registerToken                         | 4680  | 0       | 0        |
|------------------+---------------------------------------+-------+---------+----------|
| SpendSaveHandler | seedUser                              | 4550  | 0       | 0        |
|------------------+---------------------------------------+-------+---------+----------|
| SpendSaveHandler | setDefaultSlippage                    | 4509  | 0       | 0        |
|------------------+---------------------------------------+-------+---------+----------|
| SpendSaveHandler | setTokenSlippage                      | 4604  | 7       | 0        |
|------------------+---------------------------------------+-------+---------+----------|
| SpendSaveHandler | setTransientContextWithTracking       | 4497  | 7       | 0        |
|------------------+---------------------------------------+-------+---------+----------|
| SpendSaveHandler | setUserSlippage                       | 4621  | 7       | 0        |
|------------------+---------------------------------------+-------+---------+----------|
| SpendSaveHandler | setWithdrawalTimelock                 | 4518  | 6       | 0        |
|------------------+---------------------------------------+-------+---------+----------|
| SpendSaveHandler | trackModuleModification               | 4444  | 0       | 0        |
|------------------+---------------------------------------+-------+---------+----------|
| SpendSaveHandler | transferToken                         | 4646  | 0       | 0        |
|------------------+---------------------------------------+-------+---------+----------|
| SpendSaveHandler | updateDailyExecution                  | 4583  | 6       | 0        |
|------------------+---------------------------------------+-------+---------+----------|
| SpendSaveHandler | withdraw                              | 4560  | 3       | 0        |
|------------------+---------------------------------------+-------+---------+----------|
| SpendSaveHandler | withdrawDailySavings                  | 4603  | 7       | 0        |
╰------------------+---------------------------------------+-------+---------+----------╯

Suite result: ok. 4 passed; 0 failed; 0 skipped; finished in 1500.01s (2349.07s CPU time)

Ran 14 tests for test/ModuleRegistryUpgradeTest.t.sol:ModuleRegistryUpgradeTest
[PASS] testModuleRegistry_BackwardCompatibility() (gas: 39666)
[PASS] testModuleRegistry_CompleteWorkflow() (gas: 5689101)
[PASS] testModuleRegistry_ComprehensiveReport() (gas: 303510385)
[PASS] testModuleRegistry_CrossModuleDataFlow() (gas: 28199)
[PASS] testModuleRegistry_ForwardCompatibility() (gas: 5666730)
[PASS] testModuleRegistry_ModuleAuthorization() (gas: 52106)
[PASS] testModuleRegistry_ModuleInterdependency() (gas: 58564)
[PASS] testModuleRegistry_ModuleOnlyFunctions() (gas: 51589)
[PASS] testModuleRegistry_ModuleQueryFunctions() (gas: 31115)
[PASS] testModuleRegistry_ModuleRegistration() (gas: 46575)
[PASS] testModuleRegistry_ModuleUpgradePattern() (gas: 5828345)
[PASS] testModuleRegistry_StressTest() (gas: 280593155)
[PASS] testModuleRegistry_UnauthorizedModuleAccess() (gas: 23847)
[PASS] testModuleRegistry_UpgradeCompatibility() (gas: 5660667)
Suite result: ok. 14 passed; 0 failed; 0 skipped; finished in 2.13s (267.80ms CPU time)

Ran 8 tests for test/PackedStorageIntegrityTest.t.sol:PackedStorageIntegrityTest
[PASS] testPackedStorage_BitFieldBoundaries() (gas: 186110)
[PASS] testPackedStorage_ComprehensiveStorageReport() (gas: 1208932)
[PASS] testPackedStorage_ConcurrentAccessSafety() (gas: 204617)
[PASS] testPackedStorage_DataIntegrityUnderLoad() (gas: 636354)
[PASS] testPackedStorage_MemoryVsStorageConsistency() (gas: 101318)
[PASS] testPackedStorage_PackedSwapContextIntegrity() (gas: 102755)
[PASS] testPackedStorage_PackedUserConfigIntegrity() (gas: 36103)
[PASS] testPackedStorage_SingleSlotOperations() (gas: 57446)
Suite result: ok. 8 passed; 0 failed; 0 skipped; finished in 1.91s (133.52ms CPU time)
Warning: Failure from "/Users/mac/mySpendSaveHook/cache/invariant/failures/DailySavingsInvariants/invariant_withdrawal_value_conservation" file was ignored because test contract bytecode has changed.

Ran 5 tests for test/invariant/PercentageFuzz.t.sol:PercentageFuzz
[PASS] testFuzz_autoIncrementProgression(uint16,uint16,uint16) (runs: 256, μ: 9078, ~: 9009)
[PASS] testFuzz_dynamicPercentageAdjustment(uint16,uint16,uint16,uint256) (runs: 256, μ: 22276, ~: 14551)
[PASS] testFuzz_maxPercentageEnforced(uint16,uint16) (runs: 256, μ: 6689, ~: 6341)
[PASS] testFuzz_percentageInRange(uint16) (runs: 256, μ: 4630, ~: 4424)
[PASS] testFuzz_specificTokenPercentage(uint16,uint16) (runs: 256, μ: 6592, ~: 6244)
Suite result: ok. 5 passed; 0 failed; 0 skipped; finished in 566.95ms (943.35ms CPU time)

Ran 8 tests for test/invariant/SavingsFuzz.t.sol:SavingsFuzz
[PASS] testFuzz_autoIncrementBounds(uint16,uint16,uint16) (runs: 256, μ: 9012, ~: 8944)
[PASS] testFuzz_batchSavingsConservation(uint256[],uint16) (runs: 256, μ: 26579, ~: 25753)
[PASS] testFuzz_feeCalculation(uint256,uint16) (runs: 256, μ: 7210, ~: 6563)
[PASS] testFuzz_roundUpSavings(uint256,uint16) (runs: 256, μ: 7758, ~: 7044)
[PASS] testFuzz_savingsCalculation(uint256,uint16) (runs: 256, μ: 7200, ~: 6542)
[PASS] testFuzz_savingsGoalProgress(uint256,uint256,uint256) (runs: 256, μ: 9511, ~: 8978)
[PASS] testFuzz_savingsWithFee(uint256,uint16,uint16) (runs: 256, μ: 9418, ~: 8620)
[PASS] testFuzz_withdrawalTimelock(uint256,uint256) (runs: 256, μ: 7894, ~: 7533)
Suite result: ok. 8 passed; 0 failed; 0 skipped; finished in 9.03s (17.69s CPU time)

Ran 2 tests for test/invariant/TimeFuzz.t.sol:TimeFuzz
[PASS] testFuzz_dailySavingsTiming(uint256,uint256,uint256) (runs: 256, μ: 10913, ~: 11756)
[PASS] testFuzz_timelockCalculations(uint256,uint256,uint256) (runs: 256, μ: 8191, ~: 7939)
Suite result: ok. 2 passed; 0 failed; 0 skipped; finished in 232.90ms (338.85ms CPU time)

Ran 21 tests for test/SpendSaveDCARouterTest.t.sol:SpendSaveDCARouterTest
[FAIL: At least some orders should succeed: 0 <= 0] testDCARouter_BatchExecuteDCA() (gas: 91508)
[PASS] testDCARouter_BatchExecuteDCAEmpty() (gas: 23141)
[PASS] testDCARouter_BatchExecuteDCAExpired() (gas: 31749)
[FAIL: Path should be cleared] testDCARouter_ClearCachedPath() (gas: 189730)
[PASS] testDCARouter_ClearCachedPathUnauthorized() (gas: 30276)
[FAIL: InputLengthMismatch()] testDCARouter_ComprehensiveReport() (gas: 149411)
[PASS] testDCARouter_DiscoverOptimalPath() (gas: 156838)
[PASS] testDCARouter_DiscoverOptimalPathDirect() (gas: 109037)
[FAIL: InputLengthMismatch()] testDCARouter_ExecuteDCAWithRoutingDirect() (gas: 148523)
[FAIL: Error != expected error: InputLengthMismatch() != Insufficient output amount] testDCARouter_ExecuteDCAWithRoutingInsufficientOutput() (gas: 133701)
[PASS] testDCARouter_ExecuteDCAWithRoutingInvalidTokens() (gas: 51181)
[PASS] testDCARouter_ExecuteDCAWithRoutingInvalidUser() (gas: 28165)
[FAIL: InputLengthMismatch()] testDCARouter_ExecuteDCAWithRoutingMultiHop() (gas: 186904)
[FAIL: InputLengthMismatch()] testDCARouter_FullWorkflow() (gas: 239684)
[PASS] testDCARouter_GasOptimizationBatchVsIndividual() (gas: 428940)
[PASS] testDCARouter_GetCachedOptimalPath() (gas: 169114)
[PASS] testDCARouter_GetCachedOptimalPathExpired() (gas: 173341)
[PASS] testDCARouter_GetCommonIntermediaries() (gas: 5292)
[FAIL: Should provide path: 0 <= 0] testDCARouter_PreviewDCAExecution() (gas: 26272)
[FAIL: Should provide multi-hop path: 0 <= 1] testDCARouter_PreviewDCAExecutionMultiHop() (gas: 26282)
[PASS] testDCARouter_ValidateTokenLiquidity() (gas: 9926)
Suite result: FAILED. 12 passed; 9 failed; 0 skipped; finished in 1.92s (152.44ms CPU time)
Warning: Replayed invariant failure from "/Users/mac/mySpendSaveHook/cache/invariant/failures/DailySavingsInvariants/invariant_daily_execution_monotonic" file. 
Run `forge clean` or remove file to ignore failure and to continue invariant test campaign.
Warning: Replayed invariant failure from "/Users/mac/mySpendSaveHook/cache/invariant/failures/DailySavingsInvariants/invariant_daily_execution_value_conservation" file. 
Run `forge clean` or remove file to ignore failure and to continue invariant test campaign.
Warning: Replayed invariant failure from "/Users/mac/mySpendSaveHook/cache/invariant/failures/DailySavingsInvariants/invariant_daily_goals_achievable" file. 
Run `forge clean` or remove file to ignore failure and to continue invariant test campaign.
Warning: Replayed invariant failure from "/Users/mac/mySpendSaveHook/cache/invariant/failures/SolvencyInvariants/invariant_total_value_conservation" file. 
Run `forge clean` or remove file to ignore failure and to continue invariant test campaign.
Warning: Replayed invariant failure from "/Users/mac/mySpendSaveHook/cache/invariant/failures/SolvencyInvariants/invariant_treasury_fee_accumulation_correct" file. 
Run `forge clean` or remove file to ignore failure and to continue invariant test campaign.

Ran 12 tests for test/SpendSaveAnalyticsTest.t.sol:SpendSaveAnalyticsTest
[FAIL: TokenA savings should match: 199800000000000000000 != 100000000000000000000] testAnalytics_CompleteWorkflow() (gas: 322444)
[FAIL: Alice tokenA savings should match: 99900000000000000000 != 100000000000000000000] testAnalytics_ComprehensiveReport() (gas: 83249)
[FAIL: Should track DCA amounts: 0 <= 0] testAnalytics_DCATracking() (gas: 152706)
[FAIL: Should track total DCA amounts: 0 <= 0] testAnalytics_DCATrackingMultipleTokens() (gas: 200144)
[FAIL: Should get liquidity: 0 <= 0] testAnalytics_GetPoolAnalytics() (gas: 49814)
[PASS] testAnalytics_GetPoolAnalyticsMultiplePools() (gas: 117088)
[FAIL: Alice tokenA savings should match: 99900000000000000000 != 100000000000000000000] testAnalytics_GetUserPortfolio() (gas: 82427)
[FAIL: Alice should have portfolio value: 0 <= 0] testAnalytics_GetUserPortfolioMultipleUsers() (gas: 174872)
[PASS] testAnalytics_GetUserPortfolioNoSavings() (gas: 24140)
[PASS] testAnalytics_Performance() (gas: 244787)
[FAIL: Should calculate real-time portfolio value: 0 <= 0] testAnalytics_RealTimeValuation() (gas: 81962)
[FAIL: Portfolio value should increase after savings addition: 0 <= 0] testAnalytics_ValuationAfterChanges() (gas: 149827)
Suite result: FAILED. 3 passed; 9 failed; 0 skipped; finished in 1.99s (134.00ms CPU time)

Ran 4 tests for test/invariant/DCAInvariants.t.sol:DCAInvariants
[PASS] invariant_dca_executed_items_marked() (runs: 256, calls: 128000, reverts: 8575)

╭------------------+---------------------------------------+-------+---------+----------╮
| Contract         | Selector                              | Calls | Reverts | Discards |
+=======================================================================================+
| SpendSaveHandler | advanceTime                           | 4562  | 0       | 0        |
|------------------+---------------------------------------+-------+---------+----------|
| SpendSaveHandler | attemptUnauthorizedFeeChange          | 4533  | 0       | 0        |
|------------------+---------------------------------------+-------+---------+----------|
| SpendSaveHandler | attemptUnauthorizedModuleRegistration | 4552  | 0       | 0        |
|------------------+---------------------------------------+-------+---------+----------|
| SpendSaveHandler | attemptUnauthorizedTreasuryChange     | 4521  | 0       | 0        |
|------------------+---------------------------------------+-------+---------+----------|
| SpendSaveHandler | burnTokens                            | 4615  | 3       | 0        |
|------------------+---------------------------------------+-------+---------+----------|
| SpendSaveHandler | configureDailySavings                 | 4673  | 3       | 0        |
|------------------+---------------------------------------+-------+---------+----------|
| SpendSaveHandler | configureStrategy                     | 4528  | 2       | 0        |
|------------------+---------------------------------------+-------+---------+----------|
| SpendSaveHandler | configureStrategyWithTracking         | 4552  | 3       | 0        |
|------------------+---------------------------------------+-------+---------+----------|
| SpendSaveHandler | disableDailySavings                   | 4603  | 4       | 0        |
|------------------+---------------------------------------+-------+---------+----------|
| SpendSaveHandler | enqueueDca                            | 4582  | 6       | 0        |
|------------------+---------------------------------------+-------+---------+----------|
| SpendSaveHandler | executeBatchDailySavings              | 4697  | 5       | 0        |
|------------------+---------------------------------------+-------+---------+----------|
| SpendSaveHandler | executeDailySavingsForToken           | 4516  | 5       | 0        |
|------------------+---------------------------------------+-------+---------+----------|
| SpendSaveHandler | executeDca                            | 4552  | 8       | 0        |
|------------------+---------------------------------------+-------+---------+----------|
| SpendSaveHandler | markDcaExecuted                       | 4546  | 4       | 0        |
|------------------+---------------------------------------+-------+---------+----------|
| SpendSaveHandler | processSavings                        | 4549  | 4236    | 0        |
|------------------+---------------------------------------+-------+---------+----------|
| SpendSaveHandler | processSavingsWithMint                | 4604  | 4253    | 0        |
|------------------+---------------------------------------+-------+---------+----------|
| SpendSaveHandler | registerToken                         | 4680  | 0       | 0        |
|------------------+---------------------------------------+-------+---------+----------|
| SpendSaveHandler | seedUser                              | 4550  | 0       | 0        |
|------------------+---------------------------------------+-------+---------+----------|
| SpendSaveHandler | setDefaultSlippage                    | 4509  | 0       | 0        |
|------------------+---------------------------------------+-------+---------+----------|
| SpendSaveHandler | setTokenSlippage                      | 4604  | 7       | 0        |
|------------------+---------------------------------------+-------+---------+----------|
| SpendSaveHandler | setTransientContextWithTracking       | 4497  | 7       | 0        |
|------------------+---------------------------------------+-------+---------+----------|
| SpendSaveHandler | setUserSlippage                       | 4621  | 7       | 0        |
|------------------+---------------------------------------+-------+---------+----------|
| SpendSaveHandler | setWithdrawalTimelock                 | 4518  | 6       | 0        |
|------------------+---------------------------------------+-------+---------+----------|
| SpendSaveHandler | trackModuleModification               | 4444  | 0       | 0        |
|------------------+---------------------------------------+-------+---------+----------|
| SpendSaveHandler | transferToken                         | 4646  | 0       | 0        |
|------------------+---------------------------------------+-------+---------+----------|
| SpendSaveHandler | updateDailyExecution                  | 4583  | 6       | 0        |
|------------------+---------------------------------------+-------+---------+----------|
| SpendSaveHandler | withdraw                              | 4560  | 3       | 0        |
|------------------+---------------------------------------+-------+---------+----------|
| SpendSaveHandler | withdrawDailySavings                  | 4603  | 7       | 0        |
╰------------------+---------------------------------------+-------+---------+----------╯

[PASS] invariant_dca_queue_bounded() (runs: 256, calls: 128000, reverts: 8575)

╭------------------+---------------------------------------+-------+---------+----------╮
| Contract         | Selector                              | Calls | Reverts | Discards |
+=======================================================================================+
| SpendSaveHandler | advanceTime                           | 4562  | 0       | 0        |
|------------------+---------------------------------------+-------+---------+----------|
| SpendSaveHandler | attemptUnauthorizedFeeChange          | 4533  | 0       | 0        |
|------------------+---------------------------------------+-------+---------+----------|
| SpendSaveHandler | attemptUnauthorizedModuleRegistration | 4552  | 0       | 0        |
|------------------+---------------------------------------+-------+---------+----------|
| SpendSaveHandler | attemptUnauthorizedTreasuryChange     | 4521  | 0       | 0        |
|------------------+---------------------------------------+-------+---------+----------|
| SpendSaveHandler | burnTokens                            | 4615  | 3       | 0        |
|------------------+---------------------------------------+-------+---------+----------|
| SpendSaveHandler | configureDailySavings                 | 4673  | 3       | 0        |
|------------------+---------------------------------------+-------+---------+----------|
| SpendSaveHandler | configureStrategy                     | 4528  | 2       | 0        |
|------------------+---------------------------------------+-------+---------+----------|
| SpendSaveHandler | configureStrategyWithTracking         | 4552  | 3       | 0        |
|------------------+---------------------------------------+-------+---------+----------|
| SpendSaveHandler | disableDailySavings                   | 4603  | 4       | 0        |
|------------------+---------------------------------------+-------+---------+----------|
| SpendSaveHandler | enqueueDca                            | 4582  | 6       | 0        |
|------------------+---------------------------------------+-------+---------+----------|
| SpendSaveHandler | executeBatchDailySavings              | 4697  | 5       | 0        |
|------------------+---------------------------------------+-------+---------+----------|
| SpendSaveHandler | executeDailySavingsForToken           | 4516  | 5       | 0        |
|------------------+---------------------------------------+-------+---------+----------|
| SpendSaveHandler | executeDca                            | 4552  | 8       | 0        |
|------------------+---------------------------------------+-------+---------+----------|
| SpendSaveHandler | markDcaExecuted                       | 4546  | 4       | 0        |
|------------------+---------------------------------------+-------+---------+----------|
| SpendSaveHandler | processSavings                        | 4549  | 4236    | 0        |
|------------------+---------------------------------------+-------+---------+----------|
| SpendSaveHandler | processSavingsWithMint                | 4604  | 4253    | 0        |
|------------------+---------------------------------------+-------+---------+----------|
| SpendSaveHandler | registerToken                         | 4680  | 0       | 0        |
|------------------+---------------------------------------+-------+---------+----------|
| SpendSaveHandler | seedUser                              | 4550  | 0       | 0        |
|------------------+---------------------------------------+-------+---------+----------|
| SpendSaveHandler | setDefaultSlippage                    | 4509  | 0       | 0        |
|------------------+---------------------------------------+-------+---------+----------|
| SpendSaveHandler | setTokenSlippage                      | 4604  | 7       | 0        |
|------------------+---------------------------------------+-------+---------+----------|
| SpendSaveHandler | setTransientContextWithTracking       | 4497  | 7       | 0        |
|------------------+---------------------------------------+-------+---------+----------|
| SpendSaveHandler | setUserSlippage                       | 4621  | 7       | 0        |
|------------------+---------------------------------------+-------+---------+----------|
| SpendSaveHandler | setWithdrawalTimelock                 | 4518  | 6       | 0        |
|------------------+---------------------------------------+-------+---------+----------|
| SpendSaveHandler | trackModuleModification               | 4444  | 0       | 0        |
|------------------+---------------------------------------+-------+---------+----------|
| SpendSaveHandler | transferToken                         | 4646  | 0       | 0        |
|------------------+---------------------------------------+-------+---------+----------|
| SpendSaveHandler | updateDailyExecution                  | 4583  | 6       | 0        |
|------------------+---------------------------------------+-------+---------+----------|
| SpendSaveHandler | withdraw                              | 4560  | 3       | 0        |
|------------------+---------------------------------------+-------+---------+----------|
| SpendSaveHandler | withdrawDailySavings                  | 4603  | 7       | 0        |
╰------------------+---------------------------------------+-------+---------+----------╯

[FAIL: DCA queue item 1 has expired deadline: 2462844 < 2468292]
	[Sequence] (original: 109, shrunk: 3)
		sender=0x4200000000000000000000000000000000000023 addr=[test/invariant/BaseInvariantTest.sol:SpendSaveHandler]0x3D7Ebc40AF7092E3F1C81F2e996cbA5Cae2090d7 calldata=seedUser(uint256) args=[1005835515576359460005134140798766305212256906220900130642 [1.005e57]]
		sender=0x00000000000000000000000000000000E5d6Bf01 addr=[test/invariant/BaseInvariantTest.sol:SpendSaveHandler]0x3D7Ebc40AF7092E3F1C81F2e996cbA5Cae2090d7 calldata=enqueueDca(uint256,uint256,uint256,uint256,uint256) args=[7500, 1000000000000000000 [1e18], 60000000000000000 [6e16], 27535 [2.753e4], 96]
		sender=0xd9aAEc86B65D86f6A7B5B1b0c42FFA531710b6CA addr=[test/invariant/BaseInvariantTest.sol:SpendSaveHandler]0x3D7Ebc40AF7092E3F1C81F2e996cbA5Cae2090d7 calldata=advanceTime(uint256) args=[5544]
 invariant_dca_queue_valid_deadlines() (runs: 0, calls: 0, reverts: 2)

╭------------------+---------------------------------------+-------+---------+----------╮
| Contract         | Selector                              | Calls | Reverts | Discards |
+=======================================================================================+
| SpendSaveHandler | advanceTime                           | 5     | 0       | 0        |
|------------------+---------------------------------------+-------+---------+----------|
| SpendSaveHandler | attemptUnauthorizedFeeChange          | 4     | 0       | 0        |
|------------------+---------------------------------------+-------+---------+----------|
| SpendSaveHandler | attemptUnauthorizedModuleRegistration | 3     | 0       | 0        |
|------------------+---------------------------------------+-------+---------+----------|
| SpendSaveHandler | attemptUnauthorizedTreasuryChange     | 9     | 0       | 0        |
|------------------+---------------------------------------+-------+---------+----------|
| SpendSaveHandler | burnTokens                            | 4     | 0       | 0        |
|------------------+---------------------------------------+-------+---------+----------|
| SpendSaveHandler | configureDailySavings                 | 6     | 0       | 0        |
|------------------+---------------------------------------+-------+---------+----------|
| SpendSaveHandler | configureStrategy                     | 3     | 0       | 0        |
|------------------+---------------------------------------+-------+---------+----------|
| SpendSaveHandler | configureStrategyWithTracking         | 4     | 0       | 0        |
|------------------+---------------------------------------+-------+---------+----------|
| SpendSaveHandler | disableDailySavings                   | 5     | 0       | 0        |
|------------------+---------------------------------------+-------+---------+----------|
| SpendSaveHandler | enqueueDca                            | 6     | 0       | 0        |
|------------------+---------------------------------------+-------+---------+----------|
| SpendSaveHandler | executeBatchDailySavings              | 5     | 0       | 0        |
|------------------+---------------------------------------+-------+---------+----------|
| SpendSaveHandler | executeDailySavingsForToken           | 5     | 0       | 0        |
|------------------+---------------------------------------+-------+---------+----------|
| SpendSaveHandler | executeDca                            | 3     | 0       | 0        |
|------------------+---------------------------------------+-------+---------+----------|
| SpendSaveHandler | markDcaExecuted                       | 4     | 0       | 0        |
|------------------+---------------------------------------+-------+---------+----------|
| SpendSaveHandler | processSavings                        | 4     | 2       | 0        |
|------------------+---------------------------------------+-------+---------+----------|
| SpendSaveHandler | processSavingsWithMint                | 2     | 0       | 0        |
|------------------+---------------------------------------+-------+---------+----------|
| SpendSaveHandler | registerToken                         | 3     | 0       | 0        |
|------------------+---------------------------------------+-------+---------+----------|
| SpendSaveHandler | seedUser                              | 1     | 0       | 0        |
|------------------+---------------------------------------+-------+---------+----------|
| SpendSaveHandler | setDefaultSlippage                    | 1     | 0       | 0        |
|------------------+---------------------------------------+-------+---------+----------|
| SpendSaveHandler | setTokenSlippage                      | 7     | 0       | 0        |
|------------------+---------------------------------------+-------+---------+----------|
| SpendSaveHandler | setTransientContextWithTracking       | 3     | 0       | 0        |
|------------------+---------------------------------------+-------+---------+----------|
| SpendSaveHandler | setUserSlippage                       | 3     | 0       | 0        |
|------------------+---------------------------------------+-------+---------+----------|
| SpendSaveHandler | setWithdrawalTimelock                 | 6     | 0       | 0        |
|------------------+---------------------------------------+-------+---------+----------|
| SpendSaveHandler | trackModuleModification               | 4     | 0       | 0        |
|------------------+---------------------------------------+-------+---------+----------|
| SpendSaveHandler | transferToken                         | 2     | 0       | 0        |
|------------------+---------------------------------------+-------+---------+----------|
| SpendSaveHandler | updateDailyExecution                  | 4     | 0       | 0        |
|------------------+---------------------------------------+-------+---------+----------|
| SpendSaveHandler | withdraw                              | 3     | 0       | 0        |
|------------------+---------------------------------------+-------+---------+----------|
| SpendSaveHandler | withdrawDailySavings                  | 2     | 0       | 0        |
╰------------------+---------------------------------------+-------+---------+----------╯

[PASS] invariant_dca_target_ticks_valid() (runs: 256, calls: 128000, reverts: 8575)

╭------------------+---------------------------------------+-------+---------+----------╮
| Contract         | Selector                              | Calls | Reverts | Discards |
+=======================================================================================+
| SpendSaveHandler | advanceTime                           | 4562  | 0       | 0        |
|------------------+---------------------------------------+-------+---------+----------|
| SpendSaveHandler | attemptUnauthorizedFeeChange          | 4533  | 0       | 0        |
|------------------+---------------------------------------+-------+---------+----------|
| SpendSaveHandler | attemptUnauthorizedModuleRegistration | 4552  | 0       | 0        |
|------------------+---------------------------------------+-------+---------+----------|
| SpendSaveHandler | attemptUnauthorizedTreasuryChange     | 4521  | 0       | 0        |
|------------------+---------------------------------------+-------+---------+----------|
| SpendSaveHandler | burnTokens                            | 4615  | 3       | 0        |
|------------------+---------------------------------------+-------+---------+----------|
| SpendSaveHandler | configureDailySavings                 | 4673  | 3       | 0        |
|------------------+---------------------------------------+-------+---------+----------|
| SpendSaveHandler | configureStrategy                     | 4528  | 2       | 0        |
|------------------+---------------------------------------+-------+---------+----------|
| SpendSaveHandler | configureStrategyWithTracking         | 4552  | 3       | 0        |
|------------------+---------------------------------------+-------+---------+----------|
| SpendSaveHandler | disableDailySavings                   | 4603  | 4       | 0        |
|------------------+---------------------------------------+-------+---------+----------|
| SpendSaveHandler | enqueueDca                            | 4582  | 6       | 0        |
|------------------+---------------------------------------+-------+---------+----------|
| SpendSaveHandler | executeBatchDailySavings              | 4697  | 5       | 0        |
|------------------+---------------------------------------+-------+---------+----------|
| SpendSaveHandler | executeDailySavingsForToken           | 4516  | 5       | 0        |
|------------------+---------------------------------------+-------+---------+----------|
| SpendSaveHandler | executeDca                            | 4552  | 8       | 0        |
|------------------+---------------------------------------+-------+---------+----------|
| SpendSaveHandler | markDcaExecuted                       | 4546  | 4       | 0        |
|------------------+---------------------------------------+-------+---------+----------|
| SpendSaveHandler | processSavings                        | 4549  | 4236    | 0        |
|------------------+---------------------------------------+-------+---------+----------|
| SpendSaveHandler | processSavingsWithMint                | 4604  | 4253    | 0        |
|------------------+---------------------------------------+-------+---------+----------|
| SpendSaveHandler | registerToken                         | 4680  | 0       | 0        |
|------------------+---------------------------------------+-------+---------+----------|
| SpendSaveHandler | seedUser                              | 4550  | 0       | 0        |
|------------------+---------------------------------------+-------+---------+----------|
| SpendSaveHandler | setDefaultSlippage                    | 4509  | 0       | 0        |
|------------------+---------------------------------------+-------+---------+----------|
| SpendSaveHandler | setTokenSlippage                      | 4604  | 7       | 0        |
|------------------+---------------------------------------+-------+---------+----------|
| SpendSaveHandler | setTransientContextWithTracking       | 4497  | 7       | 0        |
|------------------+---------------------------------------+-------+---------+----------|
| SpendSaveHandler | setUserSlippage                       | 4621  | 7       | 0        |
|------------------+---------------------------------------+-------+---------+----------|
| SpendSaveHandler | setWithdrawalTimelock                 | 4518  | 6       | 0        |
|------------------+---------------------------------------+-------+---------+----------|
| SpendSaveHandler | trackModuleModification               | 4444  | 0       | 0        |
|------------------+---------------------------------------+-------+---------+----------|
| SpendSaveHandler | transferToken                         | 4646  | 0       | 0        |
|------------------+---------------------------------------+-------+---------+----------|
| SpendSaveHandler | updateDailyExecution                  | 4583  | 6       | 0        |
|------------------+---------------------------------------+-------+---------+----------|
| SpendSaveHandler | withdraw                              | 4560  | 3       | 0        |
|------------------+---------------------------------------+-------+---------+----------|
| SpendSaveHandler | withdrawDailySavings                  | 4603  | 7       | 0        |
╰------------------+---------------------------------------+-------+---------+----------╯

Suite result: FAILED. 3 passed; 1 failed; 0 skipped; finished in 2063.90s (3394.00s CPU time)

Ran 11 tests for test/DCALifecycleTest.t.sol:DCALifecycleTest
[PASS] testDCALifecycle_CompleteCycle() (gas: 249077)
[PASS] testDCALifecycle_ComprehensiveReport() (gas: 833940)
[PASS] testDCALifecycle_DisableDCA() (gas: 192957)
[PASS] testDCALifecycle_EnableDCABasic() (gas: 197450)
[PASS] testDCALifecycle_EnableDCAMultipleTokens() (gas: 229253)
[PASS] testDCALifecycle_EnableDCAWithStrategy() (gas: 220559)
[PASS] testDCALifecycle_ExecuteDCABasic() (gas: 213463)
[PASS] testDCALifecycle_ExecuteDCAInsufficientFunds() (gas: 186912)
[PASS] testDCALifecycle_ExecuteDCAWithSlippage() (gas: 196165)
[PASS] testDCALifecycle_QueueManagement() (gas: 189190)
[PASS] testDCALifecycle_TickBasedExecution() (gas: 191720)
Suite result: ok. 11 passed; 0 failed; 0 skipped; finished in 122.65ms (53.54ms CPU time)

Ran 4 tests for test/invariant/PackedStorageInvariants.t.sol:PackedStorageInvariants
[PASS] invariant_boolean_flags_binary() (runs: 256, calls: 128000, reverts: 8575)

╭------------------+---------------------------------------+-------+---------+----------╮
| Contract         | Selector                              | Calls | Reverts | Discards |
+=======================================================================================+
| SpendSaveHandler | advanceTime                           | 4562  | 0       | 0        |
|------------------+---------------------------------------+-------+---------+----------|
| SpendSaveHandler | attemptUnauthorizedFeeChange          | 4533  | 0       | 0        |
|------------------+---------------------------------------+-------+---------+----------|
| SpendSaveHandler | attemptUnauthorizedModuleRegistration | 4552  | 0       | 0        |
|------------------+---------------------------------------+-------+---------+----------|
| SpendSaveHandler | attemptUnauthorizedTreasuryChange     | 4521  | 0       | 0        |
|------------------+---------------------------------------+-------+---------+----------|
| SpendSaveHandler | burnTokens                            | 4615  | 3       | 0        |
|------------------+---------------------------------------+-------+---------+----------|
| SpendSaveHandler | configureDailySavings                 | 4673  | 3       | 0        |
|------------------+---------------------------------------+-------+---------+----------|
| SpendSaveHandler | configureStrategy                     | 4528  | 2       | 0        |
|------------------+---------------------------------------+-------+---------+----------|
| SpendSaveHandler | configureStrategyWithTracking         | 4552  | 3       | 0        |
|------------------+---------------------------------------+-------+---------+----------|
| SpendSaveHandler | disableDailySavings                   | 4603  | 4       | 0        |
|------------------+---------------------------------------+-------+---------+----------|
| SpendSaveHandler | enqueueDca                            | 4582  | 6       | 0        |
|------------------+---------------------------------------+-------+---------+----------|
| SpendSaveHandler | executeBatchDailySavings              | 4697  | 5       | 0        |
|------------------+---------------------------------------+-------+---------+----------|
| SpendSaveHandler | executeDailySavingsForToken           | 4516  | 5       | 0        |
|------------------+---------------------------------------+-------+---------+----------|
| SpendSaveHandler | executeDca                            | 4552  | 8       | 0        |
|------------------+---------------------------------------+-------+---------+----------|
| SpendSaveHandler | markDcaExecuted                       | 4546  | 4       | 0        |
|------------------+---------------------------------------+-------+---------+----------|
| SpendSaveHandler | processSavings                        | 4549  | 4236    | 0        |
|------------------+---------------------------------------+-------+---------+----------|
| SpendSaveHandler | processSavingsWithMint                | 4604  | 4253    | 0        |
|------------------+---------------------------------------+-------+---------+----------|
| SpendSaveHandler | registerToken                         | 4680  | 0       | 0        |
|------------------+---------------------------------------+-------+---------+----------|
| SpendSaveHandler | seedUser                              | 4550  | 0       | 0        |
|------------------+---------------------------------------+-------+---------+----------|
| SpendSaveHandler | setDefaultSlippage                    | 4509  | 0       | 0        |
|------------------+---------------------------------------+-------+---------+----------|
| SpendSaveHandler | setTokenSlippage                      | 4604  | 7       | 0        |
|------------------+---------------------------------------+-------+---------+----------|
| SpendSaveHandler | setTransientContextWithTracking       | 4497  | 7       | 0        |
|------------------+---------------------------------------+-------+---------+----------|
| SpendSaveHandler | setUserSlippage                       | 4621  | 7       | 0        |
|------------------+---------------------------------------+-------+---------+----------|
| SpendSaveHandler | setWithdrawalTimelock                 | 4518  | 6       | 0        |
|------------------+---------------------------------------+-------+---------+----------|
| SpendSaveHandler | trackModuleModification               | 4444  | 0       | 0        |
|------------------+---------------------------------------+-------+---------+----------|
| SpendSaveHandler | transferToken                         | 4646  | 0       | 0        |
|------------------+---------------------------------------+-------+---------+----------|
| SpendSaveHandler | updateDailyExecution                  | 4583  | 6       | 0        |
|------------------+---------------------------------------+-------+---------+----------|
| SpendSaveHandler | withdraw                              | 4560  | 3       | 0        |
|------------------+---------------------------------------+-------+---------+----------|
| SpendSaveHandler | withdrawDailySavings                  | 4603  | 7       | 0        |
╰------------------+---------------------------------------+-------+---------+----------╯

[PASS] invariant_packed_uint16_no_overflow() (runs: 256, calls: 128000, reverts: 8575)

╭------------------+---------------------------------------+-------+---------+----------╮
| Contract         | Selector                              | Calls | Reverts | Discards |
+=======================================================================================+
| SpendSaveHandler | advanceTime                           | 4562  | 0       | 0        |
|------------------+---------------------------------------+-------+---------+----------|
| SpendSaveHandler | attemptUnauthorizedFeeChange          | 4533  | 0       | 0        |
|------------------+---------------------------------------+-------+---------+----------|
| SpendSaveHandler | attemptUnauthorizedModuleRegistration | 4552  | 0       | 0        |
|------------------+---------------------------------------+-------+---------+----------|
| SpendSaveHandler | attemptUnauthorizedTreasuryChange     | 4521  | 0       | 0        |
|------------------+---------------------------------------+-------+---------+----------|
| SpendSaveHandler | burnTokens                            | 4615  | 3       | 0        |
|------------------+---------------------------------------+-------+---------+----------|
| SpendSaveHandler | configureDailySavings                 | 4673  | 3       | 0        |
|------------------+---------------------------------------+-------+---------+----------|
| SpendSaveHandler | configureStrategy                     | 4528  | 2       | 0        |
|------------------+---------------------------------------+-------+---------+----------|
| SpendSaveHandler | configureStrategyWithTracking         | 4552  | 3       | 0        |
|------------------+---------------------------------------+-------+---------+----------|
| SpendSaveHandler | disableDailySavings                   | 4603  | 4       | 0        |
|------------------+---------------------------------------+-------+---------+----------|
| SpendSaveHandler | enqueueDca                            | 4582  | 6       | 0        |
|------------------+---------------------------------------+-------+---------+----------|
| SpendSaveHandler | executeBatchDailySavings              | 4697  | 5       | 0        |
|------------------+---------------------------------------+-------+---------+----------|
| SpendSaveHandler | executeDailySavingsForToken           | 4516  | 5       | 0        |
|------------------+---------------------------------------+-------+---------+----------|
| SpendSaveHandler | executeDca                            | 4552  | 8       | 0        |
|------------------+---------------------------------------+-------+---------+----------|
| SpendSaveHandler | markDcaExecuted                       | 4546  | 4       | 0        |
|------------------+---------------------------------------+-------+---------+----------|
| SpendSaveHandler | processSavings                        | 4549  | 4236    | 0        |
|------------------+---------------------------------------+-------+---------+----------|
| SpendSaveHandler | processSavingsWithMint                | 4604  | 4253    | 0        |
|------------------+---------------------------------------+-------+---------+----------|
| SpendSaveHandler | registerToken                         | 4680  | 0       | 0        |
|------------------+---------------------------------------+-------+---------+----------|
| SpendSaveHandler | seedUser                              | 4550  | 0       | 0        |
|------------------+---------------------------------------+-------+---------+----------|
| SpendSaveHandler | setDefaultSlippage                    | 4509  | 0       | 0        |
|------------------+---------------------------------------+-------+---------+----------|
| SpendSaveHandler | setTokenSlippage                      | 4604  | 7       | 0        |
|------------------+---------------------------------------+-------+---------+----------|
| SpendSaveHandler | setTransientContextWithTracking       | 4497  | 7       | 0        |
|------------------+---------------------------------------+-------+---------+----------|
| SpendSaveHandler | setUserSlippage                       | 4621  | 7       | 0        |
|------------------+---------------------------------------+-------+---------+----------|
| SpendSaveHandler | setWithdrawalTimelock                 | 4518  | 6       | 0        |
|------------------+---------------------------------------+-------+---------+----------|
| SpendSaveHandler | trackModuleModification               | 4444  | 0       | 0        |
|------------------+---------------------------------------+-------+---------+----------|
| SpendSaveHandler | transferToken                         | 4646  | 0       | 0        |
|------------------+---------------------------------------+-------+---------+----------|
| SpendSaveHandler | updateDailyExecution                  | 4583  | 6       | 0        |
|------------------+---------------------------------------+-------+---------+----------|
| SpendSaveHandler | withdraw                              | 4560  | 3       | 0        |
|------------------+---------------------------------------+-------+---------+----------|
| SpendSaveHandler | withdrawDailySavings                  | 4603  | 7       | 0        |
╰------------------+---------------------------------------+-------+---------+----------╯

[PASS] invariant_packed_uint8_no_overflow() (runs: 256, calls: 128000, reverts: 8575)

╭------------------+---------------------------------------+-------+---------+----------╮
| Contract         | Selector                              | Calls | Reverts | Discards |
+=======================================================================================+
| SpendSaveHandler | advanceTime                           | 4562  | 0       | 0        |
|------------------+---------------------------------------+-------+---------+----------|
| SpendSaveHandler | attemptUnauthorizedFeeChange          | 4533  | 0       | 0        |
|------------------+---------------------------------------+-------+---------+----------|
| SpendSaveHandler | attemptUnauthorizedModuleRegistration | 4552  | 0       | 0        |
|------------------+---------------------------------------+-------+---------+----------|
| SpendSaveHandler | attemptUnauthorizedTreasuryChange     | 4521  | 0       | 0        |
|------------------+---------------------------------------+-------+---------+----------|
| SpendSaveHandler | burnTokens                            | 4615  | 3       | 0        |
|------------------+---------------------------------------+-------+---------+----------|
| SpendSaveHandler | configureDailySavings                 | 4673  | 3       | 0        |
|------------------+---------------------------------------+-------+---------+----------|
| SpendSaveHandler | configureStrategy                     | 4528  | 2       | 0        |
|------------------+---------------------------------------+-------+---------+----------|
| SpendSaveHandler | configureStrategyWithTracking         | 4552  | 3       | 0        |
|------------------+---------------------------------------+-------+---------+----------|
| SpendSaveHandler | disableDailySavings                   | 4603  | 4       | 0        |
|------------------+---------------------------------------+-------+---------+----------|
| SpendSaveHandler | enqueueDca                            | 4582  | 6       | 0        |
|------------------+---------------------------------------+-------+---------+----------|
| SpendSaveHandler | executeBatchDailySavings              | 4697  | 5       | 0        |
|------------------+---------------------------------------+-------+---------+----------|
| SpendSaveHandler | executeDailySavingsForToken           | 4516  | 5       | 0        |
|------------------+---------------------------------------+-------+---------+----------|
| SpendSaveHandler | executeDca                            | 4552  | 8       | 0        |
|------------------+---------------------------------------+-------+---------+----------|
| SpendSaveHandler | markDcaExecuted                       | 4546  | 4       | 0        |
|------------------+---------------------------------------+-------+---------+----------|
| SpendSaveHandler | processSavings                        | 4549  | 4236    | 0        |
|------------------+---------------------------------------+-------+---------+----------|
| SpendSaveHandler | processSavingsWithMint                | 4604  | 4253    | 0        |
|------------------+---------------------------------------+-------+---------+----------|
| SpendSaveHandler | registerToken                         | 4680  | 0       | 0        |
|------------------+---------------------------------------+-------+---------+----------|
| SpendSaveHandler | seedUser                              | 4550  | 0       | 0        |
|------------------+---------------------------------------+-------+---------+----------|
| SpendSaveHandler | setDefaultSlippage                    | 4509  | 0       | 0        |
|------------------+---------------------------------------+-------+---------+----------|
| SpendSaveHandler | setTokenSlippage                      | 4604  | 7       | 0        |
|------------------+---------------------------------------+-------+---------+----------|
| SpendSaveHandler | setTransientContextWithTracking       | 4497  | 7       | 0        |
|------------------+---------------------------------------+-------+---------+----------|
| SpendSaveHandler | setUserSlippage                       | 4621  | 7       | 0        |
|------------------+---------------------------------------+-------+---------+----------|
| SpendSaveHandler | setWithdrawalTimelock                 | 4518  | 6       | 0        |
|------------------+---------------------------------------+-------+---------+----------|
| SpendSaveHandler | trackModuleModification               | 4444  | 0       | 0        |
|------------------+---------------------------------------+-------+---------+----------|
| SpendSaveHandler | transferToken                         | 4646  | 0       | 0        |
|------------------+---------------------------------------+-------+---------+----------|
| SpendSaveHandler | updateDailyExecution                  | 4583  | 6       | 0        |
|------------------+---------------------------------------+-------+---------+----------|
| SpendSaveHandler | withdraw                              | 4560  | 3       | 0        |
|------------------+---------------------------------------+-------+---------+----------|
| SpendSaveHandler | withdrawDailySavings                  | 4603  | 7       | 0        |
╰------------------+---------------------------------------+-------+---------+----------╯

[PASS] invariant_reserved_bits_zero() (runs: 256, calls: 128000, reverts: 8575)

╭------------------+---------------------------------------+-------+---------+----------╮
| Contract         | Selector                              | Calls | Reverts | Discards |
+=======================================================================================+
| SpendSaveHandler | advanceTime                           | 4562  | 0       | 0        |
|------------------+---------------------------------------+-------+---------+----------|
| SpendSaveHandler | attemptUnauthorizedFeeChange          | 4533  | 0       | 0        |
|------------------+---------------------------------------+-------+---------+----------|
| SpendSaveHandler | attemptUnauthorizedModuleRegistration | 4552  | 0       | 0        |
|------------------+---------------------------------------+-------+---------+----------|
| SpendSaveHandler | attemptUnauthorizedTreasuryChange     | 4521  | 0       | 0        |
|------------------+---------------------------------------+-------+---------+----------|
| SpendSaveHandler | burnTokens                            | 4615  | 3       | 0        |
|------------------+---------------------------------------+-------+---------+----------|
| SpendSaveHandler | configureDailySavings                 | 4673  | 3       | 0        |
|------------------+---------------------------------------+-------+---------+----------|
| SpendSaveHandler | configureStrategy                     | 4528  | 2       | 0        |
|------------------+---------------------------------------+-------+---------+----------|
| SpendSaveHandler | configureStrategyWithTracking         | 4552  | 3       | 0        |
|------------------+---------------------------------------+-------+---------+----------|
| SpendSaveHandler | disableDailySavings                   | 4603  | 4       | 0        |
|------------------+---------------------------------------+-------+---------+----------|
| SpendSaveHandler | enqueueDca                            | 4582  | 6       | 0        |
|------------------+---------------------------------------+-------+---------+----------|
| SpendSaveHandler | executeBatchDailySavings              | 4697  | 5       | 0        |
|------------------+---------------------------------------+-------+---------+----------|
| SpendSaveHandler | executeDailySavingsForToken           | 4516  | 5       | 0        |
|------------------+---------------------------------------+-------+---------+----------|
| SpendSaveHandler | executeDca                            | 4552  | 8       | 0        |
|------------------+---------------------------------------+-------+---------+----------|
| SpendSaveHandler | markDcaExecuted                       | 4546  | 4       | 0        |
|------------------+---------------------------------------+-------+---------+----------|
| SpendSaveHandler | processSavings                        | 4549  | 4236    | 0        |
|------------------+---------------------------------------+-------+---------+----------|
| SpendSaveHandler | processSavingsWithMint                | 4604  | 4253    | 0        |
|------------------+---------------------------------------+-------+---------+----------|
| SpendSaveHandler | registerToken                         | 4680  | 0       | 0        |
|------------------+---------------------------------------+-------+---------+----------|
| SpendSaveHandler | seedUser                              | 4550  | 0       | 0        |
|------------------+---------------------------------------+-------+---------+----------|
| SpendSaveHandler | setDefaultSlippage                    | 4509  | 0       | 0        |
|------------------+---------------------------------------+-------+---------+----------|
| SpendSaveHandler | setTokenSlippage                      | 4604  | 7       | 0        |
|------------------+---------------------------------------+-------+---------+----------|
| SpendSaveHandler | setTransientContextWithTracking       | 4497  | 7       | 0        |
|------------------+---------------------------------------+-------+---------+----------|
| SpendSaveHandler | setUserSlippage                       | 4621  | 7       | 0        |
|------------------+---------------------------------------+-------+---------+----------|
| SpendSaveHandler | setWithdrawalTimelock                 | 4518  | 6       | 0        |
|------------------+---------------------------------------+-------+---------+----------|
| SpendSaveHandler | trackModuleModification               | 4444  | 0       | 0        |
|------------------+---------------------------------------+-------+---------+----------|
| SpendSaveHandler | transferToken                         | 4646  | 0       | 0        |
|------------------+---------------------------------------+-------+---------+----------|
| SpendSaveHandler | updateDailyExecution                  | 4583  | 6       | 0        |
|------------------+---------------------------------------+-------+---------+----------|
| SpendSaveHandler | withdraw                              | 4560  | 3       | 0        |
|------------------+---------------------------------------+-------+---------+----------|
| SpendSaveHandler | withdrawDailySavings                  | 4603  | 7       | 0        |
╰------------------+---------------------------------------+-------+---------+----------╯

Suite result: ok. 4 passed; 0 failed; 0 skipped; finished in 1851.58s (2604.32s CPU time)

Ran 5 tests for test/fuzz/PercentageFuzz.t.sol:PercentageFuzz
[PASS] testFuzz_autoIncrementProgression(uint16,uint16,uint16) (runs: 256, μ: 9078, ~: 9009)
[PASS] testFuzz_dynamicPercentageAdjustment(uint16,uint16,uint16,uint256) (runs: 256, μ: 22276, ~: 14551)
[PASS] testFuzz_maxPercentageEnforced(uint16,uint16) (runs: 256, μ: 6689, ~: 6341)
[PASS] testFuzz_percentageInRange(uint16) (runs: 256, μ: 4630, ~: 4424)
[PASS] testFuzz_specificTokenPercentage(uint16,uint16) (runs: 256, μ: 6592, ~: 6244)
Suite result: ok. 5 passed; 0 failed; 0 skipped; finished in 605.72ms (1.05s CPU time)

Ran 12 tests for test/PerformanceTest.t.sol:PerformanceTest
[FAIL: Unauthorized] testPerformance_BatchEfficiency() (gas: 26740)
[PASS] testPerformance_BatchOperationEfficiency() (gas: 1814343)
[FAIL: Insufficient token1 amount] testPerformance_CompleteWorkflow() (gas: 910999)
[FAIL: Insufficient token1 amount] testPerformance_ComprehensiveReport() (gas: 911889)
[PASS] testPerformance_GasTargets() (gas: 27551)
[FAIL: Insufficient token1 amount] testPerformance_GasUsageBenchmarks() (gas: 911064)
[PASS] testPerformance_HookGasOptimization() (gas: 60210)
[FAIL: Large-scale DCA operations should meet gas target: 160200 > 100000] testPerformance_LargeScaleOperations() (gas: 32562735)
[FAIL: panic: division or modulo by zero (0x12)] testPerformance_OptimizationComparison() (gas: 23826)
[PASS] testPerformance_OptimizationTargets() (gas: 646433)
[FAIL: Storage operations should be efficient: 76501 > 50000] testPerformance_StorageEfficiency() (gas: 7655181)
[FAIL: Packed storage should be more efficient: 54625 >= 17461] testPerformance_StoragePatternEfficiency() (gas: 167760)
Suite result: FAILED. 4 passed; 8 failed; 0 skipped; finished in 2.53s (728.60ms CPU time)

Ran 5 tests for test/invariant/SolvencyInvariants.t.sol:SolvencyInvariants
[FAIL: invariant_dca_queue_backed_by_savings replay failure]
	[Sequence] (original: 2, shrunk: 2)
		sender=0x4200000000000000000000000000000000000023 addr=[test/invariant/BaseInvariantTest.sol:SpendSaveHandler]0x3D7Ebc40AF7092E3F1C81F2e996cbA5Cae2090d7 calldata=seedUser(uint256) args=[1005835515576359460005134140798766305212256906220900130642 [1.005e57]]
		sender=0x833589fCD6eDb6E08f4c7C32D4f71b54bdA02913 addr=[test/invariant/BaseInvariantTest.sol:SpendSaveHandler]0x3D7Ebc40AF7092E3F1C81F2e996cbA5Cae2090d7 calldata=enqueueDca(uint256,uint256,uint256,uint256,uint256) args=[1, 149534132047369932756367902960345404991781624 [1.495e44], 28800538 [2.88e7], 434092545380856042387458591303678599758644543585074999992632576125043621 [4.34e71], 134398909680287 [1.343e14]]
 invariant_dca_queue_backed_by_savings() (runs: 1, calls: 1, reverts: 1)
[PASS] invariant_individual_user_solvency() (runs: 256, calls: 128000, reverts: 8575)

╭------------------+---------------------------------------+-------+---------+----------╮
| Contract         | Selector                              | Calls | Reverts | Discards |
+=======================================================================================+
| SpendSaveHandler | advanceTime                           | 4562  | 0       | 0        |
|------------------+---------------------------------------+-------+---------+----------|
| SpendSaveHandler | attemptUnauthorizedFeeChange          | 4533  | 0       | 0        |
|------------------+---------------------------------------+-------+---------+----------|
| SpendSaveHandler | attemptUnauthorizedModuleRegistration | 4552  | 0       | 0        |
|------------------+---------------------------------------+-------+---------+----------|
| SpendSaveHandler | attemptUnauthorizedTreasuryChange     | 4521  | 0       | 0        |
|------------------+---------------------------------------+-------+---------+----------|
| SpendSaveHandler | burnTokens                            | 4615  | 3       | 0        |
|------------------+---------------------------------------+-------+---------+----------|
| SpendSaveHandler | configureDailySavings                 | 4673  | 3       | 0        |
|------------------+---------------------------------------+-------+---------+----------|
| SpendSaveHandler | configureStrategy                     | 4528  | 2       | 0        |
|------------------+---------------------------------------+-------+---------+----------|
| SpendSaveHandler | configureStrategyWithTracking         | 4552  | 3       | 0        |
|------------------+---------------------------------------+-------+---------+----------|
| SpendSaveHandler | disableDailySavings                   | 4603  | 4       | 0        |
|------------------+---------------------------------------+-------+---------+----------|
| SpendSaveHandler | enqueueDca                            | 4582  | 6       | 0        |
|------------------+---------------------------------------+-------+---------+----------|
| SpendSaveHandler | executeBatchDailySavings              | 4697  | 5       | 0        |
|------------------+---------------------------------------+-------+---------+----------|
| SpendSaveHandler | executeDailySavingsForToken           | 4516  | 5       | 0        |
|------------------+---------------------------------------+-------+---------+----------|
| SpendSaveHandler | executeDca                            | 4552  | 8       | 0        |
|------------------+---------------------------------------+-------+---------+----------|
| SpendSaveHandler | markDcaExecuted                       | 4546  | 4       | 0        |
|------------------+---------------------------------------+-------+---------+----------|
| SpendSaveHandler | processSavings                        | 4549  | 4236    | 0        |
|------------------+---------------------------------------+-------+---------+----------|
| SpendSaveHandler | processSavingsWithMint                | 4604  | 4253    | 0        |
|------------------+---------------------------------------+-------+---------+----------|
| SpendSaveHandler | registerToken                         | 4680  | 0       | 0        |
|------------------+---------------------------------------+-------+---------+----------|
| SpendSaveHandler | seedUser                              | 4550  | 0       | 0        |
|------------------+---------------------------------------+-------+---------+----------|
| SpendSaveHandler | setDefaultSlippage                    | 4509  | 0       | 0        |
|------------------+---------------------------------------+-------+---------+----------|
| SpendSaveHandler | setTokenSlippage                      | 4604  | 7       | 0        |
|------------------+---------------------------------------+-------+---------+----------|
| SpendSaveHandler | setTransientContextWithTracking       | 4497  | 7       | 0        |
|------------------+---------------------------------------+-------+---------+----------|
| SpendSaveHandler | setUserSlippage                       | 4621  | 7       | 0        |
|------------------+---------------------------------------+-------+---------+----------|
| SpendSaveHandler | setWithdrawalTimelock                 | 4518  | 6       | 0        |
|------------------+---------------------------------------+-------+---------+----------|
| SpendSaveHandler | trackModuleModification               | 4444  | 0       | 0        |
|------------------+---------------------------------------+-------+---------+----------|
| SpendSaveHandler | transferToken                         | 4646  | 0       | 0        |
|------------------+---------------------------------------+-------+---------+----------|
| SpendSaveHandler | updateDailyExecution                  | 4583  | 6       | 0        |
|------------------+---------------------------------------+-------+---------+----------|
| SpendSaveHandler | withdraw                              | 4560  | 3       | 0        |
|------------------+---------------------------------------+-------+---------+----------|
| SpendSaveHandler | withdrawDailySavings                  | 4603  | 7       | 0        |
╰------------------+---------------------------------------+-------+---------+----------╯

[PASS] invariant_protocol_total_solvency() (runs: 256, calls: 128000, reverts: 8575)

╭------------------+---------------------------------------+-------+---------+----------╮
| Contract         | Selector                              | Calls | Reverts | Discards |
+=======================================================================================+
| SpendSaveHandler | advanceTime                           | 4562  | 0       | 0        |
|------------------+---------------------------------------+-------+---------+----------|
| SpendSaveHandler | attemptUnauthorizedFeeChange          | 4533  | 0       | 0        |
|------------------+---------------------------------------+-------+---------+----------|
| SpendSaveHandler | attemptUnauthorizedModuleRegistration | 4552  | 0       | 0        |
|------------------+---------------------------------------+-------+---------+----------|
| SpendSaveHandler | attemptUnauthorizedTreasuryChange     | 4521  | 0       | 0        |
|------------------+---------------------------------------+-------+---------+----------|
| SpendSaveHandler | burnTokens                            | 4615  | 3       | 0        |
|------------------+---------------------------------------+-------+---------+----------|
| SpendSaveHandler | configureDailySavings                 | 4673  | 3       | 0        |
|------------------+---------------------------------------+-------+---------+----------|
| SpendSaveHandler | configureStrategy                     | 4528  | 2       | 0        |
|------------------+---------------------------------------+-------+---------+----------|
| SpendSaveHandler | configureStrategyWithTracking         | 4552  | 3       | 0        |
|------------------+---------------------------------------+-------+---------+----------|
| SpendSaveHandler | disableDailySavings                   | 4603  | 4       | 0        |
|------------------+---------------------------------------+-------+---------+----------|
| SpendSaveHandler | enqueueDca                            | 4582  | 6       | 0        |
|------------------+---------------------------------------+-------+---------+----------|
| SpendSaveHandler | executeBatchDailySavings              | 4697  | 5       | 0        |
|------------------+---------------------------------------+-------+---------+----------|
| SpendSaveHandler | executeDailySavingsForToken           | 4516  | 5       | 0        |
|------------------+---------------------------------------+-------+---------+----------|
| SpendSaveHandler | executeDca                            | 4552  | 8       | 0        |
|------------------+---------------------------------------+-------+---------+----------|
| SpendSaveHandler | markDcaExecuted                       | 4546  | 4       | 0        |
|------------------+---------------------------------------+-------+---------+----------|
| SpendSaveHandler | processSavings                        | 4549  | 4236    | 0        |
|------------------+---------------------------------------+-------+---------+----------|
| SpendSaveHandler | processSavingsWithMint                | 4604  | 4253    | 0        |
|------------------+---------------------------------------+-------+---------+----------|
| SpendSaveHandler | registerToken                         | 4680  | 0       | 0        |
|------------------+---------------------------------------+-------+---------+----------|
| SpendSaveHandler | seedUser                              | 4550  | 0       | 0        |
|------------------+---------------------------------------+-------+---------+----------|
| SpendSaveHandler | setDefaultSlippage                    | 4509  | 0       | 0        |
|------------------+---------------------------------------+-------+---------+----------|
| SpendSaveHandler | setTokenSlippage                      | 4604  | 7       | 0        |
|------------------+---------------------------------------+-------+---------+----------|
| SpendSaveHandler | setTransientContextWithTracking       | 4497  | 7       | 0        |
|------------------+---------------------------------------+-------+---------+----------|
| SpendSaveHandler | setUserSlippage                       | 4621  | 7       | 0        |
|------------------+---------------------------------------+-------+---------+----------|
| SpendSaveHandler | setWithdrawalTimelock                 | 4518  | 6       | 0        |
|------------------+---------------------------------------+-------+---------+----------|
| SpendSaveHandler | trackModuleModification               | 4444  | 0       | 0        |
|------------------+---------------------------------------+-------+---------+----------|
| SpendSaveHandler | transferToken                         | 4646  | 0       | 0        |
|------------------+---------------------------------------+-------+---------+----------|
| SpendSaveHandler | updateDailyExecution                  | 4583  | 6       | 0        |
|------------------+---------------------------------------+-------+---------+----------|
| SpendSaveHandler | withdraw                              | 4560  | 3       | 0        |
|------------------+---------------------------------------+-------+---------+----------|
| SpendSaveHandler | withdrawDailySavings                  | 4603  | 7       | 0        |
╰------------------+---------------------------------------+-------+---------+----------╯

[FAIL: invariant_total_value_conservation replay failure]
	[Sequence] (original: 7, shrunk: 7)
		sender=0x0000000000000000000000000000000000004b04 addr=[test/invariant/BaseInvariantTest.sol:SpendSaveHandler]0x3D7Ebc40AF7092E3F1C81F2e996cbA5Cae2090d7 calldata=seedUser(uint256) args=[1]
		sender=0x0000000000000000000000000000000000002fe9 addr=[test/invariant/BaseInvariantTest.sol:SpendSaveHandler]0x3D7Ebc40AF7092E3F1C81F2e996cbA5Cae2090d7 calldata=seedUser(uint256) args=[150]
		sender=0x4200000000000000000000000000000000000023 addr=[test/invariant/BaseInvariantTest.sol:SpendSaveHandler]0x3D7Ebc40AF7092E3F1C81F2e996cbA5Cae2090d7 calldata=seedUser(uint256) args=[6342]
		sender=0x00000000000000000000000000000000000061c9 addr=[test/invariant/BaseInvariantTest.sol:SpendSaveHandler]0x3D7Ebc40AF7092E3F1C81F2e996cbA5Cae2090d7 calldata=configureDailySavings(uint256,uint256,uint256) args=[115792089237316195423570985008687907853269984665640564039457584007913129639933 [1.157e77], 20695907944107043050993691736171168081182314779634303634007257638084959 [2.069e70], 14380341462060241208224180967594568623430755168320078566969284 [1.438e61]]
		sender=0x0000000000000000000000000000000000001bC7 addr=[test/invariant/BaseInvariantTest.sol:SpendSaveHandler]0x3D7Ebc40AF7092E3F1C81F2e996cbA5Cae2090d7 calldata=seedUser(uint256) args=[5000000000000000000 [5e18]]
		sender=0x4200000000000000000000000000000000000023 addr=[test/invariant/BaseInvariantTest.sol:SpendSaveHandler]0x3D7Ebc40AF7092E3F1C81F2e996cbA5Cae2090d7 calldata=advanceTime(uint256) args=[2049254918401997407484508483414705937631980959 [2.049e45]]
		sender=0x2Ae3F1Ec7F1F5012CFEab0185bfc7aa3cf0DEc22 addr=[test/invariant/BaseInvariantTest.sol:SpendSaveHandler]0x3D7Ebc40AF7092E3F1C81F2e996cbA5Cae2090d7 calldata=executeDailySavingsForToken(uint256,uint256) args=[55757573404754532768883774230217834268306639917284419877020786 [5.575e61], 163098444017808945894588285878744115353211271772564040470723458889 [1.63e65]]
 invariant_total_value_conservation() (runs: 1, calls: 1, reverts: 1)
[FAIL: invariant_treasury_fee_accumulation_correct replay failure]
	[Sequence] (original: 7, shrunk: 7)
		sender=0xFFfFfFffFFfffFFfFFfFFFFFffFFFffffFfFFFfF addr=[test/invariant/BaseInvariantTest.sol:SpendSaveHandler]0x3D7Ebc40AF7092E3F1C81F2e996cbA5Cae2090d7 calldata=seedUser(uint256) args=[1]
		sender=0x0000000000000000000000000000000000006A18 addr=[test/invariant/BaseInvariantTest.sol:SpendSaveHandler]0x3D7Ebc40AF7092E3F1C81F2e996cbA5Cae2090d7 calldata=seedUser(uint256) args=[150]
		sender=0x4200000000000000000000000000000000000023 addr=[test/invariant/BaseInvariantTest.sol:SpendSaveHandler]0x3D7Ebc40AF7092E3F1C81F2e996cbA5Cae2090d7 calldata=seedUser(uint256) args=[35877 [3.587e4]]
		sender=0x0000000000000000000000000000000000005D1e addr=[test/invariant/BaseInvariantTest.sol:SpendSaveHandler]0x3D7Ebc40AF7092E3F1C81F2e996cbA5Cae2090d7 calldata=configureDailySavings(uint256,uint256,uint256) args=[115792089237316195423570985008687907853269984665640564039457584007913129639933 [1.157e77], 20695907944107043050993691736171168081182314779634303634007257638084959 [2.069e70], 14380341462060241208224180967594568623430755168320078566969284 [1.438e61]]
		sender=0x0000000000000000000000000000000000001BC6 addr=[test/invariant/BaseInvariantTest.sol:SpendSaveHandler]0x3D7Ebc40AF7092E3F1C81F2e996cbA5Cae2090d7 calldata=seedUser(uint256) args=[5000000000000000000 [5e18]]
		sender=0x4200000000000000000000000000000000000023 addr=[test/invariant/BaseInvariantTest.sol:SpendSaveHandler]0x3D7Ebc40AF7092E3F1C81F2e996cbA5Cae2090d7 calldata=advanceTime(uint256) args=[2049254918401997407484508483414705937631980959 [2.049e45]]
		sender=0x2Ae3F1Ec7F1F5012CFEab0185bfc7aa3cf0DEc22 addr=[test/invariant/BaseInvariantTest.sol:SpendSaveHandler]0x3D7Ebc40AF7092E3F1C81F2e996cbA5Cae2090d7 calldata=executeDailySavingsForToken(uint256,uint256) args=[55757573404754532768883774230217834268306639917284419877020786 [5.575e61], 163098444017808945894588285878744115353211271772564040470723458889 [1.63e65]]
 invariant_treasury_fee_accumulation_correct() (runs: 1, calls: 1, reverts: 1)
Suite result: FAILED. 2 passed; 3 failed; 0 skipped; finished in 2779.91s (3937.42s CPU time)

Ran 15 tests for test/EdgeCaseTest.t.sol:EdgeCaseTest
[PASS] testEdge_BackwardCompatibility() (gas: 5656267)
[PASS] testEdge_ComprehensiveReport() (gas: 10757457)
[PASS] testEdge_DataMigration() (gas: 66340)
[PASS] testEdge_ExtremeSavingsPercentage() (gas: 66175)
[PASS] testEdge_ExtremeSlippageTolerance() (gas: 189000)
[PASS] testEdge_ForwardCompatibility() (gas: 205502)
[PASS] testEdge_FrontRunningProtection() (gas: 76439)
[PASS] testEdge_GasLimitExhaustion() (gas: 218973)
[PASS] testEdge_HighGasPriceHandling() (gas: 66781)
[PASS] testEdge_MinimalAmountOperations() (gas: 266572)
[PASS] testEdge_ReentrancyProtection() (gas: 66291)
[PASS] testEdge_SandwichAttackResistance() (gas: 199456)
[PASS] testEdge_StressTestLargeAmounts() (gas: 291408)
[PASS] testEdge_StressTestMultipleUsers() (gas: 4180785)
[PASS] testEdge_ZeroAmountOperations() (gas: 30504)
Suite result: ok. 15 passed; 0 failed; 0 skipped; finished in 1.42s (137.40ms CPU time)

Ran 7 tests for test/HookFailureScenariosTest.t.sol:HookFailureScenariosTest
[FAIL: Should have good failure recovery rate] testHookFailure_ComprehensiveFailureRecovery() (gas: 57598)
[PASS] testHookFailure_ExtremeSwapParameters() (gas: 31478)
[PASS] testHookFailure_InsufficientGas() (gas: 42077)
[PASS] testHookFailure_InvalidPoolKey() (gas: 23620)
[PASS] testHookFailure_InvalidUserData() (gas: 31143)
[PASS] testHookFailure_ModuleNotInitialized() (gas: 197882230)
[FAIL: ManagerLocked()] testHookFailure_ModuleReverts() (gas: 68238)
Suite result: FAILED. 5 passed; 2 failed; 0 skipped; finished in 6.78s (5.97s CPU time)

Ran 6 tests for test/invariant/DCAFuzz.t.sol:DCAFuzz
[PASS] testFuzz_dcaAmountBounds(uint256,uint256) (runs: 256, μ: 6751, ~: 7079)
[PASS] testFuzz_dcaBatchExecution(uint256[],uint256[],uint256) (runs: 256, μ: 60383, ~: 60776)
[PASS] testFuzz_dcaDeadlineValidation(uint256,uint256) (runs: 257, μ: 8046, ~: 8957)
[PASS] testFuzz_dcaQueueOrdering(uint256,uint256) (runs: 256, μ: 7748, ~: 7463)
[PASS] testFuzz_dcaSlippageCalculation(uint256,uint256,uint256) (runs: 256, μ: 9796, ~: 9291)
[PASS] testFuzz_dcaTickCalculation(int256) (runs: 257, μ: 840, ~: 848)
Suite result: ok. 6 passed; 0 failed; 0 skipped; finished in 526.29ms (928.13ms CPU time)
Warning: Failure from "/Users/mac/mySpendSaveHook/cache/invariant/failures/ERC6909Invariants/invariant_erc6909_mint_burn_supply_changes" file was ignored because test contract bytecode has changed.

Ran 4 tests for test/invariant/ValueConservationInvariants.t.sol:ValueConservationInvariants
[PASS] invariant_dca_swaps_preserve_value_with_slippage() (runs: 256, calls: 128000, reverts: 8576)

╭------------------+---------------------------------------+-------+---------+----------╮
| Contract         | Selector                              | Calls | Reverts | Discards |
+=======================================================================================+
| SpendSaveHandler | advanceTime                           | 4562  | 0       | 0        |
|------------------+---------------------------------------+-------+---------+----------|
| SpendSaveHandler | attemptUnauthorizedFeeChange          | 4533  | 0       | 0        |
|------------------+---------------------------------------+-------+---------+----------|
| SpendSaveHandler | attemptUnauthorizedModuleRegistration | 4552  | 0       | 0        |
|------------------+---------------------------------------+-------+---------+----------|
| SpendSaveHandler | attemptUnauthorizedTreasuryChange     | 4521  | 0       | 0        |
|------------------+---------------------------------------+-------+---------+----------|
| SpendSaveHandler | burnTokens                            | 4615  | 3       | 0        |
|------------------+---------------------------------------+-------+---------+----------|
| SpendSaveHandler | configureDailySavings                 | 4673  | 3       | 0        |
|------------------+---------------------------------------+-------+---------+----------|
| SpendSaveHandler | configureStrategy                     | 4528  | 2       | 0        |
|------------------+---------------------------------------+-------+---------+----------|
| SpendSaveHandler | configureStrategyWithTracking         | 4552  | 3       | 0        |
|------------------+---------------------------------------+-------+---------+----------|
| SpendSaveHandler | disableDailySavings                   | 4603  | 4       | 0        |
|------------------+---------------------------------------+-------+---------+----------|
| SpendSaveHandler | enqueueDca                            | 4582  | 6       | 0        |
|------------------+---------------------------------------+-------+---------+----------|
| SpendSaveHandler | executeBatchDailySavings              | 4697  | 5       | 0        |
|------------------+---------------------------------------+-------+---------+----------|
| SpendSaveHandler | executeDailySavingsForToken           | 4516  | 5       | 0        |
|------------------+---------------------------------------+-------+---------+----------|
| SpendSaveHandler | executeDca                            | 4552  | 8       | 0        |
|------------------+---------------------------------------+-------+---------+----------|
| SpendSaveHandler | markDcaExecuted                       | 4546  | 4       | 0        |
|------------------+---------------------------------------+-------+---------+----------|
| SpendSaveHandler | processSavings                        | 4549  | 4236    | 0        |
|------------------+---------------------------------------+-------+---------+----------|
| SpendSaveHandler | processSavingsWithMint                | 4604  | 4253    | 0        |
|------------------+---------------------------------------+-------+---------+----------|
| SpendSaveHandler | registerToken                         | 4680  | 0       | 0        |
|------------------+---------------------------------------+-------+---------+----------|
| SpendSaveHandler | seedUser                              | 4550  | 0       | 0        |
|------------------+---------------------------------------+-------+---------+----------|
| SpendSaveHandler | setDefaultSlippage                    | 4509  | 0       | 0        |
|------------------+---------------------------------------+-------+---------+----------|
| SpendSaveHandler | setTokenSlippage                      | 4604  | 7       | 0        |
|------------------+---------------------------------------+-------+---------+----------|
| SpendSaveHandler | setTransientContextWithTracking       | 4497  | 7       | 0        |
|------------------+---------------------------------------+-------+---------+----------|
| SpendSaveHandler | setUserSlippage                       | 4621  | 7       | 0        |
|------------------+---------------------------------------+-------+---------+----------|
| SpendSaveHandler | setWithdrawalTimelock                 | 4518  | 6       | 0        |
|------------------+---------------------------------------+-------+---------+----------|
| SpendSaveHandler | trackModuleModification               | 4444  | 0       | 0        |
|------------------+---------------------------------------+-------+---------+----------|
| SpendSaveHandler | transferToken                         | 4646  | 0       | 0        |
|------------------+---------------------------------------+-------+---------+----------|
| SpendSaveHandler | updateDailyExecution                  | 4583  | 6       | 0        |
|------------------+---------------------------------------+-------+---------+----------|
| SpendSaveHandler | withdraw                              | 4560  | 4       | 0        |
|------------------+---------------------------------------+-------+---------+----------|
| SpendSaveHandler | withdrawDailySavings                  | 4603  | 7       | 0        |
╰------------------+---------------------------------------+-------+---------+----------╯

[PASS] invariant_fee_calculations_never_overflow() (runs: 256, calls: 128000, reverts: 8576)

╭------------------+---------------------------------------+-------+---------+----------╮
| Contract         | Selector                              | Calls | Reverts | Discards |
+=======================================================================================+
| SpendSaveHandler | advanceTime                           | 4562  | 0       | 0        |
|------------------+---------------------------------------+-------+---------+----------|
| SpendSaveHandler | attemptUnauthorizedFeeChange          | 4533  | 0       | 0        |
|------------------+---------------------------------------+-------+---------+----------|
| SpendSaveHandler | attemptUnauthorizedModuleRegistration | 4552  | 0       | 0        |
|------------------+---------------------------------------+-------+---------+----------|
| SpendSaveHandler | attemptUnauthorizedTreasuryChange     | 4521  | 0       | 0        |
|------------------+---------------------------------------+-------+---------+----------|
| SpendSaveHandler | burnTokens                            | 4615  | 3       | 0        |
|------------------+---------------------------------------+-------+---------+----------|
| SpendSaveHandler | configureDailySavings                 | 4673  | 3       | 0        |
|------------------+---------------------------------------+-------+---------+----------|
| SpendSaveHandler | configureStrategy                     | 4528  | 2       | 0        |
|------------------+---------------------------------------+-------+---------+----------|
| SpendSaveHandler | configureStrategyWithTracking         | 4552  | 3       | 0        |
|------------------+---------------------------------------+-------+---------+----------|
| SpendSaveHandler | disableDailySavings                   | 4603  | 4       | 0        |
|------------------+---------------------------------------+-------+---------+----------|
| SpendSaveHandler | enqueueDca                            | 4582  | 6       | 0        |
|------------------+---------------------------------------+-------+---------+----------|
| SpendSaveHandler | executeBatchDailySavings              | 4697  | 5       | 0        |
|------------------+---------------------------------------+-------+---------+----------|
| SpendSaveHandler | executeDailySavingsForToken           | 4516  | 5       | 0        |
|------------------+---------------------------------------+-------+---------+----------|
| SpendSaveHandler | executeDca                            | 4552  | 8       | 0        |
|------------------+---------------------------------------+-------+---------+----------|
| SpendSaveHandler | markDcaExecuted                       | 4546  | 4       | 0        |
|------------------+---------------------------------------+-------+---------+----------|
| SpendSaveHandler | processSavings                        | 4549  | 4236    | 0        |
|------------------+---------------------------------------+-------+---------+----------|
| SpendSaveHandler | processSavingsWithMint                | 4604  | 4253    | 0        |
|------------------+---------------------------------------+-------+---------+----------|
| SpendSaveHandler | registerToken                         | 4680  | 0       | 0        |
|------------------+---------------------------------------+-------+---------+----------|
| SpendSaveHandler | seedUser                              | 4550  | 0       | 0        |
|------------------+---------------------------------------+-------+---------+----------|
| SpendSaveHandler | setDefaultSlippage                    | 4509  | 0       | 0        |
|------------------+---------------------------------------+-------+---------+----------|
| SpendSaveHandler | setTokenSlippage                      | 4604  | 7       | 0        |
|------------------+---------------------------------------+-------+---------+----------|
| SpendSaveHandler | setTransientContextWithTracking       | 4497  | 7       | 0        |
|------------------+---------------------------------------+-------+---------+----------|
| SpendSaveHandler | setUserSlippage                       | 4621  | 7       | 0        |
|------------------+---------------------------------------+-------+---------+----------|
| SpendSaveHandler | setWithdrawalTimelock                 | 4518  | 6       | 0        |
|------------------+---------------------------------------+-------+---------+----------|
| SpendSaveHandler | trackModuleModification               | 4444  | 0       | 0        |
|------------------+---------------------------------------+-------+---------+----------|
| SpendSaveHandler | transferToken                         | 4646  | 0       | 0        |
|------------------+---------------------------------------+-------+---------+----------|
| SpendSaveHandler | updateDailyExecution                  | 4583  | 6       | 0        |
|------------------+---------------------------------------+-------+---------+----------|
| SpendSaveHandler | withdraw                              | 4560  | 4       | 0        |
|------------------+---------------------------------------+-------+---------+----------|
| SpendSaveHandler | withdrawDailySavings                  | 4603  | 7       | 0        |
╰------------------+---------------------------------------+-------+---------+----------╯

[PASS] invariant_percentage_calculations_bounded() (runs: 256, calls: 128000, reverts: 8575)

╭------------------+---------------------------------------+-------+---------+----------╮
| Contract         | Selector                              | Calls | Reverts | Discards |
+=======================================================================================+
| SpendSaveHandler | advanceTime                           | 4562  | 0       | 0        |
|------------------+---------------------------------------+-------+---------+----------|
| SpendSaveHandler | attemptUnauthorizedFeeChange          | 4533  | 0       | 0        |
|------------------+---------------------------------------+-------+---------+----------|
| SpendSaveHandler | attemptUnauthorizedModuleRegistration | 4552  | 0       | 0        |
|------------------+---------------------------------------+-------+---------+----------|
| SpendSaveHandler | attemptUnauthorizedTreasuryChange     | 4521  | 0       | 0        |
|------------------+---------------------------------------+-------+---------+----------|
| SpendSaveHandler | burnTokens                            | 4615  | 3       | 0        |
|------------------+---------------------------------------+-------+---------+----------|
| SpendSaveHandler | configureDailySavings                 | 4673  | 3       | 0        |
|------------------+---------------------------------------+-------+---------+----------|
| SpendSaveHandler | configureStrategy                     | 4528  | 2       | 0        |
|------------------+---------------------------------------+-------+---------+----------|
| SpendSaveHandler | configureStrategyWithTracking         | 4552  | 3       | 0        |
|------------------+---------------------------------------+-------+---------+----------|
| SpendSaveHandler | disableDailySavings                   | 4603  | 4       | 0        |
|------------------+---------------------------------------+-------+---------+----------|
| SpendSaveHandler | enqueueDca                            | 4582  | 6       | 0        |
|------------------+---------------------------------------+-------+---------+----------|
| SpendSaveHandler | executeBatchDailySavings              | 4697  | 5       | 0        |
|------------------+---------------------------------------+-------+---------+----------|
| SpendSaveHandler | executeDailySavingsForToken           | 4516  | 5       | 0        |
|------------------+---------------------------------------+-------+---------+----------|
| SpendSaveHandler | executeDca                            | 4552  | 8       | 0        |
|------------------+---------------------------------------+-------+---------+----------|
| SpendSaveHandler | markDcaExecuted                       | 4546  | 4       | 0        |
|------------------+---------------------------------------+-------+---------+----------|
| SpendSaveHandler | processSavings                        | 4549  | 4236    | 0        |
|------------------+---------------------------------------+-------+---------+----------|
| SpendSaveHandler | processSavingsWithMint                | 4604  | 4253    | 0        |
|------------------+---------------------------------------+-------+---------+----------|
| SpendSaveHandler | registerToken                         | 4680  | 0       | 0        |
|------------------+---------------------------------------+-------+---------+----------|
| SpendSaveHandler | seedUser                              | 4550  | 0       | 0        |
|------------------+---------------------------------------+-------+---------+----------|
| SpendSaveHandler | setDefaultSlippage                    | 4509  | 0       | 0        |
|------------------+---------------------------------------+-------+---------+----------|
| SpendSaveHandler | setTokenSlippage                      | 4604  | 7       | 0        |
|------------------+---------------------------------------+-------+---------+----------|
| SpendSaveHandler | setTransientContextWithTracking       | 4497  | 7       | 0        |
|------------------+---------------------------------------+-------+---------+----------|
| SpendSaveHandler | setUserSlippage                       | 4621  | 7       | 0        |
|------------------+---------------------------------------+-------+---------+----------|
| SpendSaveHandler | setWithdrawalTimelock                 | 4518  | 6       | 0        |
|------------------+---------------------------------------+-------+---------+----------|
| SpendSaveHandler | trackModuleModification               | 4444  | 0       | 0        |
|------------------+---------------------------------------+-------+---------+----------|
| SpendSaveHandler | transferToken                         | 4646  | 0       | 0        |
|------------------+---------------------------------------+-------+---------+----------|
| SpendSaveHandler | updateDailyExecution                  | 4583  | 6       | 0        |
|------------------+---------------------------------------+-------+---------+----------|
| SpendSaveHandler | withdraw                              | 4560  | 3       | 0        |
|------------------+---------------------------------------+-------+---------+----------|
| SpendSaveHandler | withdrawDailySavings                  | 4603  | 7       | 0        |
╰------------------+---------------------------------------+-------+---------+----------╯

[PASS] invariant_savings_processing_conserves_value() (runs: 256, calls: 128000, reverts: 8575)

╭------------------+---------------------------------------+-------+---------+----------╮
| Contract         | Selector                              | Calls | Reverts | Discards |
+=======================================================================================+
| SpendSaveHandler | advanceTime                           | 4562  | 0       | 0        |
|------------------+---------------------------------------+-------+---------+----------|
| SpendSaveHandler | attemptUnauthorizedFeeChange          | 4533  | 0       | 0        |
|------------------+---------------------------------------+-------+---------+----------|
| SpendSaveHandler | attemptUnauthorizedModuleRegistration | 4552  | 0       | 0        |
|------------------+---------------------------------------+-------+---------+----------|
| SpendSaveHandler | attemptUnauthorizedTreasuryChange     | 4521  | 0       | 0        |
|------------------+---------------------------------------+-------+---------+----------|
| SpendSaveHandler | burnTokens                            | 4615  | 3       | 0        |
|------------------+---------------------------------------+-------+---------+----------|
| SpendSaveHandler | configureDailySavings                 | 4673  | 3       | 0        |
|------------------+---------------------------------------+-------+---------+----------|
| SpendSaveHandler | configureStrategy                     | 4528  | 2       | 0        |
|------------------+---------------------------------------+-------+---------+----------|
| SpendSaveHandler | configureStrategyWithTracking         | 4552  | 3       | 0        |
|------------------+---------------------------------------+-------+---------+----------|
| SpendSaveHandler | disableDailySavings                   | 4603  | 4       | 0        |
|------------------+---------------------------------------+-------+---------+----------|
| SpendSaveHandler | enqueueDca                            | 4582  | 6       | 0        |
|------------------+---------------------------------------+-------+---------+----------|
| SpendSaveHandler | executeBatchDailySavings              | 4697  | 5       | 0        |
|------------------+---------------------------------------+-------+---------+----------|
| SpendSaveHandler | executeDailySavingsForToken           | 4516  | 5       | 0        |
|------------------+---------------------------------------+-------+---------+----------|
| SpendSaveHandler | executeDca                            | 4552  | 8       | 0        |
|------------------+---------------------------------------+-------+---------+----------|
| SpendSaveHandler | markDcaExecuted                       | 4546  | 4       | 0        |
|------------------+---------------------------------------+-------+---------+----------|
| SpendSaveHandler | processSavings                        | 4549  | 4236    | 0        |
|------------------+---------------------------------------+-------+---------+----------|
| SpendSaveHandler | processSavingsWithMint                | 4604  | 4253    | 0        |
|------------------+---------------------------------------+-------+---------+----------|
| SpendSaveHandler | registerToken                         | 4680  | 0       | 0        |
|------------------+---------------------------------------+-------+---------+----------|
| SpendSaveHandler | seedUser                              | 4550  | 0       | 0        |
|------------------+---------------------------------------+-------+---------+----------|
| SpendSaveHandler | setDefaultSlippage                    | 4509  | 0       | 0        |
|------------------+---------------------------------------+-------+---------+----------|
| SpendSaveHandler | setTokenSlippage                      | 4604  | 7       | 0        |
|------------------+---------------------------------------+-------+---------+----------|
| SpendSaveHandler | setTransientContextWithTracking       | 4497  | 7       | 0        |
|------------------+---------------------------------------+-------+---------+----------|
| SpendSaveHandler | setUserSlippage                       | 4621  | 7       | 0        |
|------------------+---------------------------------------+-------+---------+----------|
| SpendSaveHandler | setWithdrawalTimelock                 | 4518  | 6       | 0        |
|------------------+---------------------------------------+-------+---------+----------|
| SpendSaveHandler | trackModuleModification               | 4444  | 0       | 0        |
|------------------+---------------------------------------+-------+---------+----------|
| SpendSaveHandler | transferToken                         | 4646  | 0       | 0        |
|------------------+---------------------------------------+-------+---------+----------|
| SpendSaveHandler | updateDailyExecution                  | 4583  | 6       | 0        |
|------------------+---------------------------------------+-------+---------+----------|
| SpendSaveHandler | withdraw                              | 4560  | 3       | 0        |
|------------------+---------------------------------------+-------+---------+----------|
| SpendSaveHandler | withdrawDailySavings                  | 4603  | 7       | 0        |
╰------------------+---------------------------------------+-------+---------+----------╯

Suite result: ok. 4 passed; 0 failed; 0 skipped; finished in 3690.12s (6232.12s CPU time)
Warning: Failure from "/Users/mac/mySpendSaveHook/cache/invariant/failures/ERC6909Invariants/invariant_erc6909_total_supply_equals_balances" file was ignored because test contract bytecode has changed.

Ran 10 tests for test/invariant/SpendSaveInvariant.t.sol:SpendSaveInvariantTest
[PASS] invariant_daily_execution_monotonic() (runs: 256, calls: 128000, reverts: 148)

╭------------------+---------------------------------------+-------+---------+----------╮
| Contract         | Selector                              | Calls | Reverts | Discards |
+=======================================================================================+
| SpendSaveHandler | advanceTime                           | 5101  | 0       | 0        |
|------------------+---------------------------------------+-------+---------+----------|
| SpendSaveHandler | attemptUnauthorizedFeeChange          | 4918  | 0       | 0        |
|------------------+---------------------------------------+-------+---------+----------|
| SpendSaveHandler | attemptUnauthorizedModuleRegistration | 4916  | 0       | 0        |
|------------------+---------------------------------------+-------+---------+----------|
| SpendSaveHandler | attemptUnauthorizedTreasuryChange     | 5014  | 0       | 0        |
|------------------+---------------------------------------+-------+---------+----------|
| SpendSaveHandler | burnTokens                            | 4920  | 9       | 0        |
|------------------+---------------------------------------+-------+---------+----------|
| SpendSaveHandler | configureDailySavings                 | 4874  | 11      | 0        |
|------------------+---------------------------------------+-------+---------+----------|
| SpendSaveHandler | configureStrategy                     | 4893  | 11      | 0        |
|------------------+---------------------------------------+-------+---------+----------|
| SpendSaveHandler | configureStrategyWithTracking         | 4938  | 11      | 0        |
|------------------+---------------------------------------+-------+---------+----------|
| SpendSaveHandler | enqueueDca                            | 4834  | 4       | 0        |
|------------------+---------------------------------------+-------+---------+----------|
| SpendSaveHandler | executeDca                            | 4766  | 12      | 0        |
|------------------+---------------------------------------+-------+---------+----------|
| SpendSaveHandler | markDcaExecuted                       | 4861  | 9       | 0        |
|------------------+---------------------------------------+-------+---------+----------|
| SpendSaveHandler | processSavings                        | 4952  | 9       | 0        |
|------------------+---------------------------------------+-------+---------+----------|
| SpendSaveHandler | processSavingsFromOutput              | 4940  | 11      | 0        |
|------------------+---------------------------------------+-------+---------+----------|
| SpendSaveHandler | processSavingsToSpecificToken         | 4804  | 9       | 0        |
|------------------+---------------------------------------+-------+---------+----------|
| SpendSaveHandler | processSavingsWithMint                | 4946  | 2       | 0        |
|------------------+---------------------------------------+-------+---------+----------|
| SpendSaveHandler | registerToken                         | 4929  | 0       | 0        |
|------------------+---------------------------------------+-------+---------+----------|
| SpendSaveHandler | seedUser                              | 4972  | 0       | 0        |
|------------------+---------------------------------------+-------+---------+----------|
| SpendSaveHandler | setDefaultSlippage                    | 4923  | 0       | 0        |
|------------------+---------------------------------------+-------+---------+----------|
| SpendSaveHandler | setTokenSlippage                      | 4907  | 7       | 0        |
|------------------+---------------------------------------+-------+---------+----------|
| SpendSaveHandler | setTransientContextWithTracking       | 5059  | 8       | 0        |
|------------------+---------------------------------------+-------+---------+----------|
| SpendSaveHandler | setUserSlippage                       | 4964  | 8       | 0        |
|------------------+---------------------------------------+-------+---------+----------|
| SpendSaveHandler | setWithdrawalTimelock                 | 4915  | 7       | 0        |
|------------------+---------------------------------------+-------+---------+----------|
| SpendSaveHandler | trackModuleModification               | 5012  | 0       | 0        |
|------------------+---------------------------------------+-------+---------+----------|
| SpendSaveHandler | transferToken                         | 4850  | 0       | 0        |
|------------------+---------------------------------------+-------+---------+----------|
| SpendSaveHandler | updateDailyExecution                  | 4902  | 15      | 0        |
|------------------+---------------------------------------+-------+---------+----------|
| SpendSaveHandler | withdraw                              | 4890  | 5       | 0        |
╰------------------+---------------------------------------+-------+---------+----------╯

[PASS] invariant_dca_queue_consistency() (runs: 256, calls: 128000, reverts: 146)

╭------------------+---------------------------------------+-------+---------+----------╮
| Contract         | Selector                              | Calls | Reverts | Discards |
+=======================================================================================+
| SpendSaveHandler | advanceTime                           | 5101  | 0       | 0        |
|------------------+---------------------------------------+-------+---------+----------|
| SpendSaveHandler | attemptUnauthorizedFeeChange          | 4918  | 0       | 0        |
|------------------+---------------------------------------+-------+---------+----------|
| SpendSaveHandler | attemptUnauthorizedModuleRegistration | 4916  | 0       | 0        |
|------------------+---------------------------------------+-------+---------+----------|
| SpendSaveHandler | attemptUnauthorizedTreasuryChange     | 5014  | 0       | 0        |
|------------------+---------------------------------------+-------+---------+----------|
| SpendSaveHandler | burnTokens                            | 4920  | 9       | 0        |
|------------------+---------------------------------------+-------+---------+----------|
| SpendSaveHandler | configureDailySavings                 | 4874  | 11      | 0        |
|------------------+---------------------------------------+-------+---------+----------|
| SpendSaveHandler | configureStrategy                     | 4893  | 11      | 0        |
|------------------+---------------------------------------+-------+---------+----------|
| SpendSaveHandler | configureStrategyWithTracking         | 4938  | 10      | 0        |
|------------------+---------------------------------------+-------+---------+----------|
| SpendSaveHandler | enqueueDca                            | 4834  | 4       | 0        |
|------------------+---------------------------------------+-------+---------+----------|
| SpendSaveHandler | executeDca                            | 4766  | 12      | 0        |
|------------------+---------------------------------------+-------+---------+----------|
| SpendSaveHandler | markDcaExecuted                       | 4861  | 9       | 0        |
|------------------+---------------------------------------+-------+---------+----------|
| SpendSaveHandler | processSavings                        | 4952  | 9       | 0        |
|------------------+---------------------------------------+-------+---------+----------|
| SpendSaveHandler | processSavingsFromOutput              | 4940  | 11      | 0        |
|------------------+---------------------------------------+-------+---------+----------|
| SpendSaveHandler | processSavingsToSpecificToken         | 4804  | 8       | 0        |
|------------------+---------------------------------------+-------+---------+----------|
| SpendSaveHandler | processSavingsWithMint                | 4946  | 2       | 0        |
|------------------+---------------------------------------+-------+---------+----------|
| SpendSaveHandler | registerToken                         | 4929  | 0       | 0        |
|------------------+---------------------------------------+-------+---------+----------|
| SpendSaveHandler | seedUser                              | 4972  | 0       | 0        |
|------------------+---------------------------------------+-------+---------+----------|
| SpendSaveHandler | setDefaultSlippage                    | 4923  | 0       | 0        |
|------------------+---------------------------------------+-------+---------+----------|
| SpendSaveHandler | setTokenSlippage                      | 4907  | 7       | 0        |
|------------------+---------------------------------------+-------+---------+----------|
| SpendSaveHandler | setTransientContextWithTracking       | 5059  | 8       | 0        |
|------------------+---------------------------------------+-------+---------+----------|
| SpendSaveHandler | setUserSlippage                       | 4964  | 8       | 0        |
|------------------+---------------------------------------+-------+---------+----------|
| SpendSaveHandler | setWithdrawalTimelock                 | 4915  | 7       | 0        |
|------------------+---------------------------------------+-------+---------+----------|
| SpendSaveHandler | trackModuleModification               | 5012  | 0       | 0        |
|------------------+---------------------------------------+-------+---------+----------|
| SpendSaveHandler | transferToken                         | 4850  | 0       | 0        |
|------------------+---------------------------------------+-------+---------+----------|
| SpendSaveHandler | updateDailyExecution                  | 4902  | 15      | 0        |
|------------------+---------------------------------------+-------+---------+----------|
| SpendSaveHandler | withdraw                              | 4890  | 5       | 0        |
╰------------------+---------------------------------------+-------+---------+----------╯

[PASS] invariant_erc6909_supply_matches_savings() (runs: 256, calls: 128000, reverts: 146)

╭------------------+---------------------------------------+-------+---------+----------╮
| Contract         | Selector                              | Calls | Reverts | Discards |
+=======================================================================================+
| SpendSaveHandler | advanceTime                           | 5101  | 0       | 0        |
|------------------+---------------------------------------+-------+---------+----------|
| SpendSaveHandler | attemptUnauthorizedFeeChange          | 4918  | 0       | 0        |
|------------------+---------------------------------------+-------+---------+----------|
| SpendSaveHandler | attemptUnauthorizedModuleRegistration | 4916  | 0       | 0        |
|------------------+---------------------------------------+-------+---------+----------|
| SpendSaveHandler | attemptUnauthorizedTreasuryChange     | 5014  | 0       | 0        |
|------------------+---------------------------------------+-------+---------+----------|
| SpendSaveHandler | burnTokens                            | 4920  | 9       | 0        |
|------------------+---------------------------------------+-------+---------+----------|
| SpendSaveHandler | configureDailySavings                 | 4874  | 11      | 0        |
|------------------+---------------------------------------+-------+---------+----------|
| SpendSaveHandler | configureStrategy                     | 4893  | 11      | 0        |
|------------------+---------------------------------------+-------+---------+----------|
| SpendSaveHandler | configureStrategyWithTracking         | 4938  | 10      | 0        |
|------------------+---------------------------------------+-------+---------+----------|
| SpendSaveHandler | enqueueDca                            | 4834  | 4       | 0        |
|------------------+---------------------------------------+-------+---------+----------|
| SpendSaveHandler | executeDca                            | 4766  | 12      | 0        |
|------------------+---------------------------------------+-------+---------+----------|
| SpendSaveHandler | markDcaExecuted                       | 4861  | 9       | 0        |
|------------------+---------------------------------------+-------+---------+----------|
| SpendSaveHandler | processSavings                        | 4952  | 9       | 0        |
|------------------+---------------------------------------+-------+---------+----------|
| SpendSaveHandler | processSavingsFromOutput              | 4940  | 11      | 0        |
|------------------+---------------------------------------+-------+---------+----------|
| SpendSaveHandler | processSavingsToSpecificToken         | 4804  | 8       | 0        |
|------------------+---------------------------------------+-------+---------+----------|
| SpendSaveHandler | processSavingsWithMint                | 4946  | 2       | 0        |
|------------------+---------------------------------------+-------+---------+----------|
| SpendSaveHandler | registerToken                         | 4929  | 0       | 0        |
|------------------+---------------------------------------+-------+---------+----------|
| SpendSaveHandler | seedUser                              | 4972  | 0       | 0        |
|------------------+---------------------------------------+-------+---------+----------|
| SpendSaveHandler | setDefaultSlippage                    | 4923  | 0       | 0        |
|------------------+---------------------------------------+-------+---------+----------|
| SpendSaveHandler | setTokenSlippage                      | 4907  | 7       | 0        |
|------------------+---------------------------------------+-------+---------+----------|
| SpendSaveHandler | setTransientContextWithTracking       | 5059  | 8       | 0        |
|------------------+---------------------------------------+-------+---------+----------|
| SpendSaveHandler | setUserSlippage                       | 4964  | 8       | 0        |
|------------------+---------------------------------------+-------+---------+----------|
| SpendSaveHandler | setWithdrawalTimelock                 | 4915  | 7       | 0        |
|------------------+---------------------------------------+-------+---------+----------|
| SpendSaveHandler | trackModuleModification               | 5012  | 0       | 0        |
|------------------+---------------------------------------+-------+---------+----------|
| SpendSaveHandler | transferToken                         | 4850  | 0       | 0        |
|------------------+---------------------------------------+-------+---------+----------|
| SpendSaveHandler | updateDailyExecution                  | 4902  | 15      | 0        |
|------------------+---------------------------------------+-------+---------+----------|
| SpendSaveHandler | withdraw                              | 4890  | 5       | 0        |
╰------------------+---------------------------------------+-------+---------+----------╯

[PASS] invariant_module_registry_consistency() (runs: 256, calls: 128000, reverts: 146)

╭------------------+---------------------------------------+-------+---------+----------╮
| Contract         | Selector                              | Calls | Reverts | Discards |
+=======================================================================================+
| SpendSaveHandler | advanceTime                           | 5101  | 0       | 0        |
|------------------+---------------------------------------+-------+---------+----------|
| SpendSaveHandler | attemptUnauthorizedFeeChange          | 4918  | 0       | 0        |
|------------------+---------------------------------------+-------+---------+----------|
| SpendSaveHandler | attemptUnauthorizedModuleRegistration | 4916  | 0       | 0        |
|------------------+---------------------------------------+-------+---------+----------|
| SpendSaveHandler | attemptUnauthorizedTreasuryChange     | 5014  | 0       | 0        |
|------------------+---------------------------------------+-------+---------+----------|
| SpendSaveHandler | burnTokens                            | 4920  | 9       | 0        |
|------------------+---------------------------------------+-------+---------+----------|
| SpendSaveHandler | configureDailySavings                 | 4874  | 11      | 0        |
|------------------+---------------------------------------+-------+---------+----------|
| SpendSaveHandler | configureStrategy                     | 4893  | 11      | 0        |
|------------------+---------------------------------------+-------+---------+----------|
| SpendSaveHandler | configureStrategyWithTracking         | 4938  | 10      | 0        |
|------------------+---------------------------------------+-------+---------+----------|
| SpendSaveHandler | enqueueDca                            | 4834  | 4       | 0        |
|------------------+---------------------------------------+-------+---------+----------|
| SpendSaveHandler | executeDca                            | 4766  | 12      | 0        |
|------------------+---------------------------------------+-------+---------+----------|
| SpendSaveHandler | markDcaExecuted                       | 4861  | 9       | 0        |
|------------------+---------------------------------------+-------+---------+----------|
| SpendSaveHandler | processSavings                        | 4952  | 9       | 0        |
|------------------+---------------------------------------+-------+---------+----------|
| SpendSaveHandler | processSavingsFromOutput              | 4940  | 11      | 0        |
|------------------+---------------------------------------+-------+---------+----------|
| SpendSaveHandler | processSavingsToSpecificToken         | 4804  | 8       | 0        |
|------------------+---------------------------------------+-------+---------+----------|
| SpendSaveHandler | processSavingsWithMint                | 4946  | 2       | 0        |
|------------------+---------------------------------------+-------+---------+----------|
| SpendSaveHandler | registerToken                         | 4929  | 0       | 0        |
|------------------+---------------------------------------+-------+---------+----------|
| SpendSaveHandler | seedUser                              | 4972  | 0       | 0        |
|------------------+---------------------------------------+-------+---------+----------|
| SpendSaveHandler | setDefaultSlippage                    | 4923  | 0       | 0        |
|------------------+---------------------------------------+-------+---------+----------|
| SpendSaveHandler | setTokenSlippage                      | 4907  | 7       | 0        |
|------------------+---------------------------------------+-------+---------+----------|
| SpendSaveHandler | setTransientContextWithTracking       | 5059  | 8       | 0        |
|------------------+---------------------------------------+-------+---------+----------|
| SpendSaveHandler | setUserSlippage                       | 4964  | 8       | 0        |
|------------------+---------------------------------------+-------+---------+----------|
| SpendSaveHandler | setWithdrawalTimelock                 | 4915  | 7       | 0        |
|------------------+---------------------------------------+-------+---------+----------|
| SpendSaveHandler | trackModuleModification               | 5012  | 0       | 0        |
|------------------+---------------------------------------+-------+---------+----------|
| SpendSaveHandler | transferToken                         | 4850  | 0       | 0        |
|------------------+---------------------------------------+-------+---------+----------|
| SpendSaveHandler | updateDailyExecution                  | 4902  | 15      | 0        |
|------------------+---------------------------------------+-------+---------+----------|
| SpendSaveHandler | withdraw                              | 4890  | 5       | 0        |
╰------------------+---------------------------------------+-------+---------+----------╯

[PASS] invariant_owner_and_treasury_non_zero() (runs: 256, calls: 128000, reverts: 146)

╭------------------+---------------------------------------+-------+---------+----------╮
| Contract         | Selector                              | Calls | Reverts | Discards |
+=======================================================================================+
| SpendSaveHandler | advanceTime                           | 5101  | 0       | 0        |
|------------------+---------------------------------------+-------+---------+----------|
| SpendSaveHandler | attemptUnauthorizedFeeChange          | 4918  | 0       | 0        |
|------------------+---------------------------------------+-------+---------+----------|
| SpendSaveHandler | attemptUnauthorizedModuleRegistration | 4916  | 0       | 0        |
|------------------+---------------------------------------+-------+---------+----------|
| SpendSaveHandler | attemptUnauthorizedTreasuryChange     | 5014  | 0       | 0        |
|------------------+---------------------------------------+-------+---------+----------|
| SpendSaveHandler | burnTokens                            | 4920  | 9       | 0        |
|------------------+---------------------------------------+-------+---------+----------|
| SpendSaveHandler | configureDailySavings                 | 4874  | 11      | 0        |
|------------------+---------------------------------------+-------+---------+----------|
| SpendSaveHandler | configureStrategy                     | 4893  | 11      | 0        |
|------------------+---------------------------------------+-------+---------+----------|
| SpendSaveHandler | configureStrategyWithTracking         | 4938  | 10      | 0        |
|------------------+---------------------------------------+-------+---------+----------|
| SpendSaveHandler | enqueueDca                            | 4834  | 4       | 0        |
|------------------+---------------------------------------+-------+---------+----------|
| SpendSaveHandler | executeDca                            | 4766  | 12      | 0        |
|------------------+---------------------------------------+-------+---------+----------|
| SpendSaveHandler | markDcaExecuted                       | 4861  | 9       | 0        |
|------------------+---------------------------------------+-------+---------+----------|
| SpendSaveHandler | processSavings                        | 4952  | 9       | 0        |
|------------------+---------------------------------------+-------+---------+----------|
| SpendSaveHandler | processSavingsFromOutput              | 4940  | 11      | 0        |
|------------------+---------------------------------------+-------+---------+----------|
| SpendSaveHandler | processSavingsToSpecificToken         | 4804  | 8       | 0        |
|------------------+---------------------------------------+-------+---------+----------|
| SpendSaveHandler | processSavingsWithMint                | 4946  | 2       | 0        |
|------------------+---------------------------------------+-------+---------+----------|
| SpendSaveHandler | registerToken                         | 4929  | 0       | 0        |
|------------------+---------------------------------------+-------+---------+----------|
| SpendSaveHandler | seedUser                              | 4972  | 0       | 0        |
|------------------+---------------------------------------+-------+---------+----------|
| SpendSaveHandler | setDefaultSlippage                    | 4923  | 0       | 0        |
|------------------+---------------------------------------+-------+---------+----------|
| SpendSaveHandler | setTokenSlippage                      | 4907  | 7       | 0        |
|------------------+---------------------------------------+-------+---------+----------|
| SpendSaveHandler | setTransientContextWithTracking       | 5059  | 8       | 0        |
|------------------+---------------------------------------+-------+---------+----------|
| SpendSaveHandler | setUserSlippage                       | 4964  | 8       | 0        |
|------------------+---------------------------------------+-------+---------+----------|
| SpendSaveHandler | setWithdrawalTimelock                 | 4915  | 7       | 0        |
|------------------+---------------------------------------+-------+---------+----------|
| SpendSaveHandler | trackModuleModification               | 5012  | 0       | 0        |
|------------------+---------------------------------------+-------+---------+----------|
| SpendSaveHandler | transferToken                         | 4850  | 0       | 0        |
|------------------+---------------------------------------+-------+---------+----------|
| SpendSaveHandler | updateDailyExecution                  | 4902  | 15      | 0        |
|------------------+---------------------------------------+-------+---------+----------|
| SpendSaveHandler | withdraw                              | 4890  | 5       | 0        |
╰------------------+---------------------------------------+-------+---------+----------╯

[PASS] invariant_savings_accounting_matches_expectations() (runs: 256, calls: 128000, reverts: 146)

╭------------------+---------------------------------------+-------+---------+----------╮
| Contract         | Selector                              | Calls | Reverts | Discards |
+=======================================================================================+
| SpendSaveHandler | advanceTime                           | 5101  | 0       | 0        |
|------------------+---------------------------------------+-------+---------+----------|
| SpendSaveHandler | attemptUnauthorizedFeeChange          | 4918  | 0       | 0        |
|------------------+---------------------------------------+-------+---------+----------|
| SpendSaveHandler | attemptUnauthorizedModuleRegistration | 4916  | 0       | 0        |
|------------------+---------------------------------------+-------+---------+----------|
| SpendSaveHandler | attemptUnauthorizedTreasuryChange     | 5014  | 0       | 0        |
|------------------+---------------------------------------+-------+---------+----------|
| SpendSaveHandler | burnTokens                            | 4920  | 9       | 0        |
|------------------+---------------------------------------+-------+---------+----------|
| SpendSaveHandler | configureDailySavings                 | 4874  | 11      | 0        |
|------------------+---------------------------------------+-------+---------+----------|
| SpendSaveHandler | configureStrategy                     | 4893  | 11      | 0        |
|------------------+---------------------------------------+-------+---------+----------|
| SpendSaveHandler | configureStrategyWithTracking         | 4938  | 10      | 0        |
|------------------+---------------------------------------+-------+---------+----------|
| SpendSaveHandler | enqueueDca                            | 4834  | 4       | 0        |
|------------------+---------------------------------------+-------+---------+----------|
| SpendSaveHandler | executeDca                            | 4766  | 12      | 0        |
|------------------+---------------------------------------+-------+---------+----------|
| SpendSaveHandler | markDcaExecuted                       | 4861  | 9       | 0        |
|------------------+---------------------------------------+-------+---------+----------|
| SpendSaveHandler | processSavings                        | 4952  | 9       | 0        |
|------------------+---------------------------------------+-------+---------+----------|
| SpendSaveHandler | processSavingsFromOutput              | 4940  | 11      | 0        |
|------------------+---------------------------------------+-------+---------+----------|
| SpendSaveHandler | processSavingsToSpecificToken         | 4804  | 8       | 0        |
|------------------+---------------------------------------+-------+---------+----------|
| SpendSaveHandler | processSavingsWithMint                | 4946  | 2       | 0        |
|------------------+---------------------------------------+-------+---------+----------|
| SpendSaveHandler | registerToken                         | 4929  | 0       | 0        |
|------------------+---------------------------------------+-------+---------+----------|
| SpendSaveHandler | seedUser                              | 4972  | 0       | 0        |
|------------------+---------------------------------------+-------+---------+----------|
| SpendSaveHandler | setDefaultSlippage                    | 4923  | 0       | 0        |
|------------------+---------------------------------------+-------+---------+----------|
| SpendSaveHandler | setTokenSlippage                      | 4907  | 7       | 0        |
|------------------+---------------------------------------+-------+---------+----------|
| SpendSaveHandler | setTransientContextWithTracking       | 5059  | 8       | 0        |
|------------------+---------------------------------------+-------+---------+----------|
| SpendSaveHandler | setUserSlippage                       | 4964  | 8       | 0        |
|------------------+---------------------------------------+-------+---------+----------|
| SpendSaveHandler | setWithdrawalTimelock                 | 4915  | 7       | 0        |
|------------------+---------------------------------------+-------+---------+----------|
| SpendSaveHandler | trackModuleModification               | 5012  | 0       | 0        |
|------------------+---------------------------------------+-------+---------+----------|
| SpendSaveHandler | transferToken                         | 4850  | 0       | 0        |
|------------------+---------------------------------------+-------+---------+----------|
| SpendSaveHandler | updateDailyExecution                  | 4902  | 15      | 0        |
|------------------+---------------------------------------+-------+---------+----------|
| SpendSaveHandler | withdraw                              | 4890  | 5       | 0        |
╰------------------+---------------------------------------+-------+---------+----------╯

[PASS] invariant_slippage_bounds() (runs: 256, calls: 128000, reverts: 146)

╭------------------+---------------------------------------+-------+---------+----------╮
| Contract         | Selector                              | Calls | Reverts | Discards |
+=======================================================================================+
| SpendSaveHandler | advanceTime                           | 5101  | 0       | 0        |
|------------------+---------------------------------------+-------+---------+----------|
| SpendSaveHandler | attemptUnauthorizedFeeChange          | 4918  | 0       | 0        |
|------------------+---------------------------------------+-------+---------+----------|
| SpendSaveHandler | attemptUnauthorizedModuleRegistration | 4916  | 0       | 0        |
|------------------+---------------------------------------+-------+---------+----------|
| SpendSaveHandler | attemptUnauthorizedTreasuryChange     | 5014  | 0       | 0        |
|------------------+---------------------------------------+-------+---------+----------|
| SpendSaveHandler | burnTokens                            | 4920  | 9       | 0        |
|------------------+---------------------------------------+-------+---------+----------|
| SpendSaveHandler | configureDailySavings                 | 4874  | 11      | 0        |
|------------------+---------------------------------------+-------+---------+----------|
| SpendSaveHandler | configureStrategy                     | 4893  | 11      | 0        |
|------------------+---------------------------------------+-------+---------+----------|
| SpendSaveHandler | configureStrategyWithTracking         | 4938  | 10      | 0        |
|------------------+---------------------------------------+-------+---------+----------|
| SpendSaveHandler | enqueueDca                            | 4834  | 4       | 0        |
|------------------+---------------------------------------+-------+---------+----------|
| SpendSaveHandler | executeDca                            | 4766  | 12      | 0        |
|------------------+---------------------------------------+-------+---------+----------|
| SpendSaveHandler | markDcaExecuted                       | 4861  | 9       | 0        |
|------------------+---------------------------------------+-------+---------+----------|
| SpendSaveHandler | processSavings                        | 4952  | 9       | 0        |
|------------------+---------------------------------------+-------+---------+----------|
| SpendSaveHandler | processSavingsFromOutput              | 4940  | 11      | 0        |
|------------------+---------------------------------------+-------+---------+----------|
| SpendSaveHandler | processSavingsToSpecificToken         | 4804  | 8       | 0        |
|------------------+---------------------------------------+-------+---------+----------|
| SpendSaveHandler | processSavingsWithMint                | 4946  | 2       | 0        |
|------------------+---------------------------------------+-------+---------+----------|
| SpendSaveHandler | registerToken                         | 4929  | 0       | 0        |
|------------------+---------------------------------------+-------+---------+----------|
| SpendSaveHandler | seedUser                              | 4972  | 0       | 0        |
|------------------+---------------------------------------+-------+---------+----------|
| SpendSaveHandler | setDefaultSlippage                    | 4923  | 0       | 0        |
|------------------+---------------------------------------+-------+---------+----------|
| SpendSaveHandler | setTokenSlippage                      | 4907  | 7       | 0        |
|------------------+---------------------------------------+-------+---------+----------|
| SpendSaveHandler | setTransientContextWithTracking       | 5059  | 8       | 0        |
|------------------+---------------------------------------+-------+---------+----------|
| SpendSaveHandler | setUserSlippage                       | 4964  | 8       | 0        |
|------------------+---------------------------------------+-------+---------+----------|
| SpendSaveHandler | setWithdrawalTimelock                 | 4915  | 7       | 0        |
|------------------+---------------------------------------+-------+---------+----------|
| SpendSaveHandler | trackModuleModification               | 5012  | 0       | 0        |
|------------------+---------------------------------------+-------+---------+----------|
| SpendSaveHandler | transferToken                         | 4850  | 0       | 0        |
|------------------+---------------------------------------+-------+---------+----------|
| SpendSaveHandler | updateDailyExecution                  | 4902  | 15      | 0        |
|------------------+---------------------------------------+-------+---------+----------|
| SpendSaveHandler | withdraw                              | 4890  | 5       | 0        |
╰------------------+---------------------------------------+-------+---------+----------╯

[PASS] invariant_transient_context_cleared() (runs: 256, calls: 128000, reverts: 146)

╭------------------+---------------------------------------+-------+---------+----------╮
| Contract         | Selector                              | Calls | Reverts | Discards |
+=======================================================================================+
| SpendSaveHandler | advanceTime                           | 5101  | 0       | 0        |
|------------------+---------------------------------------+-------+---------+----------|
| SpendSaveHandler | attemptUnauthorizedFeeChange          | 4918  | 0       | 0        |
|------------------+---------------------------------------+-------+---------+----------|
| SpendSaveHandler | attemptUnauthorizedModuleRegistration | 4916  | 0       | 0        |
|------------------+---------------------------------------+-------+---------+----------|
| SpendSaveHandler | attemptUnauthorizedTreasuryChange     | 5014  | 0       | 0        |
|------------------+---------------------------------------+-------+---------+----------|
| SpendSaveHandler | burnTokens                            | 4920  | 9       | 0        |
|------------------+---------------------------------------+-------+---------+----------|
| SpendSaveHandler | configureDailySavings                 | 4874  | 11      | 0        |
|------------------+---------------------------------------+-------+---------+----------|
| SpendSaveHandler | configureStrategy                     | 4893  | 11      | 0        |
|------------------+---------------------------------------+-------+---------+----------|
| SpendSaveHandler | configureStrategyWithTracking         | 4938  | 10      | 0        |
|------------------+---------------------------------------+-------+---------+----------|
| SpendSaveHandler | enqueueDca                            | 4834  | 4       | 0        |
|------------------+---------------------------------------+-------+---------+----------|
| SpendSaveHandler | executeDca                            | 4766  | 12      | 0        |
|------------------+---------------------------------------+-------+---------+----------|
| SpendSaveHandler | markDcaExecuted                       | 4861  | 9       | 0        |
|------------------+---------------------------------------+-------+---------+----------|
| SpendSaveHandler | processSavings                        | 4952  | 9       | 0        |
|------------------+---------------------------------------+-------+---------+----------|
| SpendSaveHandler | processSavingsFromOutput              | 4940  | 11      | 0        |
|------------------+---------------------------------------+-------+---------+----------|
| SpendSaveHandler | processSavingsToSpecificToken         | 4804  | 8       | 0        |
|------------------+---------------------------------------+-------+---------+----------|
| SpendSaveHandler | processSavingsWithMint                | 4946  | 2       | 0        |
|------------------+---------------------------------------+-------+---------+----------|
| SpendSaveHandler | registerToken                         | 4929  | 0       | 0        |
|------------------+---------------------------------------+-------+---------+----------|
| SpendSaveHandler | seedUser                              | 4972  | 0       | 0        |
|------------------+---------------------------------------+-------+---------+----------|
| SpendSaveHandler | setDefaultSlippage                    | 4923  | 0       | 0        |
|------------------+---------------------------------------+-------+---------+----------|
| SpendSaveHandler | setTokenSlippage                      | 4907  | 7       | 0        |
|------------------+---------------------------------------+-------+---------+----------|
| SpendSaveHandler | setTransientContextWithTracking       | 5059  | 8       | 0        |
|------------------+---------------------------------------+-------+---------+----------|
| SpendSaveHandler | setUserSlippage                       | 4964  | 8       | 0        |
|------------------+---------------------------------------+-------+---------+----------|
| SpendSaveHandler | setWithdrawalTimelock                 | 4915  | 7       | 0        |
|------------------+---------------------------------------+-------+---------+----------|
| SpendSaveHandler | trackModuleModification               | 5012  | 0       | 0        |
|------------------+---------------------------------------+-------+---------+----------|
| SpendSaveHandler | transferToken                         | 4850  | 0       | 0        |
|------------------+---------------------------------------+-------+---------+----------|
| SpendSaveHandler | updateDailyExecution                  | 4902  | 15      | 0        |
|------------------+---------------------------------------+-------+---------+----------|
| SpendSaveHandler | withdraw                              | 4890  | 5       | 0        |
╰------------------+---------------------------------------+-------+---------+----------╯

[PASS] invariant_treasury_fee_bounds() (runs: 256, calls: 128000, reverts: 146)

╭------------------+---------------------------------------+-------+---------+----------╮
| Contract         | Selector                              | Calls | Reverts | Discards |
+=======================================================================================+
| SpendSaveHandler | advanceTime                           | 5101  | 0       | 0        |
|------------------+---------------------------------------+-------+---------+----------|
| SpendSaveHandler | attemptUnauthorizedFeeChange          | 4918  | 0       | 0        |
|------------------+---------------------------------------+-------+---------+----------|
| SpendSaveHandler | attemptUnauthorizedModuleRegistration | 4916  | 0       | 0        |
|------------------+---------------------------------------+-------+---------+----------|
| SpendSaveHandler | attemptUnauthorizedTreasuryChange     | 5014  | 0       | 0        |
|------------------+---------------------------------------+-------+---------+----------|
| SpendSaveHandler | burnTokens                            | 4920  | 9       | 0        |
|------------------+---------------------------------------+-------+---------+----------|
| SpendSaveHandler | configureDailySavings                 | 4874  | 11      | 0        |
|------------------+---------------------------------------+-------+---------+----------|
| SpendSaveHandler | configureStrategy                     | 4893  | 11      | 0        |
|------------------+---------------------------------------+-------+---------+----------|
| SpendSaveHandler | configureStrategyWithTracking         | 4938  | 10      | 0        |
|------------------+---------------------------------------+-------+---------+----------|
| SpendSaveHandler | enqueueDca                            | 4834  | 4       | 0        |
|------------------+---------------------------------------+-------+---------+----------|
| SpendSaveHandler | executeDca                            | 4766  | 12      | 0        |
|------------------+---------------------------------------+-------+---------+----------|
| SpendSaveHandler | markDcaExecuted                       | 4861  | 9       | 0        |
|------------------+---------------------------------------+-------+---------+----------|
| SpendSaveHandler | processSavings                        | 4952  | 9       | 0        |
|------------------+---------------------------------------+-------+---------+----------|
| SpendSaveHandler | processSavingsFromOutput              | 4940  | 11      | 0        |
|------------------+---------------------------------------+-------+---------+----------|
| SpendSaveHandler | processSavingsToSpecificToken         | 4804  | 8       | 0        |
|------------------+---------------------------------------+-------+---------+----------|
| SpendSaveHandler | processSavingsWithMint                | 4946  | 2       | 0        |
|------------------+---------------------------------------+-------+---------+----------|
| SpendSaveHandler | registerToken                         | 4929  | 0       | 0        |
|------------------+---------------------------------------+-------+---------+----------|
| SpendSaveHandler | seedUser                              | 4972  | 0       | 0        |
|------------------+---------------------------------------+-------+---------+----------|
| SpendSaveHandler | setDefaultSlippage                    | 4923  | 0       | 0        |
|------------------+---------------------------------------+-------+---------+----------|
| SpendSaveHandler | setTokenSlippage                      | 4907  | 7       | 0        |
|------------------+---------------------------------------+-------+---------+----------|
| SpendSaveHandler | setTransientContextWithTracking       | 5059  | 8       | 0        |
|------------------+---------------------------------------+-------+---------+----------|
| SpendSaveHandler | setUserSlippage                       | 4964  | 8       | 0        |
|------------------+---------------------------------------+-------+---------+----------|
| SpendSaveHandler | setWithdrawalTimelock                 | 4915  | 7       | 0        |
|------------------+---------------------------------------+-------+---------+----------|
| SpendSaveHandler | trackModuleModification               | 5012  | 0       | 0        |
|------------------+---------------------------------------+-------+---------+----------|
| SpendSaveHandler | transferToken                         | 4850  | 0       | 0        |
|------------------+---------------------------------------+-------+---------+----------|
| SpendSaveHandler | updateDailyExecution                  | 4902  | 15      | 0        |
|------------------+---------------------------------------+-------+---------+----------|
| SpendSaveHandler | withdraw                              | 4890  | 5       | 0        |
╰------------------+---------------------------------------+-------+---------+----------╯

[PASS] invariant_withdrawal_timelock_bounds() (runs: 256, calls: 128000, reverts: 146)

╭------------------+---------------------------------------+-------+---------+----------╮
| Contract         | Selector                              | Calls | Reverts | Discards |
+=======================================================================================+
| SpendSaveHandler | advanceTime                           | 5101  | 0       | 0        |
|------------------+---------------------------------------+-------+---------+----------|
| SpendSaveHandler | attemptUnauthorizedFeeChange          | 4918  | 0       | 0        |
|------------------+---------------------------------------+-------+---------+----------|
| SpendSaveHandler | attemptUnauthorizedModuleRegistration | 4916  | 0       | 0        |
|------------------+---------------------------------------+-------+---------+----------|
| SpendSaveHandler | attemptUnauthorizedTreasuryChange     | 5014  | 0       | 0        |
|------------------+---------------------------------------+-------+---------+----------|
| SpendSaveHandler | burnTokens                            | 4920  | 9       | 0        |
|------------------+---------------------------------------+-------+---------+----------|
| SpendSaveHandler | configureDailySavings                 | 4874  | 11      | 0        |
|------------------+---------------------------------------+-------+---------+----------|
| SpendSaveHandler | configureStrategy                     | 4893  | 11      | 0        |
|------------------+---------------------------------------+-------+---------+----------|
| SpendSaveHandler | configureStrategyWithTracking         | 4938  | 10      | 0        |
|------------------+---------------------------------------+-------+---------+----------|
| SpendSaveHandler | enqueueDca                            | 4834  | 4       | 0        |
|------------------+---------------------------------------+-------+---------+----------|
| SpendSaveHandler | executeDca                            | 4766  | 12      | 0        |
|------------------+---------------------------------------+-------+---------+----------|
| SpendSaveHandler | markDcaExecuted                       | 4861  | 9       | 0        |
|------------------+---------------------------------------+-------+---------+----------|
| SpendSaveHandler | processSavings                        | 4952  | 9       | 0        |
|------------------+---------------------------------------+-------+---------+----------|
| SpendSaveHandler | processSavingsFromOutput              | 4940  | 11      | 0        |
|------------------+---------------------------------------+-------+---------+----------|
| SpendSaveHandler | processSavingsToSpecificToken         | 4804  | 8       | 0        |
|------------------+---------------------------------------+-------+---------+----------|
| SpendSaveHandler | processSavingsWithMint                | 4946  | 2       | 0        |
|------------------+---------------------------------------+-------+---------+----------|
| SpendSaveHandler | registerToken                         | 4929  | 0       | 0        |
|------------------+---------------------------------------+-------+---------+----------|
| SpendSaveHandler | seedUser                              | 4972  | 0       | 0        |
|------------------+---------------------------------------+-------+---------+----------|
| SpendSaveHandler | setDefaultSlippage                    | 4923  | 0       | 0        |
|------------------+---------------------------------------+-------+---------+----------|
| SpendSaveHandler | setTokenSlippage                      | 4907  | 7       | 0        |
|------------------+---------------------------------------+-------+---------+----------|
| SpendSaveHandler | setTransientContextWithTracking       | 5059  | 8       | 0        |
|------------------+---------------------------------------+-------+---------+----------|
| SpendSaveHandler | setUserSlippage                       | 4964  | 8       | 0        |
|------------------+---------------------------------------+-------+---------+----------|
| SpendSaveHandler | setWithdrawalTimelock                 | 4915  | 7       | 0        |
|------------------+---------------------------------------+-------+---------+----------|
| SpendSaveHandler | trackModuleModification               | 5012  | 0       | 0        |
|------------------+---------------------------------------+-------+---------+----------|
| SpendSaveHandler | transferToken                         | 4850  | 0       | 0        |
|------------------+---------------------------------------+-------+---------+----------|
| SpendSaveHandler | updateDailyExecution                  | 4902  | 15      | 0        |
|------------------+---------------------------------------+-------+---------+----------|
| SpendSaveHandler | withdraw                              | 4890  | 5       | 0        |
╰------------------+---------------------------------------+-------+---------+----------╯

Suite result: ok. 10 passed; 0 failed; 0 skipped; finished in 2665.17s (11366.46s CPU time)

Ran 4 tests for test/invariant/TokenFuzz.t.sol:TokenFuzz
[PASS] testFuzz_tokenApprovalAmount(uint256,uint256) (runs: 256, μ: 6407, ~: 5569)
[PASS] testFuzz_tokenBurnAmount(uint256,uint256) (runs: 256, μ: 7277, ~: 7555)
[PASS] testFuzz_tokenOperatorPermissions(bool) (runs: 256, μ: 579, ~: 576)
[PASS] testFuzz_tokenTransferAmount(uint256,uint256) (runs: 256, μ: 7257, ~: 7535)
Suite result: ok. 4 passed; 0 failed; 0 skipped; finished in 2667.28s (2667.37s CPU time)

Ran 11 tests for test/invariant/DailySavingsInvariants.t.sol:DailySavingsInvariants
[FAIL: Excessive gas usage in batch: 102244 > 100000]
	[Sequence] (original: 373, shrunk: 8)
		sender=0x000000000000000000000000000000000000148b addr=[test/invariant/BaseInvariantTest.sol:SpendSaveHandler]0x3D7Ebc40AF7092E3F1C81F2e996cbA5Cae2090d7 calldata=seedUser(uint256) args=[4492571405372692354780054190234749880900037408009821355222 [4.492e57]]
		sender=0x29a8472041970b36432ef1fFf5bFa320C23B99B3 addr=[test/invariant/BaseInvariantTest.sol:SpendSaveHandler]0x3D7Ebc40AF7092E3F1C81F2e996cbA5Cae2090d7 calldata=configureDailySavings(uint256,uint256,uint256) args=[4283609906209324466831862218543208746195662887886514075067122437 [4.283e63], 111648180653 [1.116e11], 3]
		sender=0xd9aAEc86B65D86f6A7B5B1b0c42FFA531710b6CA addr=[test/invariant/BaseInvariantTest.sol:SpendSaveHandler]0x3D7Ebc40AF7092E3F1C81F2e996cbA5Cae2090d7 calldata=configureDailySavings(uint256,uint256,uint256) args=[16, 17347 [1.734e4], 32]
		sender=0xd9aAEc86B65D86f6A7B5B1b0c42FFA531710b6CA addr=[test/invariant/BaseInvariantTest.sol:SpendSaveHandler]0x3D7Ebc40AF7092E3F1C81F2e996cbA5Cae2090d7 calldata=advanceTime(uint256) args=[482662388395092928245387622888187162530516336171967715706 [4.826e56]]
		sender=0x833589fCD6eDb6E08f4c7C32D4f71b54bdA02913 addr=[test/invariant/BaseInvariantTest.sol:SpendSaveHandler]0x3D7Ebc40AF7092E3F1C81F2e996cbA5Cae2090d7 calldata=executeDailySavingsForToken(uint256,uint256) args=[9000, 3725544923 [3.725e9]]
		sender=0x2Ae3F1Ec7F1F5012CFEab0185bfc7aa3cf0DEc22 addr=[test/invariant/BaseInvariantTest.sol:SpendSaveHandler]0x3D7Ebc40AF7092E3F1C81F2e996cbA5Cae2090d7 calldata=executeDailySavingsForToken(uint256,uint256) args=[75000000000000000000 [7.5e19], 25]
		sender=0x036CbD53842c5426634e7929541eC2318f3dCF7e addr=[test/invariant/BaseInvariantTest.sol:SpendSaveHandler]0x3D7Ebc40AF7092E3F1C81F2e996cbA5Cae2090d7 calldata=advanceTime(uint256) args=[600000 [6e5]]
		sender=0x50c5725949A6F0c72E6C4a641F24049A917DB0Cb addr=[test/invariant/BaseInvariantTest.sol:SpendSaveHandler]0x3D7Ebc40AF7092E3F1C81F2e996cbA5Cae2090d7 calldata=executeBatchDailySavings(uint256) args=[1]
 invariant_batch_processing_consistent() (runs: 105, calls: 52500, reverts: 3486)

╭------------------+---------------------------------------+-------+---------+----------╮
| Contract         | Selector                              | Calls | Reverts | Discards |
+=======================================================================================+
| SpendSaveHandler | advanceTime                           | 1839  | 0       | 0        |
|------------------+---------------------------------------+-------+---------+----------|
| SpendSaveHandler | attemptUnauthorizedFeeChange          | 1896  | 0       | 0        |
|------------------+---------------------------------------+-------+---------+----------|
| SpendSaveHandler | attemptUnauthorizedModuleRegistration | 1895  | 0       | 0        |
|------------------+---------------------------------------+-------+---------+----------|
| SpendSaveHandler | attemptUnauthorizedTreasuryChange     | 1908  | 0       | 0        |
|------------------+---------------------------------------+-------+---------+----------|
| SpendSaveHandler | burnTokens                            | 1931  | 1       | 0        |
|------------------+---------------------------------------+-------+---------+----------|
| SpendSaveHandler | configureDailySavings                 | 1889  | 2       | 0        |
|------------------+---------------------------------------+-------+---------+----------|
| SpendSaveHandler | configureStrategy                     | 1851  | 1       | 0        |
|------------------+---------------------------------------+-------+---------+----------|
| SpendSaveHandler | configureStrategyWithTracking         | 1914  | 1       | 0        |
|------------------+---------------------------------------+-------+---------+----------|
| SpendSaveHandler | disableDailySavings                   | 1878  | 1       | 0        |
|------------------+---------------------------------------+-------+---------+----------|
| SpendSaveHandler | enqueueDca                            | 1923  | 5       | 0        |
|------------------+---------------------------------------+-------+---------+----------|
| SpendSaveHandler | executeBatchDailySavings              | 1958  | 2       | 0        |
|------------------+---------------------------------------+-------+---------+----------|
| SpendSaveHandler | executeDailySavingsForToken           | 1836  | 2       | 0        |
|------------------+---------------------------------------+-------+---------+----------|
| SpendSaveHandler | executeDca                            | 1894  | 2       | 0        |
|------------------+---------------------------------------+-------+---------+----------|
| SpendSaveHandler | markDcaExecuted                       | 1882  | 2       | 0        |
|------------------+---------------------------------------+-------+---------+----------|
| SpendSaveHandler | processSavings                        | 1859  | 1725    | 0        |
|------------------+---------------------------------------+-------+---------+----------|
| SpendSaveHandler | processSavingsWithMint                | 1844  | 1724    | 0        |
|------------------+---------------------------------------+-------+---------+----------|
| SpendSaveHandler | registerToken                         | 1916  | 0       | 0        |
|------------------+---------------------------------------+-------+---------+----------|
| SpendSaveHandler | seedUser                              | 1809  | 0       | 0        |
|------------------+---------------------------------------+-------+---------+----------|
| SpendSaveHandler | setDefaultSlippage                    | 1822  | 0       | 0        |
|------------------+---------------------------------------+-------+---------+----------|
| SpendSaveHandler | setTokenSlippage                      | 1954  | 2       | 0        |
|------------------+---------------------------------------+-------+---------+----------|
| SpendSaveHandler | setTransientContextWithTracking       | 1848  | 2       | 0        |
|------------------+---------------------------------------+-------+---------+----------|
| SpendSaveHandler | setUserSlippage                       | 1952  | 4       | 0        |
|------------------+---------------------------------------+-------+---------+----------|
| SpendSaveHandler | setWithdrawalTimelock                 | 1941  | 2       | 0        |
|------------------+---------------------------------------+-------+---------+----------|
| SpendSaveHandler | trackModuleModification               | 1841  | 0       | 0        |
|------------------+---------------------------------------+-------+---------+----------|
| SpendSaveHandler | transferToken                         | 1945  | 0       | 0        |
|------------------+---------------------------------------+-------+---------+----------|
| SpendSaveHandler | updateDailyExecution                  | 1907  | 3       | 0        |
|------------------+---------------------------------------+-------+---------+----------|
| SpendSaveHandler | withdraw                              | 1908  | 1       | 0        |
|------------------+---------------------------------------+-------+---------+----------|
| SpendSaveHandler | withdrawDailySavings                  | 1864  | 4       | 0        |
╰------------------+---------------------------------------+-------+---------+----------╯

[PASS] invariant_daily_amounts_accumulate() (runs: 256, calls: 128000, reverts: 8576)

╭------------------+---------------------------------------+-------+---------+----------╮
| Contract         | Selector                              | Calls | Reverts | Discards |
+=======================================================================================+
| SpendSaveHandler | advanceTime                           | 4562  | 0       | 0        |
|------------------+---------------------------------------+-------+---------+----------|
| SpendSaveHandler | attemptUnauthorizedFeeChange          | 4533  | 0       | 0        |
|------------------+---------------------------------------+-------+---------+----------|
| SpendSaveHandler | attemptUnauthorizedModuleRegistration | 4552  | 0       | 0        |
|------------------+---------------------------------------+-------+---------+----------|
| SpendSaveHandler | attemptUnauthorizedTreasuryChange     | 4521  | 0       | 0        |
|------------------+---------------------------------------+-------+---------+----------|
| SpendSaveHandler | burnTokens                            | 4615  | 3       | 0        |
|------------------+---------------------------------------+-------+---------+----------|
| SpendSaveHandler | configureDailySavings                 | 4673  | 3       | 0        |
|------------------+---------------------------------------+-------+---------+----------|
| SpendSaveHandler | configureStrategy                     | 4528  | 2       | 0        |
|------------------+---------------------------------------+-------+---------+----------|
| SpendSaveHandler | configureStrategyWithTracking         | 4552  | 3       | 0        |
|------------------+---------------------------------------+-------+---------+----------|
| SpendSaveHandler | disableDailySavings                   | 4603  | 4       | 0        |
|------------------+---------------------------------------+-------+---------+----------|
| SpendSaveHandler | enqueueDca                            | 4582  | 6       | 0        |
|------------------+---------------------------------------+-------+---------+----------|
| SpendSaveHandler | executeBatchDailySavings              | 4697  | 5       | 0        |
|------------------+---------------------------------------+-------+---------+----------|
| SpendSaveHandler | executeDailySavingsForToken           | 4516  | 5       | 0        |
|------------------+---------------------------------------+-------+---------+----------|
| SpendSaveHandler | executeDca                            | 4552  | 8       | 0        |
|------------------+---------------------------------------+-------+---------+----------|
| SpendSaveHandler | markDcaExecuted                       | 4546  | 4       | 0        |
|------------------+---------------------------------------+-------+---------+----------|
| SpendSaveHandler | processSavings                        | 4549  | 4236    | 0        |
|------------------+---------------------------------------+-------+---------+----------|
| SpendSaveHandler | processSavingsWithMint                | 4604  | 4253    | 0        |
|------------------+---------------------------------------+-------+---------+----------|
| SpendSaveHandler | registerToken                         | 4680  | 0       | 0        |
|------------------+---------------------------------------+-------+---------+----------|
| SpendSaveHandler | seedUser                              | 4550  | 0       | 0        |
|------------------+---------------------------------------+-------+---------+----------|
| SpendSaveHandler | setDefaultSlippage                    | 4509  | 0       | 0        |
|------------------+---------------------------------------+-------+---------+----------|
| SpendSaveHandler | setTokenSlippage                      | 4604  | 7       | 0        |
|------------------+---------------------------------------+-------+---------+----------|
| SpendSaveHandler | setTransientContextWithTracking       | 4497  | 7       | 0        |
|------------------+---------------------------------------+-------+---------+----------|
| SpendSaveHandler | setUserSlippage                       | 4621  | 7       | 0        |
|------------------+---------------------------------------+-------+---------+----------|
| SpendSaveHandler | setWithdrawalTimelock                 | 4518  | 6       | 0        |
|------------------+---------------------------------------+-------+---------+----------|
| SpendSaveHandler | trackModuleModification               | 4444  | 0       | 0        |
|------------------+---------------------------------------+-------+---------+----------|
| SpendSaveHandler | transferToken                         | 4646  | 0       | 0        |
|------------------+---------------------------------------+-------+---------+----------|
| SpendSaveHandler | updateDailyExecution                  | 4583  | 6       | 0        |
|------------------+---------------------------------------+-------+---------+----------|
| SpendSaveHandler | withdraw                              | 4560  | 4       | 0        |
|------------------+---------------------------------------+-------+---------+----------|
| SpendSaveHandler | withdrawDailySavings                  | 4603  | 7       | 0        |
╰------------------+---------------------------------------+-------+---------+----------╯

[FAIL: invariant_daily_execution_monotonic replay failure]
	[Sequence] (original: 4, shrunk: 4)
		sender=0x000000000000000000000000000000000000407e addr=[test/invariant/BaseInvariantTest.sol:SpendSaveHandler]0x3D7Ebc40AF7092E3F1C81F2e996cbA5Cae2090d7 calldata=seedUser(uint256) args=[1]
		sender=0x00000000000000000000000000000000fA7626D4 addr=[test/invariant/BaseInvariantTest.sol:SpendSaveHandler]0x3D7Ebc40AF7092E3F1C81F2e996cbA5Cae2090d7 calldata=configureDailySavings(uint256,uint256,uint256) args=[20682 [2.068e4], 2592000 [2.592e6], 36713 [3.671e4]]
		sender=0x0000000000000000000000000000000000006374 addr=[test/invariant/BaseInvariantTest.sol:SpendSaveHandler]0x3D7Ebc40AF7092E3F1C81F2e996cbA5Cae2090d7 calldata=updateDailyExecution(uint256,uint256,uint256) args=[1200, 45000000000000000000 [4.5e19], 90000000000000000 [9e16]]
		sender=0x0000000000000000000000000000000000000F8c addr=[test/invariant/BaseInvariantTest.sol:SpendSaveHandler]0x3D7Ebc40AF7092E3F1C81F2e996cbA5Cae2090d7 calldata=disableDailySavings(uint256,uint256) args=[797948822616071027280526880787271777753 [7.979e38], 115792089237316195423570985008687907853269984665640564039457584007913129639932 [1.157e77]]
 invariant_daily_execution_monotonic() (runs: 1, calls: 1, reverts: 1)
[FAIL: invariant_daily_execution_value_conservation replay failure]
	[Sequence] (original: 4, shrunk: 4)
		sender=0x00000000000000000000000000000000000040E6 addr=[test/invariant/BaseInvariantTest.sol:SpendSaveHandler]0x3D7Ebc40AF7092E3F1C81F2e996cbA5Cae2090d7 calldata=seedUser(uint256) args=[1]
		sender=0x000000000000000000000000000000000000031C addr=[test/invariant/BaseInvariantTest.sol:SpendSaveHandler]0x3D7Ebc40AF7092E3F1C81F2e996cbA5Cae2090d7 calldata=configureDailySavings(uint256,uint256,uint256) args=[38641686770895300367212101538132893029571575930020988483253340154411433852928 [3.864e76], 2592000 [2.592e6], 36714 [3.671e4]]
		sender=0x00000000000000000000000000000000000063e2 addr=[test/invariant/BaseInvariantTest.sol:SpendSaveHandler]0x3D7Ebc40AF7092E3F1C81F2e996cbA5Cae2090d7 calldata=updateDailyExecution(uint256,uint256,uint256) args=[1200, 45000000000000000000 [4.5e19], 90000000000000000 [9e16]]
		sender=0x0000000000000000000000000000000000000FB6 addr=[test/invariant/BaseInvariantTest.sol:SpendSaveHandler]0x3D7Ebc40AF7092E3F1C81F2e996cbA5Cae2090d7 calldata=disableDailySavings(uint256,uint256) args=[797948822616071027280526880787271777753 [7.979e38], 115792089237316195423570985008687907853269984665640564039457584007913129639932 [1.157e77]]
 invariant_daily_execution_value_conservation() (runs: 1, calls: 1, reverts: 1)
[FAIL: invariant_daily_goals_achievable replay failure]
	[Sequence] (original: 12, shrunk: 12)
		sender=0xd9aAEc86B65D86f6A7B5B1b0c42FFA531710b6CA addr=[test/invariant/BaseInvariantTest.sol:SpendSaveHandler]0x3D7Ebc40AF7092E3F1C81F2e996cbA5Cae2090d7 calldata=seedUser(uint256) args=[9354]
		sender=0x000000000000000000000000000000000000422e addr=[test/invariant/BaseInvariantTest.sol:SpendSaveHandler]0x3D7Ebc40AF7092E3F1C81F2e996cbA5Cae2090d7 calldata=seedUser(uint256) args=[23620 [2.362e4]]
		sender=0x036CbD53842c5426634e7929541eC2318f3dCF7e addr=[test/invariant/BaseInvariantTest.sol:SpendSaveHandler]0x3D7Ebc40AF7092E3F1C81F2e996cbA5Cae2090d7 calldata=seedUser(uint256) args=[9369224846893925300753720721088334119455066109614778734 [9.369e54]]
		sender=0x0000000000000000000000000000000000005075 addr=[test/invariant/BaseInvariantTest.sol:SpendSaveHandler]0x3D7Ebc40AF7092E3F1C81F2e996cbA5Cae2090d7 calldata=seedUser(uint256) args=[48879 [4.887e4]]
		sender=0x0000000000000000000000000000000000005ea9 addr=[test/invariant/BaseInvariantTest.sol:SpendSaveHandler]0x3D7Ebc40AF7092E3F1C81F2e996cbA5Cae2090d7 calldata=seedUser(uint256) args=[3553385659660261311109963662167876568690147 [3.553e42]]
		sender=0x2Ae3F1Ec7F1F5012CFEab0185bfc7aa3cf0DEc22 addr=[test/invariant/BaseInvariantTest.sol:SpendSaveHandler]0x3D7Ebc40AF7092E3F1C81F2e996cbA5Cae2090d7 calldata=seedUser(uint256) args=[697959240321604644607779206887760269874504042 [6.979e44]]
		sender=0x036CbD53842c5426634e7929541eC2318f3dCF7e addr=[test/invariant/BaseInvariantTest.sol:SpendSaveHandler]0x3D7Ebc40AF7092E3F1C81F2e996cbA5Cae2090d7 calldata=seedUser(uint256) args=[198291814299 [1.982e11]]
		sender=0x0000000000000000000000000000000000002F06 addr=[test/invariant/BaseInvariantTest.sol:SpendSaveHandler]0x3D7Ebc40AF7092E3F1C81F2e996cbA5Cae2090d7 calldata=seedUser(uint256) args=[2934354478176972380 [2.934e18]]
		sender=0x2Ae3F1Ec7F1F5012CFEab0185bfc7aa3cf0DEc22 addr=[test/invariant/BaseInvariantTest.sol:SpendSaveHandler]0x3D7Ebc40AF7092E3F1C81F2e996cbA5Cae2090d7 calldata=seedUser(uint256) args=[31631067 [3.163e7]]
		sender=0x0000000000000000000000000000000000005A8b addr=[test/invariant/BaseInvariantTest.sol:SpendSaveHandler]0x3D7Ebc40AF7092E3F1C81F2e996cbA5Cae2090d7 calldata=configureDailySavings(uint256,uint256,uint256) args=[153735717067526476324019873677454302259428449328358751125928212140685876018 [1.537e74], 10413611499301406967427 [1.041e22], 0]
		sender=0x0000000000000000000000000000000000005Dec addr=[test/invariant/BaseInvariantTest.sol:SpendSaveHandler]0x3D7Ebc40AF7092E3F1C81F2e996cbA5Cae2090d7 calldata=seedUser(uint256) args=[100211128 [1.002e8]]
		sender=0x00000000000000000000000000000000000032A8 addr=[test/invariant/BaseInvariantTest.sol:SpendSaveHandler]0x3D7Ebc40AF7092E3F1C81F2e996cbA5Cae2090d7 calldata=updateDailyExecution(uint256,uint256,uint256) args=[803739348120801169160630319238017617778260576636980369192248776 [8.037e62], 702168807646820017 [7.021e17], 33029410253641783118548908546205408847028529655890543346 [3.302e55]]
 invariant_daily_goals_achievable() (runs: 1, calls: 1, reverts: 1)
[PASS] invariant_daily_penalty_bounds() (runs: 256, calls: 128000, reverts: 8575)

╭------------------+---------------------------------------+-------+---------+----------╮
| Contract         | Selector                              | Calls | Reverts | Discards |
+=======================================================================================+
| SpendSaveHandler | advanceTime                           | 4562  | 0       | 0        |
|------------------+---------------------------------------+-------+---------+----------|
| SpendSaveHandler | attemptUnauthorizedFeeChange          | 4533  | 0       | 0        |
|------------------+---------------------------------------+-------+---------+----------|
| SpendSaveHandler | attemptUnauthorizedModuleRegistration | 4552  | 0       | 0        |
|------------------+---------------------------------------+-------+---------+----------|
| SpendSaveHandler | attemptUnauthorizedTreasuryChange     | 4521  | 0       | 0        |
|------------------+---------------------------------------+-------+---------+----------|
| SpendSaveHandler | burnTokens                            | 4615  | 3       | 0        |
|------------------+---------------------------------------+-------+---------+----------|
| SpendSaveHandler | configureDailySavings                 | 4673  | 3       | 0        |
|------------------+---------------------------------------+-------+---------+----------|
| SpendSaveHandler | configureStrategy                     | 4528  | 2       | 0        |
|------------------+---------------------------------------+-------+---------+----------|
| SpendSaveHandler | configureStrategyWithTracking         | 4552  | 3       | 0        |
|------------------+---------------------------------------+-------+---------+----------|
| SpendSaveHandler | disableDailySavings                   | 4603  | 4       | 0        |
|------------------+---------------------------------------+-------+---------+----------|
| SpendSaveHandler | enqueueDca                            | 4582  | 6       | 0        |
|------------------+---------------------------------------+-------+---------+----------|
| SpendSaveHandler | executeBatchDailySavings              | 4697  | 5       | 0        |
|------------------+---------------------------------------+-------+---------+----------|
| SpendSaveHandler | executeDailySavingsForToken           | 4516  | 5       | 0        |
|------------------+---------------------------------------+-------+---------+----------|
| SpendSaveHandler | executeDca                            | 4552  | 8       | 0        |
|------------------+---------------------------------------+-------+---------+----------|
| SpendSaveHandler | markDcaExecuted                       | 4546  | 4       | 0        |
|------------------+---------------------------------------+-------+---------+----------|
| SpendSaveHandler | processSavings                        | 4549  | 4236    | 0        |
|------------------+---------------------------------------+-------+---------+----------|
| SpendSaveHandler | processSavingsWithMint                | 4604  | 4253    | 0        |
|------------------+---------------------------------------+-------+---------+----------|
| SpendSaveHandler | registerToken                         | 4680  | 0       | 0        |
|------------------+---------------------------------------+-------+---------+----------|
| SpendSaveHandler | seedUser                              | 4550  | 0       | 0        |
|------------------+---------------------------------------+-------+---------+----------|
| SpendSaveHandler | setDefaultSlippage                    | 4509  | 0       | 0        |
|------------------+---------------------------------------+-------+---------+----------|
| SpendSaveHandler | setTokenSlippage                      | 4604  | 7       | 0        |
|------------------+---------------------------------------+-------+---------+----------|
| SpendSaveHandler | setTransientContextWithTracking       | 4497  | 7       | 0        |
|------------------+---------------------------------------+-------+---------+----------|
| SpendSaveHandler | setUserSlippage                       | 4621  | 7       | 0        |
|------------------+---------------------------------------+-------+---------+----------|
| SpendSaveHandler | setWithdrawalTimelock                 | 4518  | 6       | 0        |
|------------------+---------------------------------------+-------+---------+----------|
| SpendSaveHandler | trackModuleModification               | 4444  | 0       | 0        |
|------------------+---------------------------------------+-------+---------+----------|
| SpendSaveHandler | transferToken                         | 4646  | 0       | 0        |
|------------------+---------------------------------------+-------+---------+----------|
| SpendSaveHandler | updateDailyExecution                  | 4583  | 6       | 0        |
|------------------+---------------------------------------+-------+---------+----------|
| SpendSaveHandler | withdraw                              | 4560  | 3       | 0        |
|------------------+---------------------------------------+-------+---------+----------|
| SpendSaveHandler | withdrawDailySavings                  | 4603  | 7       | 0        |
╰------------------+---------------------------------------+-------+---------+----------╯

[FAIL: Zero execution without reason]
	[Sequence] (original: 151, shrunk: 10)
		sender=0x000000000000000000000000000000000000aEe8 addr=[test/invariant/BaseInvariantTest.sol:SpendSaveHandler]0x3D7Ebc40AF7092E3F1C81F2e996cbA5Cae2090d7 calldata=seedUser(uint256) args=[15480 [1.548e4]]
		sender=0x00000000000000000000000000000000d5f01D21 addr=[test/invariant/BaseInvariantTest.sol:SpendSaveHandler]0x3D7Ebc40AF7092E3F1C81F2e996cbA5Cae2090d7 calldata=seedUser(uint256) args=[22252 [2.225e4]]
		sender=0x4200000000000000000000000000000000000023 addr=[test/invariant/BaseInvariantTest.sol:SpendSaveHandler]0x3D7Ebc40AF7092E3F1C81F2e996cbA5Cae2090d7 calldata=seedUser(uint256) args=[1452001298145501085418923517360517576815998565934637 [1.452e51]]
		sender=0x00000000000000000000000000000000000056bE addr=[test/invariant/BaseInvariantTest.sol:SpendSaveHandler]0x3D7Ebc40AF7092E3F1C81F2e996cbA5Cae2090d7 calldata=seedUser(uint256) args=[300000000000000000000 [3e20]]
		sender=0x36b2f637f4Fb2F50CCB2f0CD974eE45F53d67E59 addr=[test/invariant/BaseInvariantTest.sol:SpendSaveHandler]0x3D7Ebc40AF7092E3F1C81F2e996cbA5Cae2090d7 calldata=seedUser(uint256) args=[455267343513 [4.552e11]]
		sender=0x4200000000000000000000000000000000000023 addr=[test/invariant/BaseInvariantTest.sol:SpendSaveHandler]0x3D7Ebc40AF7092E3F1C81F2e996cbA5Cae2090d7 calldata=seedUser(uint256) args=[3637]
		sender=0xd9aAEc86B65D86f6A7B5B1b0c42FFA531710b6CA addr=[test/invariant/BaseInvariantTest.sol:SpendSaveHandler]0x3D7Ebc40AF7092E3F1C81F2e996cbA5Cae2090d7 calldata=advanceTime(uint256) args=[15011249095133819698575428801486010134804793826803848625599915968600 [1.501e67]]
		sender=0xC7D9E2f979C5Df7C9468BF5B28CEC95E7d8E269E addr=[test/invariant/BaseInvariantTest.sol:SpendSaveHandler]0x3D7Ebc40AF7092E3F1C81F2e996cbA5Cae2090d7 calldata=configureDailySavings(uint256,uint256,uint256) args=[144378308 [1.443e8], 3, 193694164 [1.936e8]]
		sender=0x00000000000000000000000000000000000045f9 addr=[test/invariant/BaseInvariantTest.sol:SpendSaveHandler]0x3D7Ebc40AF7092E3F1C81F2e996cbA5Cae2090d7 calldata=advanceTime(uint256) args=[34040429735342978133 [3.404e19]]
		sender=0xd9aAEc86B65D86f6A7B5B1b0c42FFA531710b6CA addr=[test/invariant/BaseInvariantTest.sol:SpendSaveHandler]0x3D7Ebc40AF7092E3F1C81F2e996cbA5Cae2090d7 calldata=executeDailySavingsForToken(uint256,uint256) args=[24982823709301877714911907 [2.498e25], 501463798521365399370951 [5.014e23]]
 invariant_executed_amounts_match_config() (runs: 4, calls: 2000, reverts: 143)

╭------------------+---------------------------------------+-------+---------+----------╮
| Contract         | Selector                              | Calls | Reverts | Discards |
+=======================================================================================+
| SpendSaveHandler | advanceTime                           | 78    | 0       | 0        |
|------------------+---------------------------------------+-------+---------+----------|
| SpendSaveHandler | attemptUnauthorizedFeeChange          | 63    | 0       | 0        |
|------------------+---------------------------------------+-------+---------+----------|
| SpendSaveHandler | attemptUnauthorizedModuleRegistration | 70    | 0       | 0        |
|------------------+---------------------------------------+-------+---------+----------|
| SpendSaveHandler | attemptUnauthorizedTreasuryChange     | 96    | 0       | 0        |
|------------------+---------------------------------------+-------+---------+----------|
| SpendSaveHandler | burnTokens                            | 83    | 0       | 0        |
|------------------+---------------------------------------+-------+---------+----------|
| SpendSaveHandler | configureDailySavings                 | 77    | 0       | 0        |
|------------------+---------------------------------------+-------+---------+----------|
| SpendSaveHandler | configureStrategy                     | 59    | 0       | 0        |
|------------------+---------------------------------------+-------+---------+----------|
| SpendSaveHandler | configureStrategyWithTracking         | 69    | 0       | 0        |
|------------------+---------------------------------------+-------+---------+----------|
| SpendSaveHandler | disableDailySavings                   | 72    | 1       | 0        |
|------------------+---------------------------------------+-------+---------+----------|
| SpendSaveHandler | enqueueDca                            | 91    | 1       | 0        |
|------------------+---------------------------------------+-------+---------+----------|
| SpendSaveHandler | executeBatchDailySavings              | 91    | 0       | 0        |
|------------------+---------------------------------------+-------+---------+----------|
| SpendSaveHandler | executeDailySavingsForToken           | 75    | 0       | 0        |
|------------------+---------------------------------------+-------+---------+----------|
| SpendSaveHandler | executeDca                            | 67    | 0       | 0        |
|------------------+---------------------------------------+-------+---------+----------|
| SpendSaveHandler | markDcaExecuted                       | 77    | 0       | 0        |
|------------------+---------------------------------------+-------+---------+----------|
| SpendSaveHandler | processSavings                        | 77    | 73      | 0        |
|------------------+---------------------------------------+-------+---------+----------|
| SpendSaveHandler | processSavingsWithMint                | 73    | 67      | 0        |
|------------------+---------------------------------------+-------+---------+----------|
| SpendSaveHandler | registerToken                         | 71    | 0       | 0        |
|------------------+---------------------------------------+-------+---------+----------|
| SpendSaveHandler | seedUser                              | 72    | 0       | 0        |
|------------------+---------------------------------------+-------+---------+----------|
| SpendSaveHandler | setDefaultSlippage                    | 73    | 0       | 0        |
|------------------+---------------------------------------+-------+---------+----------|
| SpendSaveHandler | setTokenSlippage                      | 84    | 0       | 0        |
|------------------+---------------------------------------+-------+---------+----------|
| SpendSaveHandler | setTransientContextWithTracking       | 78    | 0       | 0        |
|------------------+---------------------------------------+-------+---------+----------|
| SpendSaveHandler | setUserSlippage                       | 62    | 0       | 0        |
|------------------+---------------------------------------+-------+---------+----------|
| SpendSaveHandler | setWithdrawalTimelock                 | 89    | 0       | 0        |
|------------------+---------------------------------------+-------+---------+----------|
| SpendSaveHandler | trackModuleModification               | 81    | 0       | 0        |
|------------------+---------------------------------------+-------+---------+----------|
| SpendSaveHandler | transferToken                         | 85    | 0       | 0        |
|------------------+---------------------------------------+-------+---------+----------|
| SpendSaveHandler | updateDailyExecution                  | 92    | 1       | 0        |
|------------------+---------------------------------------+-------+---------+----------|
| SpendSaveHandler | withdraw                              | 70    | 0       | 0        |
|------------------+---------------------------------------+-------+---------+----------|
| SpendSaveHandler | withdrawDailySavings                  | 87    | 0       | 0        |
╰------------------+---------------------------------------+-------+---------+----------╯

[FAIL: Execution before start time: 1109 < 1985062]
	[Sequence] (original: 67, shrunk: 5)
		sender=0x000000000000000000000000000000000000aEe8 addr=[test/invariant/BaseInvariantTest.sol:SpendSaveHandler]0x3D7Ebc40AF7092E3F1C81F2e996cbA5Cae2090d7 calldata=seedUser(uint256) args=[15482 [1.548e4]]
		sender=0x0000000000000000000000000000000000003417 addr=[test/invariant/BaseInvariantTest.sol:SpendSaveHandler]0x3D7Ebc40AF7092E3F1C81F2e996cbA5Cae2090d7 calldata=configureDailySavings(uint256,uint256,uint256) args=[3492201705878611620087270797006562722043124171404499096515629 [3.492e60], 1624389816238 [1.624e12], 115792089237316195423570985008687907853269984665640564039457584007913129639933 [1.157e77]]
		sender=0x000000000000000000000000000000000000497B addr=[test/invariant/BaseInvariantTest.sol:SpendSaveHandler]0x3D7Ebc40AF7092E3F1C81F2e996cbA5Cae2090d7 calldata=advanceTime(uint256) args=[36623005712949643741732922009813960367246390724491466181339679953 [3.662e64]]
		sender=0x00000000000000000000000000000000000035A4 addr=[test/invariant/BaseInvariantTest.sol:SpendSaveHandler]0x3D7Ebc40AF7092E3F1C81F2e996cbA5Cae2090d7 calldata=executeDailySavingsForToken(uint256,uint256) args=[115792089237316195423570985008687907853269984665640564039457584007913129639934 [1.157e77], 1225116019934392 [1.225e15]]
		sender=0x0000000000000000000000000000000000000053 addr=[test/invariant/BaseInvariantTest.sol:SpendSaveHandler]0x3D7Ebc40AF7092E3F1C81F2e996cbA5Cae2090d7 calldata=configureDailySavings(uint256,uint256,uint256) args=[5184000 [5.184e6], 1000000000000000 [1e15], 100000000000000000000000 [1e23]]
 invariant_execution_timing_correct() (runs: 4, calls: 2000, reverts: 136)

╭------------------+---------------------------------------+-------+---------+----------╮
| Contract         | Selector                              | Calls | Reverts | Discards |
+=======================================================================================+
| SpendSaveHandler | advanceTime                           | 74    | 0       | 0        |
|------------------+---------------------------------------+-------+---------+----------|
| SpendSaveHandler | attemptUnauthorizedFeeChange          | 63    | 0       | 0        |
|------------------+---------------------------------------+-------+---------+----------|
| SpendSaveHandler | attemptUnauthorizedModuleRegistration | 66    | 0       | 0        |
|------------------+---------------------------------------+-------+---------+----------|
| SpendSaveHandler | attemptUnauthorizedTreasuryChange     | 91    | 0       | 0        |
|------------------+---------------------------------------+-------+---------+----------|
| SpendSaveHandler | burnTokens                            | 76    | 0       | 0        |
|------------------+---------------------------------------+-------+---------+----------|
| SpendSaveHandler | configureDailySavings                 | 73    | 0       | 0        |
|------------------+---------------------------------------+-------+---------+----------|
| SpendSaveHandler | configureStrategy                     | 58    | 0       | 0        |
|------------------+---------------------------------------+-------+---------+----------|
| SpendSaveHandler | configureStrategyWithTracking         | 65    | 0       | 0        |
|------------------+---------------------------------------+-------+---------+----------|
| SpendSaveHandler | disableDailySavings                   | 70    | 1       | 0        |
|------------------+---------------------------------------+-------+---------+----------|
| SpendSaveHandler | enqueueDca                            | 88    | 1       | 0        |
|------------------+---------------------------------------+-------+---------+----------|
| SpendSaveHandler | executeBatchDailySavings              | 87    | 0       | 0        |
|------------------+---------------------------------------+-------+---------+----------|
| SpendSaveHandler | executeDailySavingsForToken           | 72    | 0       | 0        |
|------------------+---------------------------------------+-------+---------+----------|
| SpendSaveHandler | executeDca                            | 63    | 0       | 0        |
|------------------+---------------------------------------+-------+---------+----------|
| SpendSaveHandler | markDcaExecuted                       | 72    | 0       | 0        |
|------------------+---------------------------------------+-------+---------+----------|
| SpendSaveHandler | processSavings                        | 74    | 70      | 0        |
|------------------+---------------------------------------+-------+---------+----------|
| SpendSaveHandler | processSavingsWithMint                | 69    | 63      | 0        |
|------------------+---------------------------------------+-------+---------+----------|
| SpendSaveHandler | registerToken                         | 66    | 0       | 0        |
|------------------+---------------------------------------+-------+---------+----------|
| SpendSaveHandler | seedUser                              | 69    | 0       | 0        |
|------------------+---------------------------------------+-------+---------+----------|
| SpendSaveHandler | setDefaultSlippage                    | 71    | 0       | 0        |
|------------------+---------------------------------------+-------+---------+----------|
| SpendSaveHandler | setTokenSlippage                      | 82    | 0       | 0        |
|------------------+---------------------------------------+-------+---------+----------|
| SpendSaveHandler | setTransientContextWithTracking       | 75    | 0       | 0        |
|------------------+---------------------------------------+-------+---------+----------|
| SpendSaveHandler | setUserSlippage                       | 60    | 0       | 0        |
|------------------+---------------------------------------+-------+---------+----------|
| SpendSaveHandler | setWithdrawalTimelock                 | 84    | 0       | 0        |
|------------------+---------------------------------------+-------+---------+----------|
| SpendSaveHandler | trackModuleModification               | 79    | 0       | 0        |
|------------------+---------------------------------------+-------+---------+----------|
| SpendSaveHandler | transferToken                         | 83    | 0       | 0        |
|------------------+---------------------------------------+-------+---------+----------|
| SpendSaveHandler | updateDailyExecution                  | 90    | 1       | 0        |
|------------------+---------------------------------------+-------+---------+----------|
| SpendSaveHandler | withdraw                              | 68    | 0       | 0        |
|------------------+---------------------------------------+-------+---------+----------|
| SpendSaveHandler | withdrawDailySavings                  | 83    | 0       | 0        |
╰------------------+---------------------------------------+-------+---------+----------╯

[PASS] invariant_executions_respect_funds() (runs: 256, calls: 128000, reverts: 8576)

╭------------------+---------------------------------------+-------+---------+----------╮
| Contract         | Selector                              | Calls | Reverts | Discards |
+=======================================================================================+
| SpendSaveHandler | advanceTime                           | 4562  | 0       | 0        |
|------------------+---------------------------------------+-------+---------+----------|
| SpendSaveHandler | attemptUnauthorizedFeeChange          | 4533  | 0       | 0        |
|------------------+---------------------------------------+-------+---------+----------|
| SpendSaveHandler | attemptUnauthorizedModuleRegistration | 4552  | 0       | 0        |
|------------------+---------------------------------------+-------+---------+----------|
| SpendSaveHandler | attemptUnauthorizedTreasuryChange     | 4521  | 0       | 0        |
|------------------+---------------------------------------+-------+---------+----------|
| SpendSaveHandler | burnTokens                            | 4615  | 3       | 0        |
|------------------+---------------------------------------+-------+---------+----------|
| SpendSaveHandler | configureDailySavings                 | 4673  | 3       | 0        |
|------------------+---------------------------------------+-------+---------+----------|
| SpendSaveHandler | configureStrategy                     | 4528  | 2       | 0        |
|------------------+---------------------------------------+-------+---------+----------|
| SpendSaveHandler | configureStrategyWithTracking         | 4552  | 3       | 0        |
|------------------+---------------------------------------+-------+---------+----------|
| SpendSaveHandler | disableDailySavings                   | 4603  | 4       | 0        |
|------------------+---------------------------------------+-------+---------+----------|
| SpendSaveHandler | enqueueDca                            | 4582  | 6       | 0        |
|------------------+---------------------------------------+-------+---------+----------|
| SpendSaveHandler | executeBatchDailySavings              | 4697  | 5       | 0        |
|------------------+---------------------------------------+-------+---------+----------|
| SpendSaveHandler | executeDailySavingsForToken           | 4516  | 6       | 0        |
|------------------+---------------------------------------+-------+---------+----------|
| SpendSaveHandler | executeDca                            | 4552  | 8       | 0        |
|------------------+---------------------------------------+-------+---------+----------|
| SpendSaveHandler | markDcaExecuted                       | 4546  | 4       | 0        |
|------------------+---------------------------------------+-------+---------+----------|
| SpendSaveHandler | processSavings                        | 4549  | 4236    | 0        |
|------------------+---------------------------------------+-------+---------+----------|
| SpendSaveHandler | processSavingsWithMint                | 4604  | 4253    | 0        |
|------------------+---------------------------------------+-------+---------+----------|
| SpendSaveHandler | registerToken                         | 4680  | 0       | 0        |
|------------------+---------------------------------------+-------+---------+----------|
| SpendSaveHandler | seedUser                              | 4550  | 0       | 0        |
|------------------+---------------------------------------+-------+---------+----------|
| SpendSaveHandler | setDefaultSlippage                    | 4509  | 0       | 0        |
|------------------+---------------------------------------+-------+---------+----------|
| SpendSaveHandler | setTokenSlippage                      | 4604  | 7       | 0        |
|------------------+---------------------------------------+-------+---------+----------|
| SpendSaveHandler | setTransientContextWithTracking       | 4497  | 7       | 0        |
|------------------+---------------------------------------+-------+---------+----------|
| SpendSaveHandler | setUserSlippage                       | 4621  | 7       | 0        |
|------------------+---------------------------------------+-------+---------+----------|
| SpendSaveHandler | setWithdrawalTimelock                 | 4518  | 6       | 0        |
|------------------+---------------------------------------+-------+---------+----------|
| SpendSaveHandler | trackModuleModification               | 4444  | 0       | 0        |
|------------------+---------------------------------------+-------+---------+----------|
| SpendSaveHandler | transferToken                         | 4646  | 0       | 0        |
|------------------+---------------------------------------+-------+---------+----------|
| SpendSaveHandler | updateDailyExecution                  | 4583  | 6       | 0        |
|------------------+---------------------------------------+-------+---------+----------|
| SpendSaveHandler | withdraw                              | 4560  | 3       | 0        |
|------------------+---------------------------------------+-------+---------+----------|
| SpendSaveHandler | withdrawDailySavings                  | 4603  | 7       | 0        |
╰------------------+---------------------------------------+-------+---------+----------╯

[FAIL: Goal became un-reached without withdrawal]
	[Sequence] (original: 430, shrunk: 18)
		sender=0x50c5725949A6F0c72E6C4a641F24049A917DB0Cb addr=[test/invariant/BaseInvariantTest.sol:SpendSaveHandler]0x3D7Ebc40AF7092E3F1C81F2e996cbA5Cae2090d7 calldata=seedUser(uint256) args=[58017566647375813100172 [5.801e22]]
		sender=0x0000000000000000000000000000000000000b19 addr=[test/invariant/BaseInvariantTest.sol:SpendSaveHandler]0x3D7Ebc40AF7092E3F1C81F2e996cbA5Cae2090d7 calldata=seedUser(uint256) args=[4384980287554855165377 [4.384e21]]
		sender=0x833589fCD6eDb6E08f4c7C32D4f71b54bdA02913 addr=[test/invariant/BaseInvariantTest.sol:SpendSaveHandler]0x3D7Ebc40AF7092E3F1C81F2e996cbA5Cae2090d7 calldata=seedUser(uint256) args=[7331]
		sender=0x00000000000000000000000000000000000023CE addr=[test/invariant/BaseInvariantTest.sol:SpendSaveHandler]0x3D7Ebc40AF7092E3F1C81F2e996cbA5Cae2090d7 calldata=seedUser(uint256) args=[24238 [2.423e4]]
		sender=0x0000000000000000000000000000000000004467 addr=[test/invariant/BaseInvariantTest.sol:SpendSaveHandler]0x3D7Ebc40AF7092E3F1C81F2e996cbA5Cae2090d7 calldata=seedUser(uint256) args=[115792089237316195423570985008687907853269984665640564039457584007913129639934 [1.157e77]]
		sender=0x833589fCD6eDb6E08f4c7C32D4f71b54bdA02913 addr=[test/invariant/BaseInvariantTest.sol:SpendSaveHandler]0x3D7Ebc40AF7092E3F1C81F2e996cbA5Cae2090d7 calldata=seedUser(uint256) args=[304575605786438350912053521507158291 [3.045e35]]
		sender=0x036CbD53842c5426634e7929541eC2318f3dCF7e addr=[test/invariant/BaseInvariantTest.sol:SpendSaveHandler]0x3D7Ebc40AF7092E3F1C81F2e996cbA5Cae2090d7 calldata=seedUser(uint256) args=[0]
		sender=0xC6837d743342325944a9C3f418c10eb6D89373d4 addr=[test/invariant/BaseInvariantTest.sol:SpendSaveHandler]0x3D7Ebc40AF7092E3F1C81F2e996cbA5Cae2090d7 calldata=seedUser(uint256) args=[982256698128687269225954003166746829484746280472502 [9.822e50]]
		sender=0xb1b5fded695B77Ca42d406FFa09a7a4a4a57B5e7 addr=[test/invariant/BaseInvariantTest.sol:SpendSaveHandler]0x3D7Ebc40AF7092E3F1C81F2e996cbA5Cae2090d7 calldata=configureDailySavings(uint256,uint256,uint256) args=[90000000000000000 [9e16], 26069 [2.606e4], 24]
		sender=0x0000000000000000000000000000000000003097 addr=[test/invariant/BaseInvariantTest.sol:SpendSaveHandler]0x3D7Ebc40AF7092E3F1C81F2e996cbA5Cae2090d7 calldata=seedUser(uint256) args=[1632]
		sender=0x4200000000000000000000000000000000000023 addr=[test/invariant/BaseInvariantTest.sol:SpendSaveHandler]0x3D7Ebc40AF7092E3F1C81F2e996cbA5Cae2090d7 calldata=seedUser(uint256) args=[815]
		sender=0x0000000000000000000000000000000000003cf5 addr=[test/invariant/BaseInvariantTest.sol:SpendSaveHandler]0x3D7Ebc40AF7092E3F1C81F2e996cbA5Cae2090d7 calldata=advanceTime(uint256) args=[25965177544585710981196626034368062599083456546341928415054821829 [2.596e64]]
		sender=0x00000000000000000000000000000000000017eb addr=[test/invariant/BaseInvariantTest.sol:SpendSaveHandler]0x3D7Ebc40AF7092E3F1C81F2e996cbA5Cae2090d7 calldata=executeDailySavingsForToken(uint256,uint256) args=[96488427474703 [9.648e13], 43596754603503770 [4.359e16]]
		sender=0x50c5725949A6F0c72E6C4a641F24049A917DB0Cb addr=[test/invariant/BaseInvariantTest.sol:SpendSaveHandler]0x3D7Ebc40AF7092E3F1C81F2e996cbA5Cae2090d7 calldata=seedUser(uint256) args=[3420658944916572773209063448668338127 [3.42e36]]
		sender=0xA3DC2c015CAb34214C37BB98D68d0495310259Ae addr=[test/invariant/BaseInvariantTest.sol:SpendSaveHandler]0x3D7Ebc40AF7092E3F1C81F2e996cbA5Cae2090d7 calldata=seedUser(uint256) args=[249698061242 [2.496e11]]
		sender=0x50c5725949A6F0c72E6C4a641F24049A917DB0Cb addr=[test/invariant/BaseInvariantTest.sol:SpendSaveHandler]0x3D7Ebc40AF7092E3F1C81F2e996cbA5Cae2090d7 calldata=seedUser(uint256) args=[5264660059435770418989874510827901 [5.264e33]]
		sender=0x4200000000000000000000000000000000000023 addr=[test/invariant/BaseInvariantTest.sol:SpendSaveHandler]0x3D7Ebc40AF7092E3F1C81F2e996cbA5Cae2090d7 calldata=seedUser(uint256) args=[8183]
		sender=0x0000000000000000000000000000000000000866 addr=[test/invariant/BaseInvariantTest.sol:SpendSaveHandler]0x3D7Ebc40AF7092E3F1C81F2e996cbA5Cae2090d7 calldata=configureDailySavings(uint256,uint256,uint256) args=[54875110815308542190071961239552497613343235558325012229074589010 [5.487e64], 45026573408680874200980512264070187433046543611949931190948 [4.502e58], 115792089237316195423570985008687907853269984665640564039457584007913129639934 [1.157e77]]
 invariant_goal_state_transitions() (runs: 48, calls: 24000, reverts: 1579)

╭------------------+---------------------------------------+-------+---------+----------╮
| Contract         | Selector                              | Calls | Reverts | Discards |
+=======================================================================================+
| SpendSaveHandler | advanceTime                           | 837   | 0       | 0        |
|------------------+---------------------------------------+-------+---------+----------|
| SpendSaveHandler | attemptUnauthorizedFeeChange          | 858   | 0       | 0        |
|------------------+---------------------------------------+-------+---------+----------|
| SpendSaveHandler | attemptUnauthorizedModuleRegistration | 863   | 0       | 0        |
|------------------+---------------------------------------+-------+---------+----------|
| SpendSaveHandler | attemptUnauthorizedTreasuryChange     | 896   | 0       | 0        |
|------------------+---------------------------------------+-------+---------+----------|
| SpendSaveHandler | burnTokens                            | 908   | 0       | 0        |
|------------------+---------------------------------------+-------+---------+----------|
| SpendSaveHandler | configureDailySavings                 | 868   | 1       | 0        |
|------------------+---------------------------------------+-------+---------+----------|
| SpendSaveHandler | configureStrategy                     | 807   | 0       | 0        |
|------------------+---------------------------------------+-------+---------+----------|
| SpendSaveHandler | configureStrategyWithTracking         | 917   | 1       | 0        |
|------------------+---------------------------------------+-------+---------+----------|
| SpendSaveHandler | disableDailySavings                   | 854   | 1       | 0        |
|------------------+---------------------------------------+-------+---------+----------|
| SpendSaveHandler | enqueueDca                            | 895   | 3       | 0        |
|------------------+---------------------------------------+-------+---------+----------|
| SpendSaveHandler | executeBatchDailySavings              | 933   | 2       | 0        |
|------------------+---------------------------------------+-------+---------+----------|
| SpendSaveHandler | executeDailySavingsForToken           | 856   | 0       | 0        |
|------------------+---------------------------------------+-------+---------+----------|
| SpendSaveHandler | executeDca                            | 871   | 1       | 0        |
|------------------+---------------------------------------+-------+---------+----------|
| SpendSaveHandler | markDcaExecuted                       | 859   | 0       | 0        |
|------------------+---------------------------------------+-------+---------+----------|
| SpendSaveHandler | processSavings                        | 851   | 784     | 0        |
|------------------+---------------------------------------+-------+---------+----------|
| SpendSaveHandler | processSavingsWithMint                | 845   | 779     | 0        |
|------------------+---------------------------------------+-------+---------+----------|
| SpendSaveHandler | registerToken                         | 903   | 0       | 0        |
|------------------+---------------------------------------+-------+---------+----------|
| SpendSaveHandler | seedUser                              | 824   | 0       | 0        |
|------------------+---------------------------------------+-------+---------+----------|
| SpendSaveHandler | setDefaultSlippage                    | 799   | 0       | 0        |
|------------------+---------------------------------------+-------+---------+----------|
| SpendSaveHandler | setTokenSlippage                      | 952   | 1       | 0        |
|------------------+---------------------------------------+-------+---------+----------|
| SpendSaveHandler | setTransientContextWithTracking       | 868   | 0       | 0        |
|------------------+---------------------------------------+-------+---------+----------|
| SpendSaveHandler | setUserSlippage                       | 901   | 3       | 0        |
|------------------+---------------------------------------+-------+---------+----------|
| SpendSaveHandler | setWithdrawalTimelock                 | 904   | 0       | 0        |
|------------------+---------------------------------------+-------+---------+----------|
| SpendSaveHandler | trackModuleModification               | 880   | 0       | 0        |
|------------------+---------------------------------------+-------+---------+----------|
| SpendSaveHandler | transferToken                         | 902   | 0       | 0        |
|------------------+---------------------------------------+-------+---------+----------|
| SpendSaveHandler | updateDailyExecution                  | 850   | 2       | 0        |
|------------------+---------------------------------------+-------+---------+----------|
| SpendSaveHandler | withdraw                              | 900   | 0       | 0        |
|------------------+---------------------------------------+-------+---------+----------|
| SpendSaveHandler | withdrawDailySavings                  | 863   | 1       | 0        |
╰------------------+---------------------------------------+-------+---------+----------╯

[FAIL: Penalty not sent to treasury: 0 < 386854779177615821]
	[Sequence] (original: 262, shrunk: 8)
		sender=0x0000000000000000000000000000000000004029 addr=[test/invariant/BaseInvariantTest.sol:SpendSaveHandler]0x3D7Ebc40AF7092E3F1C81F2e996cbA5Cae2090d7 calldata=seedUser(uint256) args=[1]
		sender=0x0000000000000000000000000000000000000f43 addr=[test/invariant/BaseInvariantTest.sol:SpendSaveHandler]0x3D7Ebc40AF7092E3F1C81F2e996cbA5Cae2090d7 calldata=seedUser(uint256) args=[150]
		sender=0x4200000000000000000000000000000000000023 addr=[test/invariant/BaseInvariantTest.sol:SpendSaveHandler]0x3D7Ebc40AF7092E3F1C81F2e996cbA5Cae2090d7 calldata=seedUser(uint256) args=[34565 [3.456e4]]
		sender=0x00000000000000000000000000000000000005D0 addr=[test/invariant/BaseInvariantTest.sol:SpendSaveHandler]0x3D7Ebc40AF7092E3F1C81F2e996cbA5Cae2090d7 calldata=configureDailySavings(uint256,uint256,uint256) args=[115792089237316195423570985008687907853269984665640564039457584007913129639933 [1.157e77], 20695907944107043050993691736171168081182314779634303634007257638084959 [2.069e70], 14380341462060241208224180967594568623430755168320078566969284 [1.438e61]]
		sender=0x00000000000000000000000000000000000070f9 addr=[test/invariant/BaseInvariantTest.sol:SpendSaveHandler]0x3D7Ebc40AF7092E3F1C81F2e996cbA5Cae2090d7 calldata=seedUser(uint256) args=[5000000000000000000 [5e18]]
		sender=0x4200000000000000000000000000000000000023 addr=[test/invariant/BaseInvariantTest.sol:SpendSaveHandler]0x3D7Ebc40AF7092E3F1C81F2e996cbA5Cae2090d7 calldata=advanceTime(uint256) args=[2049254918401997407484508483414705937631980959 [2.049e45]]
		sender=0x2Ae3F1Ec7F1F5012CFEab0185bfc7aa3cf0DEc22 addr=[test/invariant/BaseInvariantTest.sol:SpendSaveHandler]0x3D7Ebc40AF7092E3F1C81F2e996cbA5Cae2090d7 calldata=executeDailySavingsForToken(uint256,uint256) args=[55757573404754532768883774230217834268306639917284419877020786 [5.575e61], 163098444017808945894588285878744115353211271772564040470723458889 [1.63e65]]
		sender=0x036CbD53842c5426634e7929541eC2318f3dCF7e addr=[test/invariant/BaseInvariantTest.sol:SpendSaveHandler]0x3D7Ebc40AF7092E3F1C81F2e996cbA5Cae2090d7 calldata=withdrawDailySavings(uint256,uint256,uint256) args=[446941757875970809392148546089026 [4.469e32], 78505409681944748248525353155277029925192156887956966346729786820547564640 [7.85e73], 229244709238213703823337687929743762633384229832873021 [2.292e53]]
 invariant_withdrawal_value_conservation() (runs: 0, calls: 0, reverts: 17)

╭------------------+---------------------------------------+-------+---------+----------╮
| Contract         | Selector                              | Calls | Reverts | Discards |
+=======================================================================================+
| SpendSaveHandler | advanceTime                           | 9     | 0       | 0        |
|------------------+---------------------------------------+-------+---------+----------|
| SpendSaveHandler | attemptUnauthorizedFeeChange          | 6     | 0       | 0        |
|------------------+---------------------------------------+-------+---------+----------|
| SpendSaveHandler | attemptUnauthorizedModuleRegistration | 4     | 0       | 0        |
|------------------+---------------------------------------+-------+---------+----------|
| SpendSaveHandler | attemptUnauthorizedTreasuryChange     | 17    | 0       | 0        |
|------------------+---------------------------------------+-------+---------+----------|
| SpendSaveHandler | burnTokens                            | 10    | 0       | 0        |
|------------------+---------------------------------------+-------+---------+----------|
| SpendSaveHandler | configureDailySavings                 | 12    | 0       | 0        |
|------------------+---------------------------------------+-------+---------+----------|
| SpendSaveHandler | configureStrategy                     | 8     | 0       | 0        |
|------------------+---------------------------------------+-------+---------+----------|
| SpendSaveHandler | configureStrategyWithTracking         | 9     | 0       | 0        |
|------------------+---------------------------------------+-------+---------+----------|
| SpendSaveHandler | disableDailySavings                   | 11    | 1       | 0        |
|------------------+---------------------------------------+-------+---------+----------|
| SpendSaveHandler | enqueueDca                            | 17    | 0       | 0        |
|------------------+---------------------------------------+-------+---------+----------|
| SpendSaveHandler | executeBatchDailySavings              | 15    | 0       | 0        |
|------------------+---------------------------------------+-------+---------+----------|
| SpendSaveHandler | executeDailySavingsForToken           | 10    | 0       | 0        |
|------------------+---------------------------------------+-------+---------+----------|
| SpendSaveHandler | executeDca                            | 4     | 0       | 0        |
|------------------+---------------------------------------+-------+---------+----------|
| SpendSaveHandler | markDcaExecuted                       | 13    | 0       | 0        |
|------------------+---------------------------------------+-------+---------+----------|
| SpendSaveHandler | processSavings                        | 14    | 12      | 0        |
|------------------+---------------------------------------+-------+---------+----------|
| SpendSaveHandler | processSavingsWithMint                | 6     | 4       | 0        |
|------------------+---------------------------------------+-------+---------+----------|
| SpendSaveHandler | registerToken                         | 9     | 0       | 0        |
|------------------+---------------------------------------+-------+---------+----------|
| SpendSaveHandler | seedUser                              | 5     | 0       | 0        |
|------------------+---------------------------------------+-------+---------+----------|
| SpendSaveHandler | setDefaultSlippage                    | 8     | 0       | 0        |
|------------------+---------------------------------------+-------+---------+----------|
| SpendSaveHandler | setTokenSlippage                      | 8     | 0       | 0        |
|------------------+---------------------------------------+-------+---------+----------|
| SpendSaveHandler | setTransientContextWithTracking       | 11    | 0       | 0        |
|------------------+---------------------------------------+-------+---------+----------|
| SpendSaveHandler | setUserSlippage                       | 11    | 0       | 0        |
|------------------+---------------------------------------+-------+---------+----------|
| SpendSaveHandler | setWithdrawalTimelock                 | 11    | 0       | 0        |
|------------------+---------------------------------------+-------+---------+----------|
| SpendSaveHandler | trackModuleModification               | 9     | 0       | 0        |
|------------------+---------------------------------------+-------+---------+----------|
| SpendSaveHandler | transferToken                         | 13    | 0       | 0        |
|------------------+---------------------------------------+-------+---------+----------|
| SpendSaveHandler | updateDailyExecution                  | 13    | 0       | 0        |
|------------------+---------------------------------------+-------+---------+----------|
| SpendSaveHandler | withdraw                              | 7     | 0       | 0        |
|------------------+---------------------------------------+-------+---------+----------|
| SpendSaveHandler | withdrawDailySavings                  | 9     | 0       | 0        |
╰------------------+---------------------------------------+-------+---------+----------╯

Suite result: FAILED. 3 passed; 8 failed; 0 skipped; finished in 4272.79s (6675.26s CPU time)

Ran 3 tests for test/invariant/ReentrancyInvariants.t.sol:ReentrancyInvariants
[PASS] invariant_external_calls_maintain_consistency() (runs: 256, calls: 128000, reverts: 8575)

╭------------------+---------------------------------------+-------+---------+----------╮
| Contract         | Selector                              | Calls | Reverts | Discards |
+=======================================================================================+
| SpendSaveHandler | advanceTime                           | 4562  | 0       | 0        |
|------------------+---------------------------------------+-------+---------+----------|
| SpendSaveHandler | attemptUnauthorizedFeeChange          | 4533  | 0       | 0        |
|------------------+---------------------------------------+-------+---------+----------|
| SpendSaveHandler | attemptUnauthorizedModuleRegistration | 4552  | 0       | 0        |
|------------------+---------------------------------------+-------+---------+----------|
| SpendSaveHandler | attemptUnauthorizedTreasuryChange     | 4521  | 0       | 0        |
|------------------+---------------------------------------+-------+---------+----------|
| SpendSaveHandler | burnTokens                            | 4615  | 3       | 0        |
|------------------+---------------------------------------+-------+---------+----------|
| SpendSaveHandler | configureDailySavings                 | 4673  | 3       | 0        |
|------------------+---------------------------------------+-------+---------+----------|
| SpendSaveHandler | configureStrategy                     | 4528  | 2       | 0        |
|------------------+---------------------------------------+-------+---------+----------|
| SpendSaveHandler | configureStrategyWithTracking         | 4552  | 3       | 0        |
|------------------+---------------------------------------+-------+---------+----------|
| SpendSaveHandler | disableDailySavings                   | 4603  | 4       | 0        |
|------------------+---------------------------------------+-------+---------+----------|
| SpendSaveHandler | enqueueDca                            | 4582  | 6       | 0        |
|------------------+---------------------------------------+-------+---------+----------|
| SpendSaveHandler | executeBatchDailySavings              | 4697  | 5       | 0        |
|------------------+---------------------------------------+-------+---------+----------|
| SpendSaveHandler | executeDailySavingsForToken           | 4516  | 5       | 0        |
|------------------+---------------------------------------+-------+---------+----------|
| SpendSaveHandler | executeDca                            | 4552  | 8       | 0        |
|------------------+---------------------------------------+-------+---------+----------|
| SpendSaveHandler | markDcaExecuted                       | 4546  | 4       | 0        |
|------------------+---------------------------------------+-------+---------+----------|
| SpendSaveHandler | processSavings                        | 4549  | 4236    | 0        |
|------------------+---------------------------------------+-------+---------+----------|
| SpendSaveHandler | processSavingsWithMint                | 4604  | 4253    | 0        |
|------------------+---------------------------------------+-------+---------+----------|
| SpendSaveHandler | registerToken                         | 4680  | 0       | 0        |
|------------------+---------------------------------------+-------+---------+----------|
| SpendSaveHandler | seedUser                              | 4550  | 0       | 0        |
|------------------+---------------------------------------+-------+---------+----------|
| SpendSaveHandler | setDefaultSlippage                    | 4509  | 0       | 0        |
|------------------+---------------------------------------+-------+---------+----------|
| SpendSaveHandler | setTokenSlippage                      | 4604  | 7       | 0        |
|------------------+---------------------------------------+-------+---------+----------|
| SpendSaveHandler | setTransientContextWithTracking       | 4497  | 7       | 0        |
|------------------+---------------------------------------+-------+---------+----------|
| SpendSaveHandler | setUserSlippage                       | 4621  | 7       | 0        |
|------------------+---------------------------------------+-------+---------+----------|
| SpendSaveHandler | setWithdrawalTimelock                 | 4518  | 6       | 0        |
|------------------+---------------------------------------+-------+---------+----------|
| SpendSaveHandler | trackModuleModification               | 4444  | 0       | 0        |
|------------------+---------------------------------------+-------+---------+----------|
| SpendSaveHandler | transferToken                         | 4646  | 0       | 0        |
|------------------+---------------------------------------+-------+---------+----------|
| SpendSaveHandler | updateDailyExecution                  | 4583  | 6       | 0        |
|------------------+---------------------------------------+-------+---------+----------|
| SpendSaveHandler | withdraw                              | 4560  | 3       | 0        |
|------------------+---------------------------------------+-------+---------+----------|
| SpendSaveHandler | withdrawDailySavings                  | 4603  | 7       | 0        |
╰------------------+---------------------------------------+-------+---------+----------╯

[PASS] invariant_reentrancy_guard_always_unlocked_at_rest() (runs: 256, calls: 128000, reverts: 8575)

╭------------------+---------------------------------------+-------+---------+----------╮
| Contract         | Selector                              | Calls | Reverts | Discards |
+=======================================================================================+
| SpendSaveHandler | advanceTime                           | 4562  | 0       | 0        |
|------------------+---------------------------------------+-------+---------+----------|
| SpendSaveHandler | attemptUnauthorizedFeeChange          | 4533  | 0       | 0        |
|------------------+---------------------------------------+-------+---------+----------|
| SpendSaveHandler | attemptUnauthorizedModuleRegistration | 4552  | 0       | 0        |
|------------------+---------------------------------------+-------+---------+----------|
| SpendSaveHandler | attemptUnauthorizedTreasuryChange     | 4521  | 0       | 0        |
|------------------+---------------------------------------+-------+---------+----------|
| SpendSaveHandler | burnTokens                            | 4615  | 3       | 0        |
|------------------+---------------------------------------+-------+---------+----------|
| SpendSaveHandler | configureDailySavings                 | 4673  | 3       | 0        |
|------------------+---------------------------------------+-------+---------+----------|
| SpendSaveHandler | configureStrategy                     | 4528  | 2       | 0        |
|------------------+---------------------------------------+-------+---------+----------|
| SpendSaveHandler | configureStrategyWithTracking         | 4552  | 3       | 0        |
|------------------+---------------------------------------+-------+---------+----------|
| SpendSaveHandler | disableDailySavings                   | 4603  | 4       | 0        |
|------------------+---------------------------------------+-------+---------+----------|
| SpendSaveHandler | enqueueDca                            | 4582  | 6       | 0        |
|------------------+---------------------------------------+-------+---------+----------|
| SpendSaveHandler | executeBatchDailySavings              | 4697  | 5       | 0        |
|------------------+---------------------------------------+-------+---------+----------|
| SpendSaveHandler | executeDailySavingsForToken           | 4516  | 5       | 0        |
|------------------+---------------------------------------+-------+---------+----------|
| SpendSaveHandler | executeDca                            | 4552  | 8       | 0        |
|------------------+---------------------------------------+-------+---------+----------|
| SpendSaveHandler | markDcaExecuted                       | 4546  | 4       | 0        |
|------------------+---------------------------------------+-------+---------+----------|
| SpendSaveHandler | processSavings                        | 4549  | 4236    | 0        |
|------------------+---------------------------------------+-------+---------+----------|
| SpendSaveHandler | processSavingsWithMint                | 4604  | 4253    | 0        |
|------------------+---------------------------------------+-------+---------+----------|
| SpendSaveHandler | registerToken                         | 4680  | 0       | 0        |
|------------------+---------------------------------------+-------+---------+----------|
| SpendSaveHandler | seedUser                              | 4550  | 0       | 0        |
|------------------+---------------------------------------+-------+---------+----------|
| SpendSaveHandler | setDefaultSlippage                    | 4509  | 0       | 0        |
|------------------+---------------------------------------+-------+---------+----------|
| SpendSaveHandler | setTokenSlippage                      | 4604  | 7       | 0        |
|------------------+---------------------------------------+-------+---------+----------|
| SpendSaveHandler | setTransientContextWithTracking       | 4497  | 7       | 0        |
|------------------+---------------------------------------+-------+---------+----------|
| SpendSaveHandler | setUserSlippage                       | 4621  | 7       | 0        |
|------------------+---------------------------------------+-------+---------+----------|
| SpendSaveHandler | setWithdrawalTimelock                 | 4518  | 6       | 0        |
|------------------+---------------------------------------+-------+---------+----------|
| SpendSaveHandler | trackModuleModification               | 4444  | 0       | 0        |
|------------------+---------------------------------------+-------+---------+----------|
| SpendSaveHandler | transferToken                         | 4646  | 0       | 0        |
|------------------+---------------------------------------+-------+---------+----------|
| SpendSaveHandler | updateDailyExecution                  | 4583  | 6       | 0        |
|------------------+---------------------------------------+-------+---------+----------|
| SpendSaveHandler | withdraw                              | 4560  | 3       | 0        |
|------------------+---------------------------------------+-------+---------+----------|
| SpendSaveHandler | withdrawDailySavings                  | 4603  | 7       | 0        |
╰------------------+---------------------------------------+-------+---------+----------╯

[PASS] invariant_view_functions_no_state_changes() (runs: 256, calls: 128000, reverts: 8575)

╭------------------+---------------------------------------+-------+---------+----------╮
| Contract         | Selector                              | Calls | Reverts | Discards |
+=======================================================================================+
| SpendSaveHandler | advanceTime                           | 4562  | 0       | 0        |
|------------------+---------------------------------------+-------+---------+----------|
| SpendSaveHandler | attemptUnauthorizedFeeChange          | 4533  | 0       | 0        |
|------------------+---------------------------------------+-------+---------+----------|
| SpendSaveHandler | attemptUnauthorizedModuleRegistration | 4552  | 0       | 0        |
|------------------+---------------------------------------+-------+---------+----------|
| SpendSaveHandler | attemptUnauthorizedTreasuryChange     | 4521  | 0       | 0        |
|------------------+---------------------------------------+-------+---------+----------|
| SpendSaveHandler | burnTokens                            | 4615  | 3       | 0        |
|------------------+---------------------------------------+-------+---------+----------|
| SpendSaveHandler | configureDailySavings                 | 4673  | 3       | 0        |
|------------------+---------------------------------------+-------+---------+----------|
| SpendSaveHandler | configureStrategy                     | 4528  | 2       | 0        |
|------------------+---------------------------------------+-------+---------+----------|
| SpendSaveHandler | configureStrategyWithTracking         | 4552  | 3       | 0        |
|------------------+---------------------------------------+-------+---------+----------|
| SpendSaveHandler | disableDailySavings                   | 4603  | 4       | 0        |
|------------------+---------------------------------------+-------+---------+----------|
| SpendSaveHandler | enqueueDca                            | 4582  | 6       | 0        |
|------------------+---------------------------------------+-------+---------+----------|
| SpendSaveHandler | executeBatchDailySavings              | 4697  | 5       | 0        |
|------------------+---------------------------------------+-------+---------+----------|
| SpendSaveHandler | executeDailySavingsForToken           | 4516  | 5       | 0        |
|------------------+---------------------------------------+-------+---------+----------|
| SpendSaveHandler | executeDca                            | 4552  | 8       | 0        |
|------------------+---------------------------------------+-------+---------+----------|
| SpendSaveHandler | markDcaExecuted                       | 4546  | 4       | 0        |
|------------------+---------------------------------------+-------+---------+----------|
| SpendSaveHandler | processSavings                        | 4549  | 4236    | 0        |
|------------------+---------------------------------------+-------+---------+----------|
| SpendSaveHandler | processSavingsWithMint                | 4604  | 4253    | 0        |
|------------------+---------------------------------------+-------+---------+----------|
| SpendSaveHandler | registerToken                         | 4680  | 0       | 0        |
|------------------+---------------------------------------+-------+---------+----------|
| SpendSaveHandler | seedUser                              | 4550  | 0       | 0        |
|------------------+---------------------------------------+-------+---------+----------|
| SpendSaveHandler | setDefaultSlippage                    | 4509  | 0       | 0        |
|------------------+---------------------------------------+-------+---------+----------|
| SpendSaveHandler | setTokenSlippage                      | 4604  | 7       | 0        |
|------------------+---------------------------------------+-------+---------+----------|
| SpendSaveHandler | setTransientContextWithTracking       | 4497  | 7       | 0        |
|------------------+---------------------------------------+-------+---------+----------|
| SpendSaveHandler | setUserSlippage                       | 4621  | 7       | 0        |
|------------------+---------------------------------------+-------+---------+----------|
| SpendSaveHandler | setWithdrawalTimelock                 | 4518  | 6       | 0        |
|------------------+---------------------------------------+-------+---------+----------|
| SpendSaveHandler | trackModuleModification               | 4444  | 0       | 0        |
|------------------+---------------------------------------+-------+---------+----------|
| SpendSaveHandler | transferToken                         | 4646  | 0       | 0        |
|------------------+---------------------------------------+-------+---------+----------|
| SpendSaveHandler | updateDailyExecution                  | 4583  | 6       | 0        |
|------------------+---------------------------------------+-------+---------+----------|
| SpendSaveHandler | withdraw                              | 4560  | 3       | 0        |
|------------------+---------------------------------------+-------+---------+----------|
| SpendSaveHandler | withdrawDailySavings                  | 4603  | 7       | 0        |
╰------------------+---------------------------------------+-------+---------+----------╯

Suite result: ok. 3 passed; 0 failed; 0 skipped; finished in 929.13s (1651.29s CPU time)
